$date
	Sun Jan 04 01:01:50 2026
$end
$version
	Icarus Verilog
$end
$timescale
	1ps
$end
$scope module bench $end
$var wire 1 ! RESET $end
$var wire 1 " TXD $end
$var wire 5 # LEDS [4:0] $end
$var reg 1 $ CLK $end
$var reg 1 % RXD $end
$var reg 5 & prev_LEDS [4:0] $end
$scope module uut $end
$var wire 1 $ CLK $end
$var wire 5 ' LEDS [4:0] $end
$var wire 1 ! RESET $end
$var wire 1 % RXD $end
$var wire 1 " TXD $end
$var reg 5 ( count [4:0] $end
$upscope $end
$upscope $end
$enddefinitions $end
$comment Show the parameter values. $end
$dumpall
$end
#0
$dumpvars
b0 (
b0 '
b0 &
0%
0$
b0 #
z"
0!
$end
#1000
b1 #
b1 '
b1 (
0$
#2000
b10 #
b10 '
b10 (
b1 &
0$
#3000
b11 #
b11 '
b11 (
b10 &
0$
#4000
b100 #
b100 '
b100 (
b11 &
0$
#5000
b101 #
b101 '
b101 (
b100 &
0$
#6000
b110 #
b110 '
b110 (
b101 &
0$
#7000
b111 #
b111 '
b111 (
b110 &
0$
#8000
b1000 #
b1000 '
b1000 (
b111 &
0$
#9000
b1001 #
b1001 '
b1001 (
b1000 &
0$
#10000
b1010 #
b1010 '
b1010 (
b1001 &
0$
#11000
b1011 #
b1011 '
b1011 (
b1010 &
0$
#12000
b1100 #
b1100 '
b1100 (
b1011 &
0$
#13000
b1101 #
b1101 '
b1101 (
b1100 &
0$
#14000
b1110 #
b1110 '
b1110 (
b1101 &
0$
#15000
b1111 #
b1111 '
b1111 (
b1110 &
0$
#16000
b10000 #
b10000 '
b10000 (
b1111 &
0$
#17000
b10001 #
b10001 '
b10001 (
b10000 &
0$
#18000
b10010 #
b10010 '
b10010 (
b10001 &
0$
#19000
b10011 #
b10011 '
b10011 (
b10010 &
0$
#20000
b10100 #
b10100 '
b10100 (
b10011 &
0$
#21000
b10101 #
b10101 '
b10101 (
b10100 &
0$
#22000
b10110 #
b10110 '
b10110 (
b10101 &
0$
#23000
b10111 #
b10111 '
b10111 (
b10110 &
0$
#24000
b11000 #
b11000 '
b11000 (
b10111 &
0$
#25000
b11001 #
b11001 '
b11001 (
b11000 &
0$
#26000
b11010 #
b11010 '
b11010 (
b11001 &
0$
#27000
b11011 #
b11011 '
b11011 (
b11010 &
0$
#28000
b11100 #
b11100 '
b11100 (
b11011 &
0$
#29000
b11101 #
b11101 '
b11101 (
b11100 &
0$
#30000
b11110 #
b11110 '
b11110 (
b11101 &
0$
#31000
b11111 #
b11111 '
b11111 (
b11110 &
0$
#32000
b0 #
b0 '
b0 (
b11111 &
0$
#33000
b1 #
b1 '
b1 (
b0 &
0$
#34000
b10 #
b10 '
b10 (
b1 &
0$
#35000
b11 #
b11 '
b11 (
b10 &
0$
#36000
b100 #
b100 '
b100 (
b11 &
0$
#37000
b101 #
b101 '
b101 (
b100 &
0$
#38000
b110 #
b110 '
b110 (
b101 &
0$
#39000
b111 #
b111 '
b111 (
b110 &
0$
#40000
b1000 #
b1000 '
b1000 (
b111 &
0$
#41000
b1001 #
b1001 '
b1001 (
b1000 &
0$
#42000
b1010 #
b1010 '
b1010 (
b1001 &
0$
#43000
b1011 #
b1011 '
b1011 (
b1010 &
0$
#44000
b1100 #
b1100 '
b1100 (
b1011 &
0$
#45000
b1101 #
b1101 '
b1101 (
b1100 &
0$
#46000
b1110 #
b1110 '
b1110 (
b1101 &
0$
#47000
b1111 #
b1111 '
b1111 (
b1110 &
0$
#48000
b10000 #
b10000 '
b10000 (
b1111 &
0$
#49000
b10001 #
b10001 '
b10001 (
b10000 &
0$
#50000
b10010 #
b10010 '
b10010 (
b10001 &
0$
#51000
b10011 #
b10011 '
b10011 (
b10010 &
0$
#52000
b10100 #
b10100 '
b10100 (
b10011 &
0$
#53000
b10101 #
b10101 '
b10101 (
b10100 &
0$
#54000
b10110 #
b10110 '
b10110 (
b10101 &
0$
#55000
b10111 #
b10111 '
b10111 (
b10110 &
0$
#56000
b11000 #
b11000 '
b11000 (
b10111 &
0$
#57000
b11001 #
b11001 '
b11001 (
b11000 &
0$
#58000
b11010 #
b11010 '
b11010 (
b11001 &
0$
#59000
b11011 #
b11011 '
b11011 (
b11010 &
0$
#60000
b11100 #
b11100 '
b11100 (
b11011 &
0$
#61000
b11101 #
b11101 '
b11101 (
b11100 &
0$
#62000
b11110 #
b11110 '
b11110 (
b11101 &
0$
#63000
b11111 #
b11111 '
b11111 (
b11110 &
0$
#64000
b0 #
b0 '
b0 (
b11111 &
0$
#65000
b1 #
b1 '
b1 (
b0 &
0$
#66000
b10 #
b10 '
b10 (
b1 &
0$
#67000
b11 #
b11 '
b11 (
b10 &
0$
#68000
b100 #
b100 '
b100 (
b11 &
0$
#69000
b101 #
b101 '
b101 (
b100 &
0$
#70000
b110 #
b110 '
b110 (
b101 &
0$
#71000
b111 #
b111 '
b111 (
b110 &
0$
#72000
b1000 #
b1000 '
b1000 (
b111 &
0$
#73000
b1001 #
b1001 '
b1001 (
b1000 &
0$
#74000
b1010 #
b1010 '
b1010 (
b1001 &
0$
#75000
b1011 #
b1011 '
b1011 (
b1010 &
0$
#76000
b1100 #
b1100 '
b1100 (
b1011 &
0$
#77000
b1101 #
b1101 '
b1101 (
b1100 &
0$
#78000
b1110 #
b1110 '
b1110 (
b1101 &
0$
#79000
b1111 #
b1111 '
b1111 (
b1110 &
0$
#80000
b10000 #
b10000 '
b10000 (
b1111 &
0$
#81000
b10001 #
b10001 '
b10001 (
b10000 &
0$
#82000
b10010 #
b10010 '
b10010 (
b10001 &
0$
#83000
b10011 #
b10011 '
b10011 (
b10010 &
0$
#84000
b10100 #
b10100 '
b10100 (
b10011 &
0$
#85000
b10101 #
b10101 '
b10101 (
b10100 &
0$
#86000
b10110 #
b10110 '
b10110 (
b10101 &
0$
#87000
b10111 #
b10111 '
b10111 (
b10110 &
0$
#88000
b11000 #
b11000 '
b11000 (
b10111 &
0$
#89000
b11001 #
b11001 '
b11001 (
b11000 &
0$
#90000
b11010 #
b11010 '
b11010 (
b11001 &
0$
#91000
b11011 #
b11011 '
b11011 (
b11010 &
0$
#92000
b11100 #
b11100 '
b11100 (
b11011 &
0$
#93000
b11101 #
b11101 '
b11101 (
b11100 &
0$
#94000
b11110 #
b11110 '
b11110 (
b11101 &
0$
#95000
b11111 #
b11111 '
b11111 (
b11110 &
0$
#96000
b0 #
b0 '
b0 (
b11111 &
0$
#97000
b1 #
b1 '
b1 (
b0 &
0$
#98000
b10 #
b10 '
b10 (
b1 &
0$
#99000
b11 #
b11 '
b11 (
b10 &
0$
#100000
b100 #
b100 '
b100 (
b11 &
0$
#101000
b101 #
b101 '
b101 (
b100 &
0$
#102000
b110 #
b110 '
b110 (
b101 &
0$
#103000
b111 #
b111 '
b111 (
b110 &
0$
#104000
b1000 #
b1000 '
b1000 (
b111 &
0$
#105000
b1001 #
b1001 '
b1001 (
b1000 &
0$
#106000
b1010 #
b1010 '
b1010 (
b1001 &
0$
#107000
b1011 #
b1011 '
b1011 (
b1010 &
0$
#108000
b1100 #
b1100 '
b1100 (
b1011 &
0$
#109000
b1101 #
b1101 '
b1101 (
b1100 &
0$
#110000
b1110 #
b1110 '
b1110 (
b1101 &
0$
#111000
b1111 #
b1111 '
b1111 (
b1110 &
0$
#112000
b10000 #
b10000 '
b10000 (
b1111 &
0$
#113000
b10001 #
b10001 '
b10001 (
b10000 &
0$
#114000
b10010 #
b10010 '
b10010 (
b10001 &
0$
#115000
b10011 #
b10011 '
b10011 (
b10010 &
0$
#116000
b10100 #
b10100 '
b10100 (
b10011 &
0$
#117000
b10101 #
b10101 '
b10101 (
b10100 &
0$
#118000
b10110 #
b10110 '
b10110 (
b10101 &
0$
#119000
b10111 #
b10111 '
b10111 (
b10110 &
0$
#120000
b11000 #
b11000 '
b11000 (
b10111 &
0$
#121000
b11001 #
b11001 '
b11001 (
b11000 &
0$
#122000
b11010 #
b11010 '
b11010 (
b11001 &
0$
#123000
b11011 #
b11011 '
b11011 (
b11010 &
0$
#124000
b11100 #
b11100 '
b11100 (
b11011 &
0$
#125000
b11101 #
b11101 '
b11101 (
b11100 &
0$
#126000
b11110 #
b11110 '
b11110 (
b11101 &
0$
#127000
b11111 #
b11111 '
b11111 (
b11110 &
0$
#128000
b0 #
b0 '
b0 (
b11111 &
0$
#129000
b1 #
b1 '
b1 (
b0 &
0$
#130000
b10 #
b10 '
b10 (
b1 &
0$
#131000
b11 #
b11 '
b11 (
b10 &
0$
#132000
b100 #
b100 '
b100 (
b11 &
0$
#133000
b101 #
b101 '
b101 (
b100 &
0$
#134000
b110 #
b110 '
b110 (
b101 &
0$
#135000
b111 #
b111 '
b111 (
b110 &
0$
#136000
b1000 #
b1000 '
b1000 (
b111 &
0$
#137000
b1001 #
b1001 '
b1001 (
b1000 &
0$
#138000
b1010 #
b1010 '
b1010 (
b1001 &
0$
#139000
b1011 #
b1011 '
b1011 (
b1010 &
0$
#140000
b1100 #
b1100 '
b1100 (
b1011 &
0$
#141000
b1101 #
b1101 '
b1101 (
b1100 &
0$
#142000
b1110 #
b1110 '
b1110 (
b1101 &
0$
#143000
b1111 #
b1111 '
b1111 (
b1110 &
0$
#144000
b10000 #
b10000 '
b10000 (
b1111 &
0$
#145000
b10001 #
b10001 '
b10001 (
b10000 &
0$
#146000
b10010 #
b10010 '
b10010 (
b10001 &
0$
#147000
b10011 #
b10011 '
b10011 (
b10010 &
0$
#148000
b10100 #
b10100 '
b10100 (
b10011 &
0$
#149000
b10101 #
b10101 '
b10101 (
b10100 &
0$
#150000
b10110 #
b10110 '
b10110 (
b10101 &
0$
#151000
b10111 #
b10111 '
b10111 (
b10110 &
0$
#152000
b11000 #
b11000 '
b11000 (
b10111 &
0$
#153000
b11001 #
b11001 '
b11001 (
b11000 &
0$
#154000
b11010 #
b11010 '
b11010 (
b11001 &
0$
#155000
b11011 #
b11011 '
b11011 (
b11010 &
0$
#156000
b11100 #
b11100 '
b11100 (
b11011 &
0$
#157000
b11101 #
b11101 '
b11101 (
b11100 &
0$
#158000
b11110 #
b11110 '
b11110 (
b11101 &
0$
#159000
b11111 #
b11111 '
b11111 (
b11110 &
0$
#160000
b0 #
b0 '
b0 (
b11111 &
0$
#161000
b1 #
b1 '
b1 (
b0 &
0$
#162000
b10 #
b10 '
b10 (
b1 &
0$
#163000
b11 #
b11 '
b11 (
b10 &
0$
#164000
b100 #
b100 '
b100 (
b11 &
0$
#165000
b101 #
b101 '
b101 (
b100 &
0$
#166000
b110 #
b110 '
b110 (
b101 &
0$
#167000
b111 #
b111 '
b111 (
b110 &
0$
#168000
b1000 #
b1000 '
b1000 (
b111 &
0$
#169000
b1001 #
b1001 '
b1001 (
b1000 &
0$
#170000
b1010 #
b1010 '
b1010 (
b1001 &
0$
#171000
b1011 #
b1011 '
b1011 (
b1010 &
0$
#172000
b1100 #
b1100 '
b1100 (
b1011 &
0$
#173000
b1101 #
b1101 '
b1101 (
b1100 &
0$
#174000
b1110 #
b1110 '
b1110 (
b1101 &
0$
#175000
b1111 #
b1111 '
b1111 (
b1110 &
0$
#176000
b10000 #
b10000 '
b10000 (
b1111 &
0$
#177000
b10001 #
b10001 '
b10001 (
b10000 &
0$
#178000
b10010 #
b10010 '
b10010 (
b10001 &
0$
#179000
b10011 #
b10011 '
b10011 (
b10010 &
0$
#180000
b10100 #
b10100 '
b10100 (
b10011 &
0$
#181000
b10101 #
b10101 '
b10101 (
b10100 &
0$
#182000
b10110 #
b10110 '
b10110 (
b10101 &
0$
#183000
b10111 #
b10111 '
b10111 (
b10110 &
0$
#184000
b11000 #
b11000 '
b11000 (
b10111 &
0$
#185000
b11001 #
b11001 '
b11001 (
b11000 &
0$
#186000
b11010 #
b11010 '
b11010 (
b11001 &
0$
#187000
b11011 #
b11011 '
b11011 (
b11010 &
0$
#188000
b11100 #
b11100 '
b11100 (
b11011 &
0$
#189000
b11101 #
b11101 '
b11101 (
b11100 &
0$
#190000
b11110 #
b11110 '
b11110 (
b11101 &
0$
#191000
b11111 #
b11111 '
b11111 (
b11110 &
0$
#192000
b0 #
b0 '
b0 (
b11111 &
0$
#193000
b1 #
b1 '
b1 (
b0 &
0$
#194000
b10 #
b10 '
b10 (
b1 &
0$
#195000
b11 #
b11 '
b11 (
b10 &
0$
#196000
b100 #
b100 '
b100 (
b11 &
0$
#197000
b101 #
b101 '
b101 (
b100 &
0$
#198000
b110 #
b110 '
b110 (
b101 &
0$
#199000
b111 #
b111 '
b111 (
b110 &
0$
#200000
b1000 #
b1000 '
b1000 (
b111 &
0$
#201000
b1001 #
b1001 '
b1001 (
b1000 &
0$
#202000
b1010 #
b1010 '
b1010 (
b1001 &
0$
#203000
b1011 #
b1011 '
b1011 (
b1010 &
0$
#204000
b1100 #
b1100 '
b1100 (
b1011 &
0$
#205000
b1101 #
b1101 '
b1101 (
b1100 &
0$
#206000
b1110 #
b1110 '
b1110 (
b1101 &
0$
#207000
b1111 #
b1111 '
b1111 (
b1110 &
0$
#208000
b10000 #
b10000 '
b10000 (
b1111 &
0$
#209000
b10001 #
b10001 '
b10001 (
b10000 &
0$
#210000
b10010 #
b10010 '
b10010 (
b10001 &
0$
#211000
b10011 #
b10011 '
b10011 (
b10010 &
0$
#212000
b10100 #
b10100 '
b10100 (
b10011 &
0$
#213000
b10101 #
b10101 '
b10101 (
b10100 &
0$
#214000
b10110 #
b10110 '
b10110 (
b10101 &
0$
#215000
b10111 #
b10111 '
b10111 (
b10110 &
0$
#216000
b11000 #
b11000 '
b11000 (
b10111 &
0$
#217000
b11001 #
b11001 '
b11001 (
b11000 &
0$
#218000
b11010 #
b11010 '
b11010 (
b11001 &
0$
#219000
b11011 #
b11011 '
b11011 (
b11010 &
0$
#220000
b11100 #
b11100 '
b11100 (
b11011 &
0$
#221000
b11101 #
b11101 '
b11101 (
b11100 &
0$
#222000
b11110 #
b11110 '
b11110 (
b11101 &
0$
#223000
b11111 #
b11111 '
b11111 (
b11110 &
0$
#224000
b0 #
b0 '
b0 (
b11111 &
0$
#225000
b1 #
b1 '
b1 (
b0 &
0$
#226000
b10 #
b10 '
b10 (
b1 &
0$
#227000
b11 #
b11 '
b11 (
b10 &
0$
#228000
b100 #
b100 '
b100 (
b11 &
0$
#229000
b101 #
b101 '
b101 (
b100 &
0$
#230000
b110 #
b110 '
b110 (
b101 &
0$
#231000
b111 #
b111 '
b111 (
b110 &
0$
#232000
b1000 #
b1000 '
b1000 (
b111 &
0$
#233000
b1001 #
b1001 '
b1001 (
b1000 &
0$
#234000
b1010 #
b1010 '
b1010 (
b1001 &
0$
#235000
b1011 #
b1011 '
b1011 (
b1010 &
0$
#236000
b1100 #
b1100 '
b1100 (
b1011 &
0$
#237000
b1101 #
b1101 '
b1101 (
b1100 &
0$
#238000
b1110 #
b1110 '
b1110 (
b1101 &
0$
#239000
b1111 #
b1111 '
b1111 (
b1110 &
0$
#240000
b10000 #
b10000 '
b10000 (
b1111 &
0$
#241000
b10001 #
b10001 '
b10001 (
b10000 &
0$
#242000
b10010 #
b10010 '
b10010 (
b10001 &
0$
#243000
b10011 #
b10011 '
b10011 (
b10010 &
0$
#244000
b10100 #
b10100 '
b10100 (
b10011 &
0$
#245000
b10101 #
b10101 '
b10101 (
b10100 &
0$
#246000
b10110 #
b10110 '
b10110 (
b10101 &
0$
#247000
b10111 #
b10111 '
b10111 (
b10110 &
0$
#248000
b11000 #
b11000 '
b11000 (
b10111 &
0$
#249000
b11001 #
b11001 '
b11001 (
b11000 &
0$
#250000
b11010 #
b11010 '
b11010 (
b11001 &
0$
#251000
b11011 #
b11011 '
b11011 (
b11010 &
0$
#252000
b11100 #
b11100 '
b11100 (
b11011 &
0$
#253000
b11101 #
b11101 '
b11101 (
b11100 &
0$
#254000
b11110 #
b11110 '
b11110 (
b11101 &
0$
#255000
b11111 #
b11111 '
b11111 (
b11110 &
0$
#256000
b0 #
b0 '
b0 (
b11111 &
0$
#257000
b1 #
b1 '
b1 (
b0 &
0$
#258000
b10 #
b10 '
b10 (
b1 &
0$
#259000
b11 #
b11 '
b11 (
b10 &
0$
#260000
b100 #
b100 '
b100 (
b11 &
0$
#261000
b101 #
b101 '
b101 (
b100 &
0$
#262000
b110 #
b110 '
b110 (
b101 &
0$
#263000
b111 #
b111 '
b111 (
b110 &
0$
#264000
b1000 #
b1000 '
b1000 (
b111 &
0$
#265000
b1001 #
b1001 '
b1001 (
b1000 &
0$
#266000
b1010 #
b1010 '
b1010 (
b1001 &
0$
#267000
b1011 #
b1011 '
b1011 (
b1010 &
0$
#268000
b1100 #
b1100 '
b1100 (
b1011 &
0$
#269000
b1101 #
b1101 '
b1101 (
b1100 &
0$
#270000
b1110 #
b1110 '
b1110 (
b1101 &
0$
#271000
b1111 #
b1111 '
b1111 (
b1110 &
0$
#272000
b10000 #
b10000 '
b10000 (
b1111 &
0$
#273000
b10001 #
b10001 '
b10001 (
b10000 &
0$
#274000
b10010 #
b10010 '
b10010 (
b10001 &
0$
#275000
b10011 #
b10011 '
b10011 (
b10010 &
0$
#276000
b10100 #
b10100 '
b10100 (
b10011 &
0$
#277000
b10101 #
b10101 '
b10101 (
b10100 &
0$
#278000
b10110 #
b10110 '
b10110 (
b10101 &
0$
#279000
b10111 #
b10111 '
b10111 (
b10110 &
0$
#280000
b11000 #
b11000 '
b11000 (
b10111 &
0$
#281000
b11001 #
b11001 '
b11001 (
b11000 &
0$
#282000
b11010 #
b11010 '
b11010 (
b11001 &
0$
#283000
b11011 #
b11011 '
b11011 (
b11010 &
0$
#284000
b11100 #
b11100 '
b11100 (
b11011 &
0$
#285000
b11101 #
b11101 '
b11101 (
b11100 &
0$
#286000
b11110 #
b11110 '
b11110 (
b11101 &
0$
#287000
b11111 #
b11111 '
b11111 (
b11110 &
0$
#288000
b0 #
b0 '
b0 (
b11111 &
0$
#289000
b1 #
b1 '
b1 (
b0 &
0$
#290000
b10 #
b10 '
b10 (
b1 &
0$
#291000
b11 #
b11 '
b11 (
b10 &
0$
#292000
b100 #
b100 '
b100 (
b11 &
0$
#293000
b101 #
b101 '
b101 (
b100 &
0$
#294000
b110 #
b110 '
b110 (
b101 &
0$
#295000
b111 #
b111 '
b111 (
b110 &
0$
#296000
b1000 #
b1000 '
b1000 (
b111 &
0$
#297000
b1001 #
b1001 '
b1001 (
b1000 &
0$
#298000
b1010 #
b1010 '
b1010 (
b1001 &
0$
#299000
b1011 #
b1011 '
b1011 (
b1010 &
0$
#300000
b1100 #
b1100 '
b1100 (
b1011 &
0$
#301000
b1101 #
b1101 '
b1101 (
b1100 &
0$
#302000
b1110 #
b1110 '
b1110 (
b1101 &
0$
#303000
b1111 #
b1111 '
b1111 (
b1110 &
0$
#304000
b10000 #
b10000 '
b10000 (
b1111 &
0$
#305000
b10001 #
b10001 '
b10001 (
b10000 &
0$
#306000
b10010 #
b10010 '
b10010 (
b10001 &
0$
#307000
b10011 #
b10011 '
b10011 (
b10010 &
0$
#308000
b10100 #
b10100 '
b10100 (
b10011 &
0$
#309000
b10101 #
b10101 '
b10101 (
b10100 &
0$
#310000
b10110 #
b10110 '
b10110 (
b10101 &
0$
#311000
b10111 #
b10111 '
b10111 (
b10110 &
0$
#312000
b11000 #
b11000 '
b11000 (
b10111 &
0$
#313000
b11001 #
b11001 '
b11001 (
b11000 &
0$
#314000
b11010 #
b11010 '
b11010 (
b11001 &
0$
#315000
b11011 #
b11011 '
b11011 (
b11010 &
0$
#316000
b11100 #
b11100 '
b11100 (
b11011 &
0$
#317000
b11101 #
b11101 '
b11101 (
b11100 &
0$
#318000
b11110 #
b11110 '
b11110 (
b11101 &
0$
#319000
b11111 #
b11111 '
b11111 (
b11110 &
0$
#320000
b0 #
b0 '
b0 (
b11111 &
0$
#321000
b1 #
b1 '
b1 (
b0 &
0$
#322000
b10 #
b10 '
b10 (
b1 &
0$
#323000
b11 #
b11 '
b11 (
b10 &
0$
#324000
b100 #
b100 '
b100 (
b11 &
0$
#325000
b101 #
b101 '
b101 (
b100 &
0$
#326000
b110 #
b110 '
b110 (
b101 &
0$
#327000
b111 #
b111 '
b111 (
b110 &
0$
#328000
b1000 #
b1000 '
b1000 (
b111 &
0$
#329000
b1001 #
b1001 '
b1001 (
b1000 &
0$
#330000
b1010 #
b1010 '
b1010 (
b1001 &
0$
#331000
b1011 #
b1011 '
b1011 (
b1010 &
0$
#332000
b1100 #
b1100 '
b1100 (
b1011 &
0$
#333000
b1101 #
b1101 '
b1101 (
b1100 &
0$
#334000
b1110 #
b1110 '
b1110 (
b1101 &
0$
#335000
b1111 #
b1111 '
b1111 (
b1110 &
0$
#336000
b10000 #
b10000 '
b10000 (
b1111 &
0$
#337000
b10001 #
b10001 '
b10001 (
b10000 &
0$
#338000
b10010 #
b10010 '
b10010 (
b10001 &
0$
#339000
b10011 #
b10011 '
b10011 (
b10010 &
0$
#340000
b10100 #
b10100 '
b10100 (
b10011 &
0$
#341000
b10101 #
b10101 '
b10101 (
b10100 &
0$
#342000
b10110 #
b10110 '
b10110 (
b10101 &
0$
#343000
b10111 #
b10111 '
b10111 (
b10110 &
0$
#344000
b11000 #
b11000 '
b11000 (
b10111 &
0$
#345000
b11001 #
b11001 '
b11001 (
b11000 &
0$
#346000
b11010 #
b11010 '
b11010 (
b11001 &
0$
#347000
b11011 #
b11011 '
b11011 (
b11010 &
0$
#348000
b11100 #
b11100 '
b11100 (
b11011 &
0$
#349000
b11101 #
b11101 '
b11101 (
b11100 &
0$
#350000
b11110 #
b11110 '
b11110 (
b11101 &
0$
#351000
b11111 #
b11111 '
b11111 (
b11110 &
0$
#352000
b0 #
b0 '
b0 (
b11111 &
0$
#353000
b1 #
b1 '
b1 (
b0 &
0$
#354000
b10 #
b10 '
b10 (
b1 &
0$
#355000
b11 #
b11 '
b11 (
b10 &
0$
#356000
b100 #
b100 '
b100 (
b11 &
0$
#357000
b101 #
b101 '
b101 (
b100 &
0$
#358000
b110 #
b110 '
b110 (
b101 &
0$
#359000
b111 #
b111 '
b111 (
b110 &
0$
#360000
b1000 #
b1000 '
b1000 (
b111 &
0$
#361000
b1001 #
b1001 '
b1001 (
b1000 &
0$
#362000
b1010 #
b1010 '
b1010 (
b1001 &
0$
#363000
b1011 #
b1011 '
b1011 (
b1010 &
0$
#364000
b1100 #
b1100 '
b1100 (
b1011 &
0$
#365000
b1101 #
b1101 '
b1101 (
b1100 &
0$
#366000
b1110 #
b1110 '
b1110 (
b1101 &
0$
#367000
b1111 #
b1111 '
b1111 (
b1110 &
0$
#368000
b10000 #
b10000 '
b10000 (
b1111 &
0$
#369000
b10001 #
b10001 '
b10001 (
b10000 &
0$
#370000
b10010 #
b10010 '
b10010 (
b10001 &
0$
#371000
b10011 #
b10011 '
b10011 (
b10010 &
0$
#372000
b10100 #
b10100 '
b10100 (
b10011 &
0$
#373000
b10101 #
b10101 '
b10101 (
b10100 &
0$
#374000
b10110 #
b10110 '
b10110 (
b10101 &
0$
#375000
b10111 #
b10111 '
b10111 (
b10110 &
0$
#376000
b11000 #
b11000 '
b11000 (
b10111 &
0$
#377000
b11001 #
b11001 '
b11001 (
b11000 &
0$
#378000
b11010 #
b11010 '
b11010 (
b11001 &
0$
#379000
b11011 #
b11011 '
b11011 (
b11010 &
0$
#380000
b11100 #
b11100 '
b11100 (
b11011 &
0$
#381000
b11101 #
b11101 '
b11101 (
b11100 &
0$
#382000
b11110 #
b11110 '
b11110 (
b11101 &
0$
#383000
b11111 #
b11111 '
b11111 (
b11110 &
0$
#384000
b0 #
b0 '
b0 (
b11111 &
0$
#385000
b1 #
b1 '
b1 (
b0 &
0$
#386000
b10 #
b10 '
b10 (
b1 &
0$
#387000
b11 #
b11 '
b11 (
b10 &
0$
#388000
b100 #
b100 '
b100 (
b11 &
0$
#389000
b101 #
b101 '
b101 (
b100 &
0$
#390000
b110 #
b110 '
b110 (
b101 &
0$
#391000
b111 #
b111 '
b111 (
b110 &
0$
#392000
b1000 #
b1000 '
b1000 (
b111 &
0$
#393000
b1001 #
b1001 '
b1001 (
b1000 &
0$
#394000
b1010 #
b1010 '
b1010 (
b1001 &
0$
#395000
b1011 #
b1011 '
b1011 (
b1010 &
0$
#396000
b1100 #
b1100 '
b1100 (
b1011 &
0$
#397000
b1101 #
b1101 '
b1101 (
b1100 &
0$
#398000
b1110 #
b1110 '
b1110 (
b1101 &
0$
#399000
b1111 #
b1111 '
b1111 (
b1110 &
0$
#400000
b10000 #
b10000 '
b10000 (
b1111 &
0$
#401000
b10001 #
b10001 '
b10001 (
b10000 &
0$
#402000
b10010 #
b10010 '
b10010 (
b10001 &
0$
#403000
b10011 #
b10011 '
b10011 (
b10010 &
0$
#404000
b10100 #
b10100 '
b10100 (
b10011 &
0$
#405000
b10101 #
b10101 '
b10101 (
b10100 &
0$
#406000
b10110 #
b10110 '
b10110 (
b10101 &
0$
#407000
b10111 #
b10111 '
b10111 (
b10110 &
0$
#408000
b11000 #
b11000 '
b11000 (
b10111 &
0$
#409000
b11001 #
b11001 '
b11001 (
b11000 &
0$
#410000
b11010 #
b11010 '
b11010 (
b11001 &
0$
#411000
b11011 #
b11011 '
b11011 (
b11010 &
0$
#412000
b11100 #
b11100 '
b11100 (
b11011 &
0$
#413000
b11101 #
b11101 '
b11101 (
b11100 &
0$
#414000
b11110 #
b11110 '
b11110 (
b11101 &
0$
#415000
b11111 #
b11111 '
b11111 (
b11110 &
0$
#416000
b0 #
b0 '
b0 (
b11111 &
0$
#417000
b1 #
b1 '
b1 (
b0 &
0$
#418000
b10 #
b10 '
b10 (
b1 &
0$
#419000
b11 #
b11 '
b11 (
b10 &
0$
#420000
b100 #
b100 '
b100 (
b11 &
0$
#421000
b101 #
b101 '
b101 (
b100 &
0$
#422000
b110 #
b110 '
b110 (
b101 &
0$
#423000
b111 #
b111 '
b111 (
b110 &
0$
#424000
b1000 #
b1000 '
b1000 (
b111 &
0$
#425000
b1001 #
b1001 '
b1001 (
b1000 &
0$
#426000
b1010 #
b1010 '
b1010 (
b1001 &
0$
#427000
b1011 #
b1011 '
b1011 (
b1010 &
0$
#428000
b1100 #
b1100 '
b1100 (
b1011 &
0$
#429000
b1101 #
b1101 '
b1101 (
b1100 &
0$
#430000
b1110 #
b1110 '
b1110 (
b1101 &
0$
#431000
b1111 #
b1111 '
b1111 (
b1110 &
0$
#432000
b10000 #
b10000 '
b10000 (
b1111 &
0$
#433000
b10001 #
b10001 '
b10001 (
b10000 &
0$
#434000
b10010 #
b10010 '
b10010 (
b10001 &
0$
#435000
b10011 #
b10011 '
b10011 (
b10010 &
0$
#436000
b10100 #
b10100 '
b10100 (
b10011 &
0$
#437000
b10101 #
b10101 '
b10101 (
b10100 &
0$
#438000
b10110 #
b10110 '
b10110 (
b10101 &
0$
#439000
b10111 #
b10111 '
b10111 (
b10110 &
0$
#440000
b11000 #
b11000 '
b11000 (
b10111 &
0$
#441000
b11001 #
b11001 '
b11001 (
b11000 &
0$
#442000
b11010 #
b11010 '
b11010 (
b11001 &
0$
#443000
b11011 #
b11011 '
b11011 (
b11010 &
0$
#444000
b11100 #
b11100 '
b11100 (
b11011 &
0$
#445000
b11101 #
b11101 '
b11101 (
b11100 &
0$
#446000
b11110 #
b11110 '
b11110 (
b11101 &
0$
#447000
b11111 #
b11111 '
b11111 (
b11110 &
0$
#448000
b0 #
b0 '
b0 (
b11111 &
0$
#449000
b1 #
b1 '
b1 (
b0 &
0$
#450000
b10 #
b10 '
b10 (
b1 &
0$
#451000
b11 #
b11 '
b11 (
b10 &
0$
#452000
b100 #
b100 '
b100 (
b11 &
0$
#453000
b101 #
b101 '
b101 (
b100 &
0$
#454000
b110 #
b110 '
b110 (
b101 &
0$
#455000
b111 #
b111 '
b111 (
b110 &
0$
#456000
b1000 #
b1000 '
b1000 (
b111 &
0$
#457000
b1001 #
b1001 '
b1001 (
b1000 &
0$
#458000
b1010 #
b1010 '
b1010 (
b1001 &
0$
#459000
b1011 #
b1011 '
b1011 (
b1010 &
0$
#460000
b1100 #
b1100 '
b1100 (
b1011 &
0$
#461000
b1101 #
b1101 '
b1101 (
b1100 &
0$
#462000
b1110 #
b1110 '
b1110 (
b1101 &
0$
#463000
b1111 #
b1111 '
b1111 (
b1110 &
0$
#464000
b10000 #
b10000 '
b10000 (
b1111 &
0$
#465000
b10001 #
b10001 '
b10001 (
b10000 &
0$
#466000
b10010 #
b10010 '
b10010 (
b10001 &
0$
#467000
b10011 #
b10011 '
b10011 (
b10010 &
0$
#468000
b10100 #
b10100 '
b10100 (
b10011 &
0$
#469000
b10101 #
b10101 '
b10101 (
b10100 &
0$
#470000
b10110 #
b10110 '
b10110 (
b10101 &
0$
#471000
b10111 #
b10111 '
b10111 (
b10110 &
0$
#472000
b11000 #
b11000 '
b11000 (
b10111 &
0$
#473000
b11001 #
b11001 '
b11001 (
b11000 &
0$
#474000
b11010 #
b11010 '
b11010 (
b11001 &
0$
#475000
b11011 #
b11011 '
b11011 (
b11010 &
0$
#476000
b11100 #
b11100 '
b11100 (
b11011 &
0$
#477000
b11101 #
b11101 '
b11101 (
b11100 &
0$
#478000
b11110 #
b11110 '
b11110 (
b11101 &
0$
#479000
b11111 #
b11111 '
b11111 (
b11110 &
0$
#480000
b0 #
b0 '
b0 (
b11111 &
0$
#481000
b1 #
b1 '
b1 (
b0 &
0$
#482000
b10 #
b10 '
b10 (
b1 &
0$
#483000
b11 #
b11 '
b11 (
b10 &
0$
#484000
b100 #
b100 '
b100 (
b11 &
0$
#485000
b101 #
b101 '
b101 (
b100 &
0$
#486000
b110 #
b110 '
b110 (
b101 &
0$
#487000
b111 #
b111 '
b111 (
b110 &
0$
#488000
b1000 #
b1000 '
b1000 (
b111 &
0$
#489000
b1001 #
b1001 '
b1001 (
b1000 &
0$
#490000
b1010 #
b1010 '
b1010 (
b1001 &
0$
#491000
b1011 #
b1011 '
b1011 (
b1010 &
0$
#492000
b1100 #
b1100 '
b1100 (
b1011 &
0$
#493000
b1101 #
b1101 '
b1101 (
b1100 &
0$
#494000
b1110 #
b1110 '
b1110 (
b1101 &
0$
#495000
b1111 #
b1111 '
b1111 (
b1110 &
0$
#496000
b10000 #
b10000 '
b10000 (
b1111 &
0$
#497000
b10001 #
b10001 '
b10001 (
b10000 &
0$
#498000
b10010 #
b10010 '
b10010 (
b10001 &
0$
#499000
b10011 #
b10011 '
b10011 (
b10010 &
0$
#500000
b10100 #
b10100 '
b10100 (
b10011 &
0$
#501000
b10101 #
b10101 '
b10101 (
b10100 &
0$
#502000
b10110 #
b10110 '
b10110 (
b10101 &
0$
#503000
b10111 #
b10111 '
b10111 (
b10110 &
0$
#504000
b11000 #
b11000 '
b11000 (
b10111 &
0$
#505000
b11001 #
b11001 '
b11001 (
b11000 &
0$
#506000
b11010 #
b11010 '
b11010 (
b11001 &
0$
#507000
b11011 #
b11011 '
b11011 (
b11010 &
0$
#508000
b11100 #
b11100 '
b11100 (
b11011 &
0$
#509000
b11101 #
b11101 '
b11101 (
b11100 &
0$
#510000
b11110 #
b11110 '
b11110 (
b11101 &
0$
#511000
b11111 #
b11111 '
b11111 (
b11110 &
0$
#512000
b0 #
b0 '
b0 (
b11111 &
0$
#513000
b1 #
b1 '
b1 (
b0 &
0$
#514000
b10 #
b10 '
b10 (
b1 &
0$
#515000
b11 #
b11 '
b11 (
b10 &
0$
#516000
b100 #
b100 '
b100 (
b11 &
0$
#517000
b101 #
b101 '
b101 (
b100 &
0$
#518000
b110 #
b110 '
b110 (
b101 &
0$
#519000
b111 #
b111 '
b111 (
b110 &
0$
#520000
b1000 #
b1000 '
b1000 (
b111 &
0$
#521000
b1001 #
b1001 '
b1001 (
b1000 &
0$
#522000
b1010 #
b1010 '
b1010 (
b1001 &
0$
#523000
b1011 #
b1011 '
b1011 (
b1010 &
0$
#524000
b1100 #
b1100 '
b1100 (
b1011 &
0$
#525000
b1101 #
b1101 '
b1101 (
b1100 &
0$
#526000
b1110 #
b1110 '
b1110 (
b1101 &
0$
#527000
b1111 #
b1111 '
b1111 (
b1110 &
0$
#528000
b10000 #
b10000 '
b10000 (
b1111 &
0$
#529000
b10001 #
b10001 '
b10001 (
b10000 &
0$
#530000
b10010 #
b10010 '
b10010 (
b10001 &
0$
#531000
b10011 #
b10011 '
b10011 (
b10010 &
0$
#532000
b10100 #
b10100 '
b10100 (
b10011 &
0$
#533000
b10101 #
b10101 '
b10101 (
b10100 &
0$
#534000
b10110 #
b10110 '
b10110 (
b10101 &
0$
#535000
b10111 #
b10111 '
b10111 (
b10110 &
0$
#536000
b11000 #
b11000 '
b11000 (
b10111 &
0$
#537000
b11001 #
b11001 '
b11001 (
b11000 &
0$
#538000
b11010 #
b11010 '
b11010 (
b11001 &
0$
#539000
b11011 #
b11011 '
b11011 (
b11010 &
0$
#540000
b11100 #
b11100 '
b11100 (
b11011 &
0$
#541000
b11101 #
b11101 '
b11101 (
b11100 &
0$
#542000
b11110 #
b11110 '
b11110 (
b11101 &
0$
#543000
b11111 #
b11111 '
b11111 (
b11110 &
0$
#544000
b0 #
b0 '
b0 (
b11111 &
0$
#545000
b1 #
b1 '
b1 (
b0 &
0$
#546000
b10 #
b10 '
b10 (
b1 &
0$
#547000
b11 #
b11 '
b11 (
b10 &
0$
#548000
b100 #
b100 '
b100 (
b11 &
0$
#549000
b101 #
b101 '
b101 (
b100 &
0$
#550000
b110 #
b110 '
b110 (
b101 &
0$
#551000
b111 #
b111 '
b111 (
b110 &
0$
#552000
b1000 #
b1000 '
b1000 (
b111 &
0$
#553000
b1001 #
b1001 '
b1001 (
b1000 &
0$
#554000
b1010 #
b1010 '
b1010 (
b1001 &
0$
#555000
b1011 #
b1011 '
b1011 (
b1010 &
0$
#556000
b1100 #
b1100 '
b1100 (
b1011 &
0$
#557000
b1101 #
b1101 '
b1101 (
b1100 &
0$
#558000
b1110 #
b1110 '
b1110 (
b1101 &
0$
#559000
b1111 #
b1111 '
b1111 (
b1110 &
0$
#560000
b10000 #
b10000 '
b10000 (
b1111 &
0$
#561000
b10001 #
b10001 '
b10001 (
b10000 &
0$
#562000
b10010 #
b10010 '
b10010 (
b10001 &
0$
#563000
b10011 #
b10011 '
b10011 (
b10010 &
0$
#564000
b10100 #
b10100 '
b10100 (
b10011 &
0$
#565000
b10101 #
b10101 '
b10101 (
b10100 &
0$
#566000
b10110 #
b10110 '
b10110 (
b10101 &
0$
#567000
b10111 #
b10111 '
b10111 (
b10110 &
0$
#568000
b11000 #
b11000 '
b11000 (
b10111 &
0$
#569000
b11001 #
b11001 '
b11001 (
b11000 &
0$
#570000
b11010 #
b11010 '
b11010 (
b11001 &
0$
#571000
b11011 #
b11011 '
b11011 (
b11010 &
0$
#572000
b11100 #
b11100 '
b11100 (
b11011 &
0$
#573000
b11101 #
b11101 '
b11101 (
b11100 &
0$
#574000
b11110 #
b11110 '
b11110 (
b11101 &
0$
#575000
b11111 #
b11111 '
b11111 (
b11110 &
0$
#576000
b0 #
b0 '
b0 (
b11111 &
0$
#577000
b1 #
b1 '
b1 (
b0 &
0$
#578000
b10 #
b10 '
b10 (
b1 &
0$
#579000
b11 #
b11 '
b11 (
b10 &
0$
#580000
b100 #
b100 '
b100 (
b11 &
0$
#581000
b101 #
b101 '
b101 (
b100 &
0$
#582000
b110 #
b110 '
b110 (
b101 &
0$
#583000
b111 #
b111 '
b111 (
b110 &
0$
#584000
b1000 #
b1000 '
b1000 (
b111 &
0$
#585000
b1001 #
b1001 '
b1001 (
b1000 &
0$
#586000
b1010 #
b1010 '
b1010 (
b1001 &
0$
#587000
b1011 #
b1011 '
b1011 (
b1010 &
0$
#588000
b1100 #
b1100 '
b1100 (
b1011 &
0$
#589000
b1101 #
b1101 '
b1101 (
b1100 &
0$
#590000
b1110 #
b1110 '
b1110 (
b1101 &
0$
#591000
b1111 #
b1111 '
b1111 (
b1110 &
0$
#592000
b10000 #
b10000 '
b10000 (
b1111 &
0$
#593000
b10001 #
b10001 '
b10001 (
b10000 &
0$
#594000
b10010 #
b10010 '
b10010 (
b10001 &
0$
#595000
b10011 #
b10011 '
b10011 (
b10010 &
0$
#596000
b10100 #
b10100 '
b10100 (
b10011 &
0$
#597000
b10101 #
b10101 '
b10101 (
b10100 &
0$
#598000
b10110 #
b10110 '
b10110 (
b10101 &
0$
#599000
b10111 #
b10111 '
b10111 (
b10110 &
0$
#600000
b11000 #
b11000 '
b11000 (
b10111 &
0$
#601000
b11001 #
b11001 '
b11001 (
b11000 &
0$
#602000
b11010 #
b11010 '
b11010 (
b11001 &
0$
#603000
b11011 #
b11011 '
b11011 (
b11010 &
0$
#604000
b11100 #
b11100 '
b11100 (
b11011 &
0$
#605000
b11101 #
b11101 '
b11101 (
b11100 &
0$
#606000
b11110 #
b11110 '
b11110 (
b11101 &
0$
#607000
b11111 #
b11111 '
b11111 (
b11110 &
0$
#608000
b0 #
b0 '
b0 (
b11111 &
0$
#609000
b1 #
b1 '
b1 (
b0 &
0$
#610000
b10 #
b10 '
b10 (
b1 &
0$
#611000
b11 #
b11 '
b11 (
b10 &
0$
#612000
b100 #
b100 '
b100 (
b11 &
0$
#613000
b101 #
b101 '
b101 (
b100 &
0$
#614000
b110 #
b110 '
b110 (
b101 &
0$
#615000
b111 #
b111 '
b111 (
b110 &
0$
#616000
b1000 #
b1000 '
b1000 (
b111 &
0$
#617000
b1001 #
b1001 '
b1001 (
b1000 &
0$
#618000
b1010 #
b1010 '
b1010 (
b1001 &
0$
#619000
b1011 #
b1011 '
b1011 (
b1010 &
0$
#620000
b1100 #
b1100 '
b1100 (
b1011 &
0$
#621000
b1101 #
b1101 '
b1101 (
b1100 &
0$
#622000
b1110 #
b1110 '
b1110 (
b1101 &
0$
#623000
b1111 #
b1111 '
b1111 (
b1110 &
0$
#624000
b10000 #
b10000 '
b10000 (
b1111 &
0$
#625000
b10001 #
b10001 '
b10001 (
b10000 &
0$
#626000
b10010 #
b10010 '
b10010 (
b10001 &
0$
#627000
b10011 #
b10011 '
b10011 (
b10010 &
0$
#628000
b10100 #
b10100 '
b10100 (
b10011 &
0$
#629000
b10101 #
b10101 '
b10101 (
b10100 &
0$
#630000
b10110 #
b10110 '
b10110 (
b10101 &
0$
#631000
b10111 #
b10111 '
b10111 (
b10110 &
0$
#632000
b11000 #
b11000 '
b11000 (
b10111 &
0$
#633000
b11001 #
b11001 '
b11001 (
b11000 &
0$
#634000
b11010 #
b11010 '
b11010 (
b11001 &
0$
#635000
b11011 #
b11011 '
b11011 (
b11010 &
0$
#636000
b11100 #
b11100 '
b11100 (
b11011 &
0$
#637000
b11101 #
b11101 '
b11101 (
b11100 &
0$
#638000
b11110 #
b11110 '
b11110 (
b11101 &
0$
#639000
b11111 #
b11111 '
b11111 (
b11110 &
0$
#640000
b0 #
b0 '
b0 (
b11111 &
0$
#641000
b1 #
b1 '
b1 (
b0 &
0$
#642000
b10 #
b10 '
b10 (
b1 &
0$
#643000
b11 #
b11 '
b11 (
b10 &
0$
#644000
b100 #
b100 '
b100 (
b11 &
0$
#645000
b101 #
b101 '
b101 (
b100 &
0$
#646000
b110 #
b110 '
b110 (
b101 &
0$
#647000
b111 #
b111 '
b111 (
b110 &
0$
#648000
b1000 #
b1000 '
b1000 (
b111 &
0$
#649000
b1001 #
b1001 '
b1001 (
b1000 &
0$
#650000
b1010 #
b1010 '
b1010 (
b1001 &
0$
#651000
b1011 #
b1011 '
b1011 (
b1010 &
0$
#652000
b1100 #
b1100 '
b1100 (
b1011 &
0$
#653000
b1101 #
b1101 '
b1101 (
b1100 &
0$
#654000
b1110 #
b1110 '
b1110 (
b1101 &
0$
#655000
b1111 #
b1111 '
b1111 (
b1110 &
0$
#656000
b10000 #
b10000 '
b10000 (
b1111 &
0$
#657000
b10001 #
b10001 '
b10001 (
b10000 &
0$
#658000
b10010 #
b10010 '
b10010 (
b10001 &
0$
#659000
b10011 #
b10011 '
b10011 (
b10010 &
0$
#660000
b10100 #
b10100 '
b10100 (
b10011 &
0$
#661000
b10101 #
b10101 '
b10101 (
b10100 &
0$
#662000
b10110 #
b10110 '
b10110 (
b10101 &
0$
#663000
b10111 #
b10111 '
b10111 (
b10110 &
0$
#664000
b11000 #
b11000 '
b11000 (
b10111 &
0$
#665000
b11001 #
b11001 '
b11001 (
b11000 &
0$
#666000
b11010 #
b11010 '
b11010 (
b11001 &
0$
#667000
b11011 #
b11011 '
b11011 (
b11010 &
0$
#668000
b11100 #
b11100 '
b11100 (
b11011 &
0$
#669000
b11101 #
b11101 '
b11101 (
b11100 &
0$
#670000
b11110 #
b11110 '
b11110 (
b11101 &
0$
#671000
b11111 #
b11111 '
b11111 (
b11110 &
0$
#672000
b0 #
b0 '
b0 (
b11111 &
0$
#673000
b1 #
b1 '
b1 (
b0 &
0$
#674000
b10 #
b10 '
b10 (
b1 &
0$
#675000
b11 #
b11 '
b11 (
b10 &
0$
#676000
b100 #
b100 '
b100 (
b11 &
0$
#677000
b101 #
b101 '
b101 (
b100 &
0$
#678000
b110 #
b110 '
b110 (
b101 &
0$
#679000
b111 #
b111 '
b111 (
b110 &
0$
#680000
b1000 #
b1000 '
b1000 (
b111 &
0$
#681000
b1001 #
b1001 '
b1001 (
b1000 &
0$
#682000
b1010 #
b1010 '
b1010 (
b1001 &
0$
#683000
b1011 #
b1011 '
b1011 (
b1010 &
0$
#684000
b1100 #
b1100 '
b1100 (
b1011 &
0$
#685000
b1101 #
b1101 '
b1101 (
b1100 &
0$
#686000
b1110 #
b1110 '
b1110 (
b1101 &
0$
#687000
b1111 #
b1111 '
b1111 (
b1110 &
0$
#688000
b10000 #
b10000 '
b10000 (
b1111 &
0$
#689000
b10001 #
b10001 '
b10001 (
b10000 &
0$
#690000
b10010 #
b10010 '
b10010 (
b10001 &
0$
#691000
b10011 #
b10011 '
b10011 (
b10010 &
0$
#692000
b10100 #
b10100 '
b10100 (
b10011 &
0$
#693000
b10101 #
b10101 '
b10101 (
b10100 &
0$
#694000
b10110 #
b10110 '
b10110 (
b10101 &
0$
#695000
b10111 #
b10111 '
b10111 (
b10110 &
0$
#696000
b11000 #
b11000 '
b11000 (
b10111 &
0$
#697000
b11001 #
b11001 '
b11001 (
b11000 &
0$
#698000
b11010 #
b11010 '
b11010 (
b11001 &
0$
#699000
b11011 #
b11011 '
b11011 (
b11010 &
0$
#700000
b11100 #
b11100 '
b11100 (
b11011 &
0$
#701000
b11101 #
b11101 '
b11101 (
b11100 &
0$
#702000
b11110 #
b11110 '
b11110 (
b11101 &
0$
#703000
b11111 #
b11111 '
b11111 (
b11110 &
0$
#704000
b0 #
b0 '
b0 (
b11111 &
0$
#705000
b1 #
b1 '
b1 (
b0 &
0$
#706000
b10 #
b10 '
b10 (
b1 &
0$
#707000
b11 #
b11 '
b11 (
b10 &
0$
#708000
b100 #
b100 '
b100 (
b11 &
0$
#709000
b101 #
b101 '
b101 (
b100 &
0$
#710000
b110 #
b110 '
b110 (
b101 &
0$
#711000
b111 #
b111 '
b111 (
b110 &
0$
#712000
b1000 #
b1000 '
b1000 (
b111 &
0$
#713000
b1001 #
b1001 '
b1001 (
b1000 &
0$
#714000
b1010 #
b1010 '
b1010 (
b1001 &
0$
#715000
b1011 #
b1011 '
b1011 (
b1010 &
0$
#716000
b1100 #
b1100 '
b1100 (
b1011 &
0$
#717000
b1101 #
b1101 '
b1101 (
b1100 &
0$
#718000
b1110 #
b1110 '
b1110 (
b1101 &
0$
#719000
b1111 #
b1111 '
b1111 (
b1110 &
0$
#720000
b10000 #
b10000 '
b10000 (
b1111 &
0$
#721000
b10001 #
b10001 '
b10001 (
b10000 &
0$
#722000
b10010 #
b10010 '
b10010 (
b10001 &
0$
#723000
b10011 #
b10011 '
b10011 (
b10010 &
0$
#724000
b10100 #
b10100 '
b10100 (
b10011 &
0$
#725000
b10101 #
b10101 '
b10101 (
b10100 &
0$
#726000
b10110 #
b10110 '
b10110 (
b10101 &
0$
#727000
b10111 #
b10111 '
b10111 (
b10110 &
0$
#728000
b11000 #
b11000 '
b11000 (
b10111 &
0$
#729000
b11001 #
b11001 '
b11001 (
b11000 &
0$
#730000
b11010 #
b11010 '
b11010 (
b11001 &
0$
#731000
b11011 #
b11011 '
b11011 (
b11010 &
0$
#732000
b11100 #
b11100 '
b11100 (
b11011 &
0$
#733000
b11101 #
b11101 '
b11101 (
b11100 &
0$
#734000
b11110 #
b11110 '
b11110 (
b11101 &
0$
#735000
b11111 #
b11111 '
b11111 (
b11110 &
0$
#736000
b0 #
b0 '
b0 (
b11111 &
0$
#737000
b1 #
b1 '
b1 (
b0 &
0$
#738000
b10 #
b10 '
b10 (
b1 &
0$
#739000
b11 #
b11 '
b11 (
b10 &
0$
#740000
b100 #
b100 '
b100 (
b11 &
0$
#741000
b101 #
b101 '
b101 (
b100 &
0$
#742000
b110 #
b110 '
b110 (
b101 &
0$
#743000
b111 #
b111 '
b111 (
b110 &
0$
#744000
b1000 #
b1000 '
b1000 (
b111 &
0$
#745000
b1001 #
b1001 '
b1001 (
b1000 &
0$
#746000
b1010 #
b1010 '
b1010 (
b1001 &
0$
#747000
b1011 #
b1011 '
b1011 (
b1010 &
0$
#748000
b1100 #
b1100 '
b1100 (
b1011 &
0$
#749000
b1101 #
b1101 '
b1101 (
b1100 &
0$
#750000
b1110 #
b1110 '
b1110 (
b1101 &
0$
#751000
b1111 #
b1111 '
b1111 (
b1110 &
0$
#752000
b10000 #
b10000 '
b10000 (
b1111 &
0$
#753000
b10001 #
b10001 '
b10001 (
b10000 &
0$
#754000
b10010 #
b10010 '
b10010 (
b10001 &
0$
#755000
b10011 #
b10011 '
b10011 (
b10010 &
0$
#756000
b10100 #
b10100 '
b10100 (
b10011 &
0$
#757000
b10101 #
b10101 '
b10101 (
b10100 &
0$
#758000
b10110 #
b10110 '
b10110 (
b10101 &
0$
#759000
b10111 #
b10111 '
b10111 (
b10110 &
0$
#760000
b11000 #
b11000 '
b11000 (
b10111 &
0$
#761000
b11001 #
b11001 '
b11001 (
b11000 &
0$
#762000
b11010 #
b11010 '
b11010 (
b11001 &
0$
#763000
b11011 #
b11011 '
b11011 (
b11010 &
0$
#764000
b11100 #
b11100 '
b11100 (
b11011 &
0$
#765000
b11101 #
b11101 '
b11101 (
b11100 &
0$
#766000
b11110 #
b11110 '
b11110 (
b11101 &
0$
#767000
b11111 #
b11111 '
b11111 (
b11110 &
0$
#768000
b0 #
b0 '
b0 (
b11111 &
0$
#769000
b1 #
b1 '
b1 (
b0 &
0$
#770000
b10 #
b10 '
b10 (
b1 &
0$
#771000
b11 #
b11 '
b11 (
b10 &
0$
#772000
b100 #
b100 '
b100 (
b11 &
0$
#773000
b101 #
b101 '
b101 (
b100 &
0$
#774000
b110 #
b110 '
b110 (
b101 &
0$
#775000
b111 #
b111 '
b111 (
b110 &
0$
#776000
b1000 #
b1000 '
b1000 (
b111 &
0$
#777000
b1001 #
b1001 '
b1001 (
b1000 &
0$
#778000
b1010 #
b1010 '
b1010 (
b1001 &
0$
#779000
b1011 #
b1011 '
b1011 (
b1010 &
0$
#780000
b1100 #
b1100 '
b1100 (
b1011 &
0$
#781000
b1101 #
b1101 '
b1101 (
b1100 &
0$
#782000
b1110 #
b1110 '
b1110 (
b1101 &
0$
#783000
b1111 #
b1111 '
b1111 (
b1110 &
0$
#784000
b10000 #
b10000 '
b10000 (
b1111 &
0$
#785000
b10001 #
b10001 '
b10001 (
b10000 &
0$
#786000
b10010 #
b10010 '
b10010 (
b10001 &
0$
#787000
b10011 #
b10011 '
b10011 (
b10010 &
0$
#788000
b10100 #
b10100 '
b10100 (
b10011 &
0$
#789000
b10101 #
b10101 '
b10101 (
b10100 &
0$
#790000
b10110 #
b10110 '
b10110 (
b10101 &
0$
#791000
b10111 #
b10111 '
b10111 (
b10110 &
0$
#792000
b11000 #
b11000 '
b11000 (
b10111 &
0$
#793000
b11001 #
b11001 '
b11001 (
b11000 &
0$
#794000
b11010 #
b11010 '
b11010 (
b11001 &
0$
#795000
b11011 #
b11011 '
b11011 (
b11010 &
0$
#796000
b11100 #
b11100 '
b11100 (
b11011 &
0$
#797000
b11101 #
b11101 '
b11101 (
b11100 &
0$
#798000
b11110 #
b11110 '
b11110 (
b11101 &
0$
#799000
b11111 #
b11111 '
b11111 (
b11110 &
0$
#800000
b0 #
b0 '
b0 (
b11111 &
0$
#801000
b1 #
b1 '
b1 (
b0 &
0$
#802000
b10 #
b10 '
b10 (
b1 &
0$
#803000
b11 #
b11 '
b11 (
b10 &
0$
#804000
b100 #
b100 '
b100 (
b11 &
0$
#805000
b101 #
b101 '
b101 (
b100 &
0$
#806000
b110 #
b110 '
b110 (
b101 &
0$
#807000
b111 #
b111 '
b111 (
b110 &
0$
#808000
b1000 #
b1000 '
b1000 (
b111 &
0$
#809000
b1001 #
b1001 '
b1001 (
b1000 &
0$
#810000
b1010 #
b1010 '
b1010 (
b1001 &
0$
#811000
b1011 #
b1011 '
b1011 (
b1010 &
0$
#812000
b1100 #
b1100 '
b1100 (
b1011 &
0$
#813000
b1101 #
b1101 '
b1101 (
b1100 &
0$
#814000
b1110 #
b1110 '
b1110 (
b1101 &
0$
#815000
b1111 #
b1111 '
b1111 (
b1110 &
0$
#816000
b10000 #
b10000 '
b10000 (
b1111 &
0$
#817000
b10001 #
b10001 '
b10001 (
b10000 &
0$
#818000
b10010 #
b10010 '
b10010 (
b10001 &
0$
#819000
b10011 #
b10011 '
b10011 (
b10010 &
0$
#820000
b10100 #
b10100 '
b10100 (
b10011 &
0$
#821000
b10101 #
b10101 '
b10101 (
b10100 &
0$
#822000
b10110 #
b10110 '
b10110 (
b10101 &
0$
#823000
b10111 #
b10111 '
b10111 (
b10110 &
0$
#824000
b11000 #
b11000 '
b11000 (
b10111 &
0$
#825000
b11001 #
b11001 '
b11001 (
b11000 &
0$
#826000
b11010 #
b11010 '
b11010 (
b11001 &
0$
#827000
b11011 #
b11011 '
b11011 (
b11010 &
0$
#828000
b11100 #
b11100 '
b11100 (
b11011 &
0$
#829000
b11101 #
b11101 '
b11101 (
b11100 &
0$
#830000
b11110 #
b11110 '
b11110 (
b11101 &
0$
#831000
b11111 #
b11111 '
b11111 (
b11110 &
0$
#832000
b0 #
b0 '
b0 (
b11111 &
0$
#833000
b1 #
b1 '
b1 (
b0 &
0$
#834000
b10 #
b10 '
b10 (
b1 &
0$
#835000
b11 #
b11 '
b11 (
b10 &
0$
#836000
b100 #
b100 '
b100 (
b11 &
0$
#837000
b101 #
b101 '
b101 (
b100 &
0$
#838000
b110 #
b110 '
b110 (
b101 &
0$
#839000
b111 #
b111 '
b111 (
b110 &
0$
#840000
b1000 #
b1000 '
b1000 (
b111 &
0$
#841000
b1001 #
b1001 '
b1001 (
b1000 &
0$
#842000
b1010 #
b1010 '
b1010 (
b1001 &
0$
#843000
b1011 #
b1011 '
b1011 (
b1010 &
0$
#844000
b1100 #
b1100 '
b1100 (
b1011 &
0$
#845000
b1101 #
b1101 '
b1101 (
b1100 &
0$
#846000
b1110 #
b1110 '
b1110 (
b1101 &
0$
#847000
b1111 #
b1111 '
b1111 (
b1110 &
0$
#848000
b10000 #
b10000 '
b10000 (
b1111 &
0$
#849000
b10001 #
b10001 '
b10001 (
b10000 &
0$
#850000
b10010 #
b10010 '
b10010 (
b10001 &
0$
#851000
b10011 #
b10011 '
b10011 (
b10010 &
0$
#852000
b10100 #
b10100 '
b10100 (
b10011 &
0$
#853000
b10101 #
b10101 '
b10101 (
b10100 &
0$
#854000
b10110 #
b10110 '
b10110 (
b10101 &
0$
#855000
b10111 #
b10111 '
b10111 (
b10110 &
0$
#856000
b11000 #
b11000 '
b11000 (
b10111 &
0$
#857000
b11001 #
b11001 '
b11001 (
b11000 &
0$
#858000
b11010 #
b11010 '
b11010 (
b11001 &
0$
#859000
b11011 #
b11011 '
b11011 (
b11010 &
0$
#860000
b11100 #
b11100 '
b11100 (
b11011 &
0$
#861000
b11101 #
b11101 '
b11101 (
b11100 &
0$
#862000
b11110 #
b11110 '
b11110 (
b11101 &
0$
#863000
b11111 #
b11111 '
b11111 (
b11110 &
0$
#864000
b0 #
b0 '
b0 (
b11111 &
0$
#865000
b1 #
b1 '
b1 (
b0 &
0$
#866000
b10 #
b10 '
b10 (
b1 &
0$
#867000
b11 #
b11 '
b11 (
b10 &
0$
#868000
b100 #
b100 '
b100 (
b11 &
0$
#869000
b101 #
b101 '
b101 (
b100 &
0$
#870000
b110 #
b110 '
b110 (
b101 &
0$
#871000
b111 #
b111 '
b111 (
b110 &
0$
#872000
b1000 #
b1000 '
b1000 (
b111 &
0$
#873000
b1001 #
b1001 '
b1001 (
b1000 &
0$
#874000
b1010 #
b1010 '
b1010 (
b1001 &
0$
#875000
b1011 #
b1011 '
b1011 (
b1010 &
0$
#876000
b1100 #
b1100 '
b1100 (
b1011 &
0$
#877000
b1101 #
b1101 '
b1101 (
b1100 &
0$
#878000
b1110 #
b1110 '
b1110 (
b1101 &
0$
#879000
b1111 #
b1111 '
b1111 (
b1110 &
0$
#880000
b10000 #
b10000 '
b10000 (
b1111 &
0$
#881000
b10001 #
b10001 '
b10001 (
b10000 &
0$
#882000
b10010 #
b10010 '
b10010 (
b10001 &
0$
#883000
b10011 #
b10011 '
b10011 (
b10010 &
0$
#884000
b10100 #
b10100 '
b10100 (
b10011 &
0$
#885000
b10101 #
b10101 '
b10101 (
b10100 &
0$
#886000
b10110 #
b10110 '
b10110 (
b10101 &
0$
#887000
b10111 #
b10111 '
b10111 (
b10110 &
0$
#888000
b11000 #
b11000 '
b11000 (
b10111 &
0$
#889000
b11001 #
b11001 '
b11001 (
b11000 &
0$
#890000
b11010 #
b11010 '
b11010 (
b11001 &
0$
#891000
b11011 #
b11011 '
b11011 (
b11010 &
0$
#892000
b11100 #
b11100 '
b11100 (
b11011 &
0$
#893000
b11101 #
b11101 '
b11101 (
b11100 &
0$
#894000
b11110 #
b11110 '
b11110 (
b11101 &
0$
#895000
b11111 #
b11111 '
b11111 (
b11110 &
0$
#896000
b0 #
b0 '
b0 (
b11111 &
0$
#897000
b1 #
b1 '
b1 (
b0 &
0$
#898000
b10 #
b10 '
b10 (
b1 &
0$
#899000
b11 #
b11 '
b11 (
b10 &
0$
#900000
b100 #
b100 '
b100 (
b11 &
0$
#901000
b101 #
b101 '
b101 (
b100 &
0$
#902000
b110 #
b110 '
b110 (
b101 &
0$
#903000
b111 #
b111 '
b111 (
b110 &
0$
#904000
b1000 #
b1000 '
b1000 (
b111 &
0$
#905000
b1001 #
b1001 '
b1001 (
b1000 &
0$
#906000
b1010 #
b1010 '
b1010 (
b1001 &
0$
#907000
b1011 #
b1011 '
b1011 (
b1010 &
0$
#908000
b1100 #
b1100 '
b1100 (
b1011 &
0$
#909000
b1101 #
b1101 '
b1101 (
b1100 &
0$
#910000
b1110 #
b1110 '
b1110 (
b1101 &
0$
#911000
b1111 #
b1111 '
b1111 (
b1110 &
0$
#912000
b10000 #
b10000 '
b10000 (
b1111 &
0$
#913000
b10001 #
b10001 '
b10001 (
b10000 &
0$
#914000
b10010 #
b10010 '
b10010 (
b10001 &
0$
#915000
b10011 #
b10011 '
b10011 (
b10010 &
0$
#916000
b10100 #
b10100 '
b10100 (
b10011 &
0$
#917000
b10101 #
b10101 '
b10101 (
b10100 &
0$
#918000
b10110 #
b10110 '
b10110 (
b10101 &
0$
#919000
b10111 #
b10111 '
b10111 (
b10110 &
0$
#920000
b11000 #
b11000 '
b11000 (
b10111 &
0$
#921000
b11001 #
b11001 '
b11001 (
b11000 &
0$
#922000
b11010 #
b11010 '
b11010 (
b11001 &
0$
#923000
b11011 #
b11011 '
b11011 (
b11010 &
0$
#924000
b11100 #
b11100 '
b11100 (
b11011 &
0$
#925000
b11101 #
b11101 '
b11101 (
b11100 &
0$
#926000
b11110 #
b11110 '
b11110 (
b11101 &
0$
#927000
b11111 #
b11111 '
b11111 (
b11110 &
0$
#928000
b0 #
b0 '
b0 (
b11111 &
0$
#929000
b1 #
b1 '
b1 (
b0 &
0$
#930000
b10 #
b10 '
b10 (
b1 &
0$
#931000
b11 #
b11 '
b11 (
b10 &
0$
#932000
b100 #
b100 '
b100 (
b11 &
0$
#933000
b101 #
b101 '
b101 (
b100 &
0$
#934000
b110 #
b110 '
b110 (
b101 &
0$
#935000
b111 #
b111 '
b111 (
b110 &
0$
#936000
b1000 #
b1000 '
b1000 (
b111 &
0$
#937000
b1001 #
b1001 '
b1001 (
b1000 &
0$
#938000
b1010 #
b1010 '
b1010 (
b1001 &
0$
#939000
b1011 #
b1011 '
b1011 (
b1010 &
0$
#940000
b1100 #
b1100 '
b1100 (
b1011 &
0$
#941000
b1101 #
b1101 '
b1101 (
b1100 &
0$
#942000
b1110 #
b1110 '
b1110 (
b1101 &
0$
#943000
b1111 #
b1111 '
b1111 (
b1110 &
0$
#944000
b10000 #
b10000 '
b10000 (
b1111 &
0$
#945000
b10001 #
b10001 '
b10001 (
b10000 &
0$
#946000
b10010 #
b10010 '
b10010 (
b10001 &
0$
#947000
b10011 #
b10011 '
b10011 (
b10010 &
0$
#948000
b10100 #
b10100 '
b10100 (
b10011 &
0$
#949000
b10101 #
b10101 '
b10101 (
b10100 &
0$
#950000
b10110 #
b10110 '
b10110 (
b10101 &
0$
#951000
b10111 #
b10111 '
b10111 (
b10110 &
0$
#952000
b11000 #
b11000 '
b11000 (
b10111 &
0$
#953000
b11001 #
b11001 '
b11001 (
b11000 &
0$
#954000
b11010 #
b11010 '
b11010 (
b11001 &
0$
#955000
b11011 #
b11011 '
b11011 (
b11010 &
0$
#956000
b11100 #
b11100 '
b11100 (
b11011 &
0$
#957000
b11101 #
b11101 '
b11101 (
b11100 &
0$
#958000
b11110 #
b11110 '
b11110 (
b11101 &
0$
#959000
b11111 #
b11111 '
b11111 (
b11110 &
0$
#960000
b0 #
b0 '
b0 (
b11111 &
0$
#961000
b1 #
b1 '
b1 (
b0 &
0$
#962000
b10 #
b10 '
b10 (
b1 &
0$
#963000
b11 #
b11 '
b11 (
b10 &
0$
#964000
b100 #
b100 '
b100 (
b11 &
0$
#965000
b101 #
b101 '
b101 (
b100 &
0$
#966000
b110 #
b110 '
b110 (
b101 &
0$
#967000
b111 #
b111 '
b111 (
b110 &
0$
#968000
b1000 #
b1000 '
b1000 (
b111 &
0$
#969000
b1001 #
b1001 '
b1001 (
b1000 &
0$
#970000
b1010 #
b1010 '
b1010 (
b1001 &
0$
#971000
b1011 #
b1011 '
b1011 (
b1010 &
0$
#972000
b1100 #
b1100 '
b1100 (
b1011 &
0$
#973000
b1101 #
b1101 '
b1101 (
b1100 &
0$
#974000
b1110 #
b1110 '
b1110 (
b1101 &
0$
#975000
b1111 #
b1111 '
b1111 (
b1110 &
0$
#976000
b10000 #
b10000 '
b10000 (
b1111 &
0$
#977000
b10001 #
b10001 '
b10001 (
b10000 &
0$
#978000
b10010 #
b10010 '
b10010 (
b10001 &
0$
#979000
b10011 #
b10011 '
b10011 (
b10010 &
0$
#980000
b10100 #
b10100 '
b10100 (
b10011 &
0$
#981000
b10101 #
b10101 '
b10101 (
b10100 &
0$
#982000
b10110 #
b10110 '
b10110 (
b10101 &
0$
#983000
b10111 #
b10111 '
b10111 (
b10110 &
0$
#984000
b11000 #
b11000 '
b11000 (
b10111 &
0$
#985000
b11001 #
b11001 '
b11001 (
b11000 &
0$
#986000
b11010 #
b11010 '
b11010 (
b11001 &
0$
#987000
b11011 #
b11011 '
b11011 (
b11010 &
0$
#988000
b11100 #
b11100 '
b11100 (
b11011 &
0$
#989000
b11101 #
b11101 '
b11101 (
b11100 &
0$
#990000
b11110 #
b11110 '
b11110 (
b11101 &
0$
#991000
b11111 #
b11111 '
b11111 (
b11110 &
0$
#992000
b0 #
b0 '
b0 (
b11111 &
0$
#993000
b1 #
b1 '
b1 (
b0 &
0$
#994000
b10 #
b10 '
b10 (
b1 &
0$
#995000
b11 #
b11 '
b11 (
b10 &
0$
#996000
b100 #
b100 '
b100 (
b11 &
0$
#997000
b101 #
b101 '
b101 (
b100 &
0$
#998000
b110 #
b110 '
b110 (
b101 &
0$
#999000
b111 #
b111 '
b111 (
b110 &
0$
#1000000
b1000 #
b1000 '
b1000 (
b111 &
0$
#1001000
b1001 #
b1001 '
b1001 (
b1000 &
0$
#1002000
b1010 #
b1010 '
b1010 (
b1001 &
0$
#1003000
b1011 #
b1011 '
b1011 (
b1010 &
0$
#1004000
b1100 #
b1100 '
b1100 (
b1011 &
0$
#1005000
b1101 #
b1101 '
b1101 (
b1100 &
0$
#1006000
b1110 #
b1110 '
b1110 (
b1101 &
0$
#1007000
b1111 #
b1111 '
b1111 (
b1110 &
0$
#1008000
b10000 #
b10000 '
b10000 (
b1111 &
0$
#1009000
b10001 #
b10001 '
b10001 (
b10000 &
0$
#1010000
b10010 #
b10010 '
b10010 (
b10001 &
0$
#1011000
b10011 #
b10011 '
b10011 (
b10010 &
0$
#1012000
b10100 #
b10100 '
b10100 (
b10011 &
0$
#1013000
b10101 #
b10101 '
b10101 (
b10100 &
0$
#1014000
b10110 #
b10110 '
b10110 (
b10101 &
0$
#1015000
b10111 #
b10111 '
b10111 (
b10110 &
0$
#1016000
b11000 #
b11000 '
b11000 (
b10111 &
0$
#1017000
b11001 #
b11001 '
b11001 (
b11000 &
0$
#1018000
b11010 #
b11010 '
b11010 (
b11001 &
0$
#1019000
b11011 #
b11011 '
b11011 (
b11010 &
0$
#1020000
b11100 #
b11100 '
b11100 (
b11011 &
0$
#1021000
b11101 #
b11101 '
b11101 (
b11100 &
0$
#1022000
b11110 #
b11110 '
b11110 (
b11101 &
0$
#1023000
b11111 #
b11111 '
b11111 (
b11110 &
0$
#1024000
b0 #
b0 '
b0 (
b11111 &
0$
#1025000
b1 #
b1 '
b1 (
b0 &
0$
#1026000
b10 #
b10 '
b10 (
b1 &
0$
#1027000
b11 #
b11 '
b11 (
b10 &
0$
#1028000
b100 #
b100 '
b100 (
b11 &
0$
#1029000
b101 #
b101 '
b101 (
b100 &
0$
#1030000
b110 #
b110 '
b110 (
b101 &
0$
#1031000
b111 #
b111 '
b111 (
b110 &
0$
#1032000
b1000 #
b1000 '
b1000 (
b111 &
0$
#1033000
b1001 #
b1001 '
b1001 (
b1000 &
0$
#1034000
b1010 #
b1010 '
b1010 (
b1001 &
0$
#1035000
b1011 #
b1011 '
b1011 (
b1010 &
0$
#1036000
b1100 #
b1100 '
b1100 (
b1011 &
0$
#1037000
b1101 #
b1101 '
b1101 (
b1100 &
0$
#1038000
b1110 #
b1110 '
b1110 (
b1101 &
0$
#1039000
b1111 #
b1111 '
b1111 (
b1110 &
0$
#1040000
b10000 #
b10000 '
b10000 (
b1111 &
0$
#1041000
b10001 #
b10001 '
b10001 (
b10000 &
0$
#1042000
b10010 #
b10010 '
b10010 (
b10001 &
0$
#1043000
b10011 #
b10011 '
b10011 (
b10010 &
0$
#1044000
b10100 #
b10100 '
b10100 (
b10011 &
0$
#1045000
b10101 #
b10101 '
b10101 (
b10100 &
0$
#1046000
b10110 #
b10110 '
b10110 (
b10101 &
0$
#1047000
b10111 #
b10111 '
b10111 (
b10110 &
0$
#1048000
b11000 #
b11000 '
b11000 (
b10111 &
0$
#1049000
b11001 #
b11001 '
b11001 (
b11000 &
0$
#1050000
b11010 #
b11010 '
b11010 (
b11001 &
0$
#1051000
b11011 #
b11011 '
b11011 (
b11010 &
0$
#1052000
b11100 #
b11100 '
b11100 (
b11011 &
0$
#1053000
b11101 #
b11101 '
b11101 (
b11100 &
0$
#1054000
b11110 #
b11110 '
b11110 (
b11101 &
0$
#1055000
b11111 #
b11111 '
b11111 (
b11110 &
0$
#1056000
b0 #
b0 '
b0 (
b11111 &
0$
#1057000
b1 #
b1 '
b1 (
b0 &
0$
#1058000
b10 #
b10 '
b10 (
b1 &
0$
#1059000
b11 #
b11 '
b11 (
b10 &
0$
#1060000
b100 #
b100 '
b100 (
b11 &
0$
#1061000
b101 #
b101 '
b101 (
b100 &
0$
#1062000
b110 #
b110 '
b110 (
b101 &
0$
#1063000
b111 #
b111 '
b111 (
b110 &
0$
#1064000
b1000 #
b1000 '
b1000 (
b111 &
0$
#1065000
b1001 #
b1001 '
b1001 (
b1000 &
0$
#1066000
b1010 #
b1010 '
b1010 (
b1001 &
0$
#1067000
b1011 #
b1011 '
b1011 (
b1010 &
0$
#1068000
b1100 #
b1100 '
b1100 (
b1011 &
0$
#1069000
b1101 #
b1101 '
b1101 (
b1100 &
0$
#1070000
b1110 #
b1110 '
b1110 (
b1101 &
0$
#1071000
b1111 #
b1111 '
b1111 (
b1110 &
0$
#1072000
b10000 #
b10000 '
b10000 (
b1111 &
0$
#1073000
b10001 #
b10001 '
b10001 (
b10000 &
0$
#1074000
b10010 #
b10010 '
b10010 (
b10001 &
0$
#1075000
b10011 #
b10011 '
b10011 (
b10010 &
0$
#1076000
b10100 #
b10100 '
b10100 (
b10011 &
0$
#1077000
b10101 #
b10101 '
b10101 (
b10100 &
0$
#1078000
b10110 #
b10110 '
b10110 (
b10101 &
0$
#1079000
b10111 #
b10111 '
b10111 (
b10110 &
0$
#1080000
b11000 #
b11000 '
b11000 (
b10111 &
0$
#1081000
b11001 #
b11001 '
b11001 (
b11000 &
0$
#1082000
b11010 #
b11010 '
b11010 (
b11001 &
0$
#1083000
b11011 #
b11011 '
b11011 (
b11010 &
0$
#1084000
b11100 #
b11100 '
b11100 (
b11011 &
0$
#1085000
b11101 #
b11101 '
b11101 (
b11100 &
0$
#1086000
b11110 #
b11110 '
b11110 (
b11101 &
0$
#1087000
b11111 #
b11111 '
b11111 (
b11110 &
0$
#1088000
b0 #
b0 '
b0 (
b11111 &
0$
#1089000
b1 #
b1 '
b1 (
b0 &
0$
#1090000
b10 #
b10 '
b10 (
b1 &
0$
#1091000
b11 #
b11 '
b11 (
b10 &
0$
#1092000
b100 #
b100 '
b100 (
b11 &
0$
#1093000
b101 #
b101 '
b101 (
b100 &
0$
#1094000
b110 #
b110 '
b110 (
b101 &
0$
#1095000
b111 #
b111 '
b111 (
b110 &
0$
#1096000
b1000 #
b1000 '
b1000 (
b111 &
0$
#1097000
b1001 #
b1001 '
b1001 (
b1000 &
0$
#1098000
b1010 #
b1010 '
b1010 (
b1001 &
0$
#1099000
b1011 #
b1011 '
b1011 (
b1010 &
0$
#1100000
b1100 #
b1100 '
b1100 (
b1011 &
0$
#1101000
b1101 #
b1101 '
b1101 (
b1100 &
0$
#1102000
b1110 #
b1110 '
b1110 (
b1101 &
0$
#1103000
b1111 #
b1111 '
b1111 (
b1110 &
0$
#1104000
b10000 #
b10000 '
b10000 (
b1111 &
0$
#1105000
b10001 #
b10001 '
b10001 (
b10000 &
0$
#1106000
b10010 #
b10010 '
b10010 (
b10001 &
0$
#1107000
b10011 #
b10011 '
b10011 (
b10010 &
0$
#1108000
b10100 #
b10100 '
b10100 (
b10011 &
0$
#1109000
b10101 #
b10101 '
b10101 (
b10100 &
0$
#1110000
b10110 #
b10110 '
b10110 (
b10101 &
0$
#1111000
b10111 #
b10111 '
b10111 (
b10110 &
0$
#1112000
b11000 #
b11000 '
b11000 (
b10111 &
0$
#1113000
b11001 #
b11001 '
b11001 (
b11000 &
0$
#1114000
b11010 #
b11010 '
b11010 (
b11001 &
0$
#1115000
b11011 #
b11011 '
b11011 (
b11010 &
0$
#1116000
b11100 #
b11100 '
b11100 (
b11011 &
0$
#1117000
b11101 #
b11101 '
b11101 (
b11100 &
0$
#1118000
b11110 #
b11110 '
b11110 (
b11101 &
0$
#1119000
b11111 #
b11111 '
b11111 (
b11110 &
0$
#1120000
b0 #
b0 '
b0 (
b11111 &
0$
#1121000
b1 #
b1 '
b1 (
b0 &
0$
#1122000
b10 #
b10 '
b10 (
b1 &
0$
#1123000
b11 #
b11 '
b11 (
b10 &
0$
#1124000
b100 #
b100 '
b100 (
b11 &
0$
#1125000
b101 #
b101 '
b101 (
b100 &
0$
#1126000
b110 #
b110 '
b110 (
b101 &
0$
#1127000
b111 #
b111 '
b111 (
b110 &
0$
#1128000
b1000 #
b1000 '
b1000 (
b111 &
0$
#1129000
b1001 #
b1001 '
b1001 (
b1000 &
0$
#1130000
b1010 #
b1010 '
b1010 (
b1001 &
0$
#1131000
b1011 #
b1011 '
b1011 (
b1010 &
0$
#1132000
b1100 #
b1100 '
b1100 (
b1011 &
0$
#1133000
b1101 #
b1101 '
b1101 (
b1100 &
0$
#1134000
b1110 #
b1110 '
b1110 (
b1101 &
0$
#1135000
b1111 #
b1111 '
b1111 (
b1110 &
0$
#1136000
b10000 #
b10000 '
b10000 (
b1111 &
0$
#1137000
b10001 #
b10001 '
b10001 (
b10000 &
0$
#1138000
b10010 #
b10010 '
b10010 (
b10001 &
0$
#1139000
b10011 #
b10011 '
b10011 (
b10010 &
0$
#1140000
b10100 #
b10100 '
b10100 (
b10011 &
0$
#1141000
b10101 #
b10101 '
b10101 (
b10100 &
0$
#1142000
b10110 #
b10110 '
b10110 (
b10101 &
0$
#1143000
b10111 #
b10111 '
b10111 (
b10110 &
0$
#1144000
b11000 #
b11000 '
b11000 (
b10111 &
0$
#1145000
b11001 #
b11001 '
b11001 (
b11000 &
0$
#1146000
b11010 #
b11010 '
b11010 (
b11001 &
0$
#1147000
b11011 #
b11011 '
b11011 (
b11010 &
0$
#1148000
b11100 #
b11100 '
b11100 (
b11011 &
0$
#1149000
b11101 #
b11101 '
b11101 (
b11100 &
0$
#1150000
b11110 #
b11110 '
b11110 (
b11101 &
0$
#1151000
b11111 #
b11111 '
b11111 (
b11110 &
0$
#1152000
b0 #
b0 '
b0 (
b11111 &
0$
#1153000
b1 #
b1 '
b1 (
b0 &
0$
#1154000
b10 #
b10 '
b10 (
b1 &
0$
#1155000
b11 #
b11 '
b11 (
b10 &
0$
#1156000
b100 #
b100 '
b100 (
b11 &
0$
#1157000
b101 #
b101 '
b101 (
b100 &
0$
#1158000
b110 #
b110 '
b110 (
b101 &
0$
#1159000
b111 #
b111 '
b111 (
b110 &
0$
#1160000
b1000 #
b1000 '
b1000 (
b111 &
0$
#1161000
b1001 #
b1001 '
b1001 (
b1000 &
0$
#1162000
b1010 #
b1010 '
b1010 (
b1001 &
0$
#1163000
b1011 #
b1011 '
b1011 (
b1010 &
0$
#1164000
b1100 #
b1100 '
b1100 (
b1011 &
0$
#1165000
b1101 #
b1101 '
b1101 (
b1100 &
0$
#1166000
b1110 #
b1110 '
b1110 (
b1101 &
0$
#1167000
b1111 #
b1111 '
b1111 (
b1110 &
0$
#1168000
b10000 #
b10000 '
b10000 (
b1111 &
0$
#1169000
b10001 #
b10001 '
b10001 (
b10000 &
0$
#1170000
b10010 #
b10010 '
b10010 (
b10001 &
0$
#1171000
b10011 #
b10011 '
b10011 (
b10010 &
0$
#1172000
b10100 #
b10100 '
b10100 (
b10011 &
0$
#1173000
b10101 #
b10101 '
b10101 (
b10100 &
0$
#1174000
b10110 #
b10110 '
b10110 (
b10101 &
0$
#1175000
b10111 #
b10111 '
b10111 (
b10110 &
0$
#1176000
b11000 #
b11000 '
b11000 (
b10111 &
0$
#1177000
b11001 #
b11001 '
b11001 (
b11000 &
0$
#1178000
b11010 #
b11010 '
b11010 (
b11001 &
0$
#1179000
b11011 #
b11011 '
b11011 (
b11010 &
0$
#1180000
b11100 #
b11100 '
b11100 (
b11011 &
0$
#1181000
b11101 #
b11101 '
b11101 (
b11100 &
0$
#1182000
b11110 #
b11110 '
b11110 (
b11101 &
0$
#1183000
b11111 #
b11111 '
b11111 (
b11110 &
0$
#1184000
b0 #
b0 '
b0 (
b11111 &
0$
#1185000
b1 #
b1 '
b1 (
b0 &
0$
#1186000
b10 #
b10 '
b10 (
b1 &
0$
#1187000
b11 #
b11 '
b11 (
b10 &
0$
#1188000
b100 #
b100 '
b100 (
b11 &
0$
#1189000
b101 #
b101 '
b101 (
b100 &
0$
#1190000
b110 #
b110 '
b110 (
b101 &
0$
#1191000
b111 #
b111 '
b111 (
b110 &
0$
#1192000
b1000 #
b1000 '
b1000 (
b111 &
0$
#1193000
b1001 #
b1001 '
b1001 (
b1000 &
0$
#1194000
b1010 #
b1010 '
b1010 (
b1001 &
0$
#1195000
b1011 #
b1011 '
b1011 (
b1010 &
0$
#1196000
b1100 #
b1100 '
b1100 (
b1011 &
0$
#1197000
b1101 #
b1101 '
b1101 (
b1100 &
0$
#1198000
b1110 #
b1110 '
b1110 (
b1101 &
0$
#1199000
b1111 #
b1111 '
b1111 (
b1110 &
0$
#1200000
b10000 #
b10000 '
b10000 (
b1111 &
0$
#1201000
b10001 #
b10001 '
b10001 (
b10000 &
0$
#1202000
b10010 #
b10010 '
b10010 (
b10001 &
0$
#1203000
b10011 #
b10011 '
b10011 (
b10010 &
0$
#1204000
b10100 #
b10100 '
b10100 (
b10011 &
0$
#1205000
b10101 #
b10101 '
b10101 (
b10100 &
0$
#1206000
b10110 #
b10110 '
b10110 (
b10101 &
0$
#1207000
b10111 #
b10111 '
b10111 (
b10110 &
0$
#1208000
b11000 #
b11000 '
b11000 (
b10111 &
0$
#1209000
b11001 #
b11001 '
b11001 (
b11000 &
0$
#1210000
b11010 #
b11010 '
b11010 (
b11001 &
0$
#1211000
b11011 #
b11011 '
b11011 (
b11010 &
0$
#1212000
b11100 #
b11100 '
b11100 (
b11011 &
0$
#1213000
b11101 #
b11101 '
b11101 (
b11100 &
0$
#1214000
b11110 #
b11110 '
b11110 (
b11101 &
0$
#1215000
b11111 #
b11111 '
b11111 (
b11110 &
0$
#1216000
b0 #
b0 '
b0 (
b11111 &
0$
#1217000
b1 #
b1 '
b1 (
b0 &
0$
#1218000
b10 #
b10 '
b10 (
b1 &
0$
#1219000
b11 #
b11 '
b11 (
b10 &
0$
#1220000
b100 #
b100 '
b100 (
b11 &
0$
#1221000
b101 #
b101 '
b101 (
b100 &
0$
#1222000
b110 #
b110 '
b110 (
b101 &
0$
#1223000
b111 #
b111 '
b111 (
b110 &
0$
#1224000
b1000 #
b1000 '
b1000 (
b111 &
0$
#1225000
b1001 #
b1001 '
b1001 (
b1000 &
0$
#1226000
b1010 #
b1010 '
b1010 (
b1001 &
0$
#1227000
b1011 #
b1011 '
b1011 (
b1010 &
0$
#1228000
b1100 #
b1100 '
b1100 (
b1011 &
0$
#1229000
b1101 #
b1101 '
b1101 (
b1100 &
0$
#1230000
b1110 #
b1110 '
b1110 (
b1101 &
0$
#1231000
b1111 #
b1111 '
b1111 (
b1110 &
0$
#1232000
b10000 #
b10000 '
b10000 (
b1111 &
0$
#1233000
b10001 #
b10001 '
b10001 (
b10000 &
0$
#1234000
b10010 #
b10010 '
b10010 (
b10001 &
0$
#1235000
b10011 #
b10011 '
b10011 (
b10010 &
0$
#1236000
b10100 #
b10100 '
b10100 (
b10011 &
0$
#1237000
b10101 #
b10101 '
b10101 (
b10100 &
0$
#1238000
b10110 #
b10110 '
b10110 (
b10101 &
0$
#1239000
b10111 #
b10111 '
b10111 (
b10110 &
0$
#1240000
b11000 #
b11000 '
b11000 (
b10111 &
0$
#1241000
b11001 #
b11001 '
b11001 (
b11000 &
0$
#1242000
b11010 #
b11010 '
b11010 (
b11001 &
0$
#1243000
b11011 #
b11011 '
b11011 (
b11010 &
0$
#1244000
b11100 #
b11100 '
b11100 (
b11011 &
0$
#1245000
b11101 #
b11101 '
b11101 (
b11100 &
0$
#1246000
b11110 #
b11110 '
b11110 (
b11101 &
0$
#1247000
b11111 #
b11111 '
b11111 (
b11110 &
0$
#1248000
b0 #
b0 '
b0 (
b11111 &
0$
#1249000
b1 #
b1 '
b1 (
b0 &
0$
#1250000
b10 #
b10 '
b10 (
b1 &
0$
#1251000
b11 #
b11 '
b11 (
b10 &
0$
#1252000
b100 #
b100 '
b100 (
b11 &
0$
#1253000
b101 #
b101 '
b101 (
b100 &
0$
#1254000
b110 #
b110 '
b110 (
b101 &
0$
#1255000
b111 #
b111 '
b111 (
b110 &
0$
#1256000
b1000 #
b1000 '
b1000 (
b111 &
0$
#1257000
b1001 #
b1001 '
b1001 (
b1000 &
0$
#1258000
b1010 #
b1010 '
b1010 (
b1001 &
0$
#1259000
b1011 #
b1011 '
b1011 (
b1010 &
0$
#1260000
b1100 #
b1100 '
b1100 (
b1011 &
0$
#1261000
b1101 #
b1101 '
b1101 (
b1100 &
0$
#1262000
b1110 #
b1110 '
b1110 (
b1101 &
0$
#1263000
b1111 #
b1111 '
b1111 (
b1110 &
0$
#1264000
b10000 #
b10000 '
b10000 (
b1111 &
0$
#1265000
b10001 #
b10001 '
b10001 (
b10000 &
0$
#1266000
b10010 #
b10010 '
b10010 (
b10001 &
0$
#1267000
b10011 #
b10011 '
b10011 (
b10010 &
0$
#1268000
b10100 #
b10100 '
b10100 (
b10011 &
0$
#1269000
b10101 #
b10101 '
b10101 (
b10100 &
0$
#1270000
b10110 #
b10110 '
b10110 (
b10101 &
0$
#1271000
b10111 #
b10111 '
b10111 (
b10110 &
0$
#1272000
b11000 #
b11000 '
b11000 (
b10111 &
0$
#1273000
b11001 #
b11001 '
b11001 (
b11000 &
0$
#1274000
b11010 #
b11010 '
b11010 (
b11001 &
0$
#1275000
b11011 #
b11011 '
b11011 (
b11010 &
0$
#1276000
b11100 #
b11100 '
b11100 (
b11011 &
0$
#1277000
b11101 #
b11101 '
b11101 (
b11100 &
0$
#1278000
b11110 #
b11110 '
b11110 (
b11101 &
0$
#1279000
b11111 #
b11111 '
b11111 (
b11110 &
0$
#1280000
b0 #
b0 '
b0 (
b11111 &
0$
#1281000
b1 #
b1 '
b1 (
b0 &
0$
#1282000
b10 #
b10 '
b10 (
b1 &
0$
#1283000
b11 #
b11 '
b11 (
b10 &
0$
#1284000
b100 #
b100 '
b100 (
b11 &
0$
#1285000
b101 #
b101 '
b101 (
b100 &
0$
#1286000
b110 #
b110 '
b110 (
b101 &
0$
#1287000
b111 #
b111 '
b111 (
b110 &
0$
#1288000
b1000 #
b1000 '
b1000 (
b111 &
0$
#1289000
b1001 #
b1001 '
b1001 (
b1000 &
0$
#1290000
b1010 #
b1010 '
b1010 (
b1001 &
0$
#1291000
b1011 #
b1011 '
b1011 (
b1010 &
0$
#1292000
b1100 #
b1100 '
b1100 (
b1011 &
0$
#1293000
b1101 #
b1101 '
b1101 (
b1100 &
0$
#1294000
b1110 #
b1110 '
b1110 (
b1101 &
0$
#1295000
b1111 #
b1111 '
b1111 (
b1110 &
0$
#1296000
b10000 #
b10000 '
b10000 (
b1111 &
0$
#1297000
b10001 #
b10001 '
b10001 (
b10000 &
0$
#1298000
b10010 #
b10010 '
b10010 (
b10001 &
0$
#1299000
b10011 #
b10011 '
b10011 (
b10010 &
0$
#1300000
b10100 #
b10100 '
b10100 (
b10011 &
0$
#1301000
b10101 #
b10101 '
b10101 (
b10100 &
0$
#1302000
b10110 #
b10110 '
b10110 (
b10101 &
0$
#1303000
b10111 #
b10111 '
b10111 (
b10110 &
0$
#1304000
b11000 #
b11000 '
b11000 (
b10111 &
0$
#1305000
b11001 #
b11001 '
b11001 (
b11000 &
0$
#1306000
b11010 #
b11010 '
b11010 (
b11001 &
0$
#1307000
b11011 #
b11011 '
b11011 (
b11010 &
0$
#1308000
b11100 #
b11100 '
b11100 (
b11011 &
0$
#1309000
b11101 #
b11101 '
b11101 (
b11100 &
0$
#1310000
b11110 #
b11110 '
b11110 (
b11101 &
0$
#1311000
b11111 #
b11111 '
b11111 (
b11110 &
0$
#1312000
b0 #
b0 '
b0 (
b11111 &
0$
#1313000
b1 #
b1 '
b1 (
b0 &
0$
#1314000
b10 #
b10 '
b10 (
b1 &
0$
#1315000
b11 #
b11 '
b11 (
b10 &
0$
#1316000
b100 #
b100 '
b100 (
b11 &
0$
#1317000
b101 #
b101 '
b101 (
b100 &
0$
#1318000
b110 #
b110 '
b110 (
b101 &
0$
#1319000
b111 #
b111 '
b111 (
b110 &
0$
#1320000
b1000 #
b1000 '
b1000 (
b111 &
0$
#1321000
b1001 #
b1001 '
b1001 (
b1000 &
0$
#1322000
b1010 #
b1010 '
b1010 (
b1001 &
0$
#1323000
b1011 #
b1011 '
b1011 (
b1010 &
0$
#1324000
b1100 #
b1100 '
b1100 (
b1011 &
0$
#1325000
b1101 #
b1101 '
b1101 (
b1100 &
0$
#1326000
b1110 #
b1110 '
b1110 (
b1101 &
0$
#1327000
b1111 #
b1111 '
b1111 (
b1110 &
0$
#1328000
b10000 #
b10000 '
b10000 (
b1111 &
0$
#1329000
b10001 #
b10001 '
b10001 (
b10000 &
0$
#1330000
b10010 #
b10010 '
b10010 (
b10001 &
0$
#1331000
b10011 #
b10011 '
b10011 (
b10010 &
0$
#1332000
b10100 #
b10100 '
b10100 (
b10011 &
0$
#1333000
b10101 #
b10101 '
b10101 (
b10100 &
0$
#1334000
b10110 #
b10110 '
b10110 (
b10101 &
0$
#1335000
b10111 #
b10111 '
b10111 (
b10110 &
0$
#1336000
b11000 #
b11000 '
b11000 (
b10111 &
0$
#1337000
b11001 #
b11001 '
b11001 (
b11000 &
0$
#1338000
b11010 #
b11010 '
b11010 (
b11001 &
0$
#1339000
b11011 #
b11011 '
b11011 (
b11010 &
0$
#1340000
b11100 #
b11100 '
b11100 (
b11011 &
0$
#1341000
b11101 #
b11101 '
b11101 (
b11100 &
0$
#1342000
b11110 #
b11110 '
b11110 (
b11101 &
0$
#1343000
b11111 #
b11111 '
b11111 (
b11110 &
0$
#1344000
b0 #
b0 '
b0 (
b11111 &
0$
#1345000
b1 #
b1 '
b1 (
b0 &
0$
#1346000
b10 #
b10 '
b10 (
b1 &
0$
#1347000
b11 #
b11 '
b11 (
b10 &
0$
#1348000
b100 #
b100 '
b100 (
b11 &
0$
#1349000
b101 #
b101 '
b101 (
b100 &
0$
#1350000
b110 #
b110 '
b110 (
b101 &
0$
#1351000
b111 #
b111 '
b111 (
b110 &
0$
#1352000
b1000 #
b1000 '
b1000 (
b111 &
0$
#1353000
b1001 #
b1001 '
b1001 (
b1000 &
0$
#1354000
b1010 #
b1010 '
b1010 (
b1001 &
0$
#1355000
b1011 #
b1011 '
b1011 (
b1010 &
0$
#1356000
b1100 #
b1100 '
b1100 (
b1011 &
0$
#1357000
b1101 #
b1101 '
b1101 (
b1100 &
0$
#1358000
b1110 #
b1110 '
b1110 (
b1101 &
0$
#1359000
b1111 #
b1111 '
b1111 (
b1110 &
0$
#1360000
b10000 #
b10000 '
b10000 (
b1111 &
0$
#1361000
b10001 #
b10001 '
b10001 (
b10000 &
0$
#1362000
b10010 #
b10010 '
b10010 (
b10001 &
0$
#1363000
b10011 #
b10011 '
b10011 (
b10010 &
0$
#1364000
b10100 #
b10100 '
b10100 (
b10011 &
0$
#1365000
b10101 #
b10101 '
b10101 (
b10100 &
0$
#1366000
b10110 #
b10110 '
b10110 (
b10101 &
0$
#1367000
b10111 #
b10111 '
b10111 (
b10110 &
0$
#1368000
b11000 #
b11000 '
b11000 (
b10111 &
0$
#1369000
b11001 #
b11001 '
b11001 (
b11000 &
0$
#1370000
b11010 #
b11010 '
b11010 (
b11001 &
0$
#1371000
b11011 #
b11011 '
b11011 (
b11010 &
0$
#1372000
b11100 #
b11100 '
b11100 (
b11011 &
0$
#1373000
b11101 #
b11101 '
b11101 (
b11100 &
0$
#1374000
b11110 #
b11110 '
b11110 (
b11101 &
0$
#1375000
b11111 #
b11111 '
b11111 (
b11110 &
0$
#1376000
b0 #
b0 '
b0 (
b11111 &
0$
#1377000
b1 #
b1 '
b1 (
b0 &
0$
#1378000
b10 #
b10 '
b10 (
b1 &
0$
#1379000
b11 #
b11 '
b11 (
b10 &
0$
#1380000
b100 #
b100 '
b100 (
b11 &
0$
#1381000
b101 #
b101 '
b101 (
b100 &
0$
#1382000
b110 #
b110 '
b110 (
b101 &
0$
#1383000
b111 #
b111 '
b111 (
b110 &
0$
#1384000
b1000 #
b1000 '
b1000 (
b111 &
0$
#1385000
b1001 #
b1001 '
b1001 (
b1000 &
0$
#1386000
b1010 #
b1010 '
b1010 (
b1001 &
0$
#1387000
b1011 #
b1011 '
b1011 (
b1010 &
0$
#1388000
b1100 #
b1100 '
b1100 (
b1011 &
0$
#1389000
b1101 #
b1101 '
b1101 (
b1100 &
0$
#1390000
b1110 #
b1110 '
b1110 (
b1101 &
0$
#1391000
b1111 #
b1111 '
b1111 (
b1110 &
0$
#1392000
b10000 #
b10000 '
b10000 (
b1111 &
0$
#1393000
b10001 #
b10001 '
b10001 (
b10000 &
0$
#1394000
b10010 #
b10010 '
b10010 (
b10001 &
0$
#1395000
b10011 #
b10011 '
b10011 (
b10010 &
0$
#1396000
b10100 #
b10100 '
b10100 (
b10011 &
0$
#1397000
b10101 #
b10101 '
b10101 (
b10100 &
0$
#1398000
b10110 #
b10110 '
b10110 (
b10101 &
0$
#1399000
b10111 #
b10111 '
b10111 (
b10110 &
0$
#1400000
b11000 #
b11000 '
b11000 (
b10111 &
0$
#1401000
b11001 #
b11001 '
b11001 (
b11000 &
0$
#1402000
b11010 #
b11010 '
b11010 (
b11001 &
0$
#1403000
b11011 #
b11011 '
b11011 (
b11010 &
0$
#1404000
b11100 #
b11100 '
b11100 (
b11011 &
0$
#1405000
b11101 #
b11101 '
b11101 (
b11100 &
0$
#1406000
b11110 #
b11110 '
b11110 (
b11101 &
0$
#1407000
b11111 #
b11111 '
b11111 (
b11110 &
0$
#1408000
b0 #
b0 '
b0 (
b11111 &
0$
#1409000
b1 #
b1 '
b1 (
b0 &
0$
#1410000
b10 #
b10 '
b10 (
b1 &
0$
#1411000
b11 #
b11 '
b11 (
b10 &
0$
#1412000
b100 #
b100 '
b100 (
b11 &
0$
#1413000
b101 #
b101 '
b101 (
b100 &
0$
#1414000
b110 #
b110 '
b110 (
b101 &
0$
#1415000
b111 #
b111 '
b111 (
b110 &
0$
#1416000
b1000 #
b1000 '
b1000 (
b111 &
0$
#1417000
b1001 #
b1001 '
b1001 (
b1000 &
0$
#1418000
b1010 #
b1010 '
b1010 (
b1001 &
0$
#1419000
b1011 #
b1011 '
b1011 (
b1010 &
0$
#1420000
b1100 #
b1100 '
b1100 (
b1011 &
0$
#1421000
b1101 #
b1101 '
b1101 (
b1100 &
0$
#1422000
b1110 #
b1110 '
b1110 (
b1101 &
0$
#1423000
b1111 #
b1111 '
b1111 (
b1110 &
0$
#1424000
b10000 #
b10000 '
b10000 (
b1111 &
0$
#1425000
b10001 #
b10001 '
b10001 (
b10000 &
0$
#1426000
b10010 #
b10010 '
b10010 (
b10001 &
0$
#1427000
b10011 #
b10011 '
b10011 (
b10010 &
0$
#1428000
b10100 #
b10100 '
b10100 (
b10011 &
0$
#1429000
b10101 #
b10101 '
b10101 (
b10100 &
0$
#1430000
b10110 #
b10110 '
b10110 (
b10101 &
0$
#1431000
b10111 #
b10111 '
b10111 (
b10110 &
0$
#1432000
b11000 #
b11000 '
b11000 (
b10111 &
0$
#1433000
b11001 #
b11001 '
b11001 (
b11000 &
0$
#1434000
b11010 #
b11010 '
b11010 (
b11001 &
0$
#1435000
b11011 #
b11011 '
b11011 (
b11010 &
0$
#1436000
b11100 #
b11100 '
b11100 (
b11011 &
0$
#1437000
b11101 #
b11101 '
b11101 (
b11100 &
0$
#1438000
b11110 #
b11110 '
b11110 (
b11101 &
0$
#1439000
b11111 #
b11111 '
b11111 (
b11110 &
0$
#1440000
b0 #
b0 '
b0 (
b11111 &
0$
#1441000
b1 #
b1 '
b1 (
b0 &
0$
#1442000
b10 #
b10 '
b10 (
b1 &
0$
#1443000
b11 #
b11 '
b11 (
b10 &
0$
#1444000
b100 #
b100 '
b100 (
b11 &
0$
#1445000
b101 #
b101 '
b101 (
b100 &
0$
#1446000
b110 #
b110 '
b110 (
b101 &
0$
#1447000
b111 #
b111 '
b111 (
b110 &
0$
#1448000
b1000 #
b1000 '
b1000 (
b111 &
0$
#1449000
b1001 #
b1001 '
b1001 (
b1000 &
0$
#1450000
b1010 #
b1010 '
b1010 (
b1001 &
0$
#1451000
b1011 #
b1011 '
b1011 (
b1010 &
0$
#1452000
b1100 #
b1100 '
b1100 (
b1011 &
0$
#1453000
b1101 #
b1101 '
b1101 (
b1100 &
0$
#1454000
b1110 #
b1110 '
b1110 (
b1101 &
0$
#1455000
b1111 #
b1111 '
b1111 (
b1110 &
0$
#1456000
b10000 #
b10000 '
b10000 (
b1111 &
0$
#1457000
b10001 #
b10001 '
b10001 (
b10000 &
0$
#1458000
b10010 #
b10010 '
b10010 (
b10001 &
0$
#1459000
b10011 #
b10011 '
b10011 (
b10010 &
0$
#1460000
b10100 #
b10100 '
b10100 (
b10011 &
0$
#1461000
b10101 #
b10101 '
b10101 (
b10100 &
0$
#1462000
b10110 #
b10110 '
b10110 (
b10101 &
0$
#1463000
b10111 #
b10111 '
b10111 (
b10110 &
0$
#1464000
b11000 #
b11000 '
b11000 (
b10111 &
0$
#1465000
b11001 #
b11001 '
b11001 (
b11000 &
0$
#1466000
b11010 #
b11010 '
b11010 (
b11001 &
0$
#1467000
b11011 #
b11011 '
b11011 (
b11010 &
0$
#1468000
b11100 #
b11100 '
b11100 (
b11011 &
0$
#1469000
b11101 #
b11101 '
b11101 (
b11100 &
0$
#1470000
b11110 #
b11110 '
b11110 (
b11101 &
0$
#1471000
b11111 #
b11111 '
b11111 (
b11110 &
0$
#1472000
b0 #
b0 '
b0 (
b11111 &
0$
#1473000
b1 #
b1 '
b1 (
b0 &
0$
#1474000
b10 #
b10 '
b10 (
b1 &
0$
#1475000
b11 #
b11 '
b11 (
b10 &
0$
#1476000
b100 #
b100 '
b100 (
b11 &
0$
#1477000
b101 #
b101 '
b101 (
b100 &
0$
#1478000
b110 #
b110 '
b110 (
b101 &
0$
#1479000
b111 #
b111 '
b111 (
b110 &
0$
#1480000
b1000 #
b1000 '
b1000 (
b111 &
0$
#1481000
b1001 #
b1001 '
b1001 (
b1000 &
0$
#1482000
b1010 #
b1010 '
b1010 (
b1001 &
0$
#1483000
b1011 #
b1011 '
b1011 (
b1010 &
0$
#1484000
b1100 #
b1100 '
b1100 (
b1011 &
0$
#1485000
b1101 #
b1101 '
b1101 (
b1100 &
0$
#1486000
b1110 #
b1110 '
b1110 (
b1101 &
0$
#1487000
b1111 #
b1111 '
b1111 (
b1110 &
0$
#1488000
b10000 #
b10000 '
b10000 (
b1111 &
0$
#1489000
b10001 #
b10001 '
b10001 (
b10000 &
0$
#1490000
b10010 #
b10010 '
b10010 (
b10001 &
0$
#1491000
b10011 #
b10011 '
b10011 (
b10010 &
0$
#1492000
b10100 #
b10100 '
b10100 (
b10011 &
0$
#1493000
b10101 #
b10101 '
b10101 (
b10100 &
0$
#1494000
b10110 #
b10110 '
b10110 (
b10101 &
0$
#1495000
b10111 #
b10111 '
b10111 (
b10110 &
0$
#1496000
b11000 #
b11000 '
b11000 (
b10111 &
0$
#1497000
b11001 #
b11001 '
b11001 (
b11000 &
0$
#1498000
b11010 #
b11010 '
b11010 (
b11001 &
0$
#1499000
b11011 #
b11011 '
b11011 (
b11010 &
0$
#1500000
b11100 #
b11100 '
b11100 (
b11011 &
0$
#1501000
b11101 #
b11101 '
b11101 (
b11100 &
0$
#1502000
b11110 #
b11110 '
b11110 (
b11101 &
0$
#1503000
b11111 #
b11111 '
b11111 (
b11110 &
0$
#1504000
b0 #
b0 '
b0 (
b11111 &
0$
#1505000
b1 #
b1 '
b1 (
b0 &
0$
#1506000
b10 #
b10 '
b10 (
b1 &
0$
#1507000
b11 #
b11 '
b11 (
b10 &
0$
#1508000
b100 #
b100 '
b100 (
b11 &
0$
#1509000
b101 #
b101 '
b101 (
b100 &
0$
#1510000
b110 #
b110 '
b110 (
b101 &
0$
#1511000
b111 #
b111 '
b111 (
b110 &
0$
#1512000
b1000 #
b1000 '
b1000 (
b111 &
0$
#1513000
b1001 #
b1001 '
b1001 (
b1000 &
0$
#1514000
b1010 #
b1010 '
b1010 (
b1001 &
0$
#1515000
b1011 #
b1011 '
b1011 (
b1010 &
0$
#1516000
b1100 #
b1100 '
b1100 (
b1011 &
0$
#1517000
b1101 #
b1101 '
b1101 (
b1100 &
0$
#1518000
b1110 #
b1110 '
b1110 (
b1101 &
0$
#1519000
b1111 #
b1111 '
b1111 (
b1110 &
0$
#1520000
b10000 #
b10000 '
b10000 (
b1111 &
0$
#1521000
b10001 #
b10001 '
b10001 (
b10000 &
0$
#1522000
b10010 #
b10010 '
b10010 (
b10001 &
0$
#1523000
b10011 #
b10011 '
b10011 (
b10010 &
0$
#1524000
b10100 #
b10100 '
b10100 (
b10011 &
0$
#1525000
b10101 #
b10101 '
b10101 (
b10100 &
0$
#1526000
b10110 #
b10110 '
b10110 (
b10101 &
0$
#1527000
b10111 #
b10111 '
b10111 (
b10110 &
0$
#1528000
b11000 #
b11000 '
b11000 (
b10111 &
0$
#1529000
b11001 #
b11001 '
b11001 (
b11000 &
0$
#1530000
b11010 #
b11010 '
b11010 (
b11001 &
0$
#1531000
b11011 #
b11011 '
b11011 (
b11010 &
0$
#1532000
b11100 #
b11100 '
b11100 (
b11011 &
0$
#1533000
b11101 #
b11101 '
b11101 (
b11100 &
0$
#1534000
b11110 #
b11110 '
b11110 (
b11101 &
0$
#1535000
b11111 #
b11111 '
b11111 (
b11110 &
0$
#1536000
b0 #
b0 '
b0 (
b11111 &
0$
#1537000
b1 #
b1 '
b1 (
b0 &
0$
#1538000
b10 #
b10 '
b10 (
b1 &
0$
#1539000
b11 #
b11 '
b11 (
b10 &
0$
#1540000
b100 #
b100 '
b100 (
b11 &
0$
#1541000
b101 #
b101 '
b101 (
b100 &
0$
#1542000
b110 #
b110 '
b110 (
b101 &
0$
#1543000
b111 #
b111 '
b111 (
b110 &
0$
#1544000
b1000 #
b1000 '
b1000 (
b111 &
0$
#1545000
b1001 #
b1001 '
b1001 (
b1000 &
0$
#1546000
b1010 #
b1010 '
b1010 (
b1001 &
0$
#1547000
b1011 #
b1011 '
b1011 (
b1010 &
0$
#1548000
b1100 #
b1100 '
b1100 (
b1011 &
0$
#1549000
b1101 #
b1101 '
b1101 (
b1100 &
0$
#1550000
b1110 #
b1110 '
b1110 (
b1101 &
0$
#1551000
b1111 #
b1111 '
b1111 (
b1110 &
0$
#1552000
b10000 #
b10000 '
b10000 (
b1111 &
0$
#1553000
b10001 #
b10001 '
b10001 (
b10000 &
0$
#1554000
b10010 #
b10010 '
b10010 (
b10001 &
0$
#1555000
b10011 #
b10011 '
b10011 (
b10010 &
0$
#1556000
b10100 #
b10100 '
b10100 (
b10011 &
0$
#1557000
b10101 #
b10101 '
b10101 (
b10100 &
0$
#1558000
b10110 #
b10110 '
b10110 (
b10101 &
0$
#1559000
b10111 #
b10111 '
b10111 (
b10110 &
0$
#1560000
b11000 #
b11000 '
b11000 (
b10111 &
0$
#1561000
b11001 #
b11001 '
b11001 (
b11000 &
0$
#1562000
b11010 #
b11010 '
b11010 (
b11001 &
0$
#1563000
b11011 #
b11011 '
b11011 (
b11010 &
0$
#1564000
b11100 #
b11100 '
b11100 (
b11011 &
0$
#1565000
b11101 #
b11101 '
b11101 (
b11100 &
0$
#1566000
b11110 #
b11110 '
b11110 (
b11101 &
0$
#1567000
b11111 #
b11111 '
b11111 (
b11110 &
0$
#1568000
b0 #
b0 '
b0 (
b11111 &
0$
#1569000
b1 #
b1 '
b1 (
b0 &
0$
#1570000
b10 #
b10 '
b10 (
b1 &
0$
#1571000
b11 #
b11 '
b11 (
b10 &
0$
#1572000
b100 #
b100 '
b100 (
b11 &
0$
#1573000
b101 #
b101 '
b101 (
b100 &
0$
#1574000
b110 #
b110 '
b110 (
b101 &
0$
#1575000
b111 #
b111 '
b111 (
b110 &
0$
#1576000
b1000 #
b1000 '
b1000 (
b111 &
0$
#1577000
b1001 #
b1001 '
b1001 (
b1000 &
0$
#1578000
b1010 #
b1010 '
b1010 (
b1001 &
0$
#1579000
b1011 #
b1011 '
b1011 (
b1010 &
0$
#1580000
b1100 #
b1100 '
b1100 (
b1011 &
0$
#1581000
b1101 #
b1101 '
b1101 (
b1100 &
0$
#1582000
b1110 #
b1110 '
b1110 (
b1101 &
0$
#1583000
b1111 #
b1111 '
b1111 (
b1110 &
0$
#1584000
b10000 #
b10000 '
b10000 (
b1111 &
0$
#1585000
b10001 #
b10001 '
b10001 (
b10000 &
0$
#1586000
b10010 #
b10010 '
b10010 (
b10001 &
0$
#1587000
b10011 #
b10011 '
b10011 (
b10010 &
0$
#1588000
b10100 #
b10100 '
b10100 (
b10011 &
0$
#1589000
b10101 #
b10101 '
b10101 (
b10100 &
0$
#1590000
b10110 #
b10110 '
b10110 (
b10101 &
0$
#1591000
b10111 #
b10111 '
b10111 (
b10110 &
0$
#1592000
b11000 #
b11000 '
b11000 (
b10111 &
0$
#1593000
b11001 #
b11001 '
b11001 (
b11000 &
0$
#1594000
b11010 #
b11010 '
b11010 (
b11001 &
0$
#1595000
b11011 #
b11011 '
b11011 (
b11010 &
0$
#1596000
b11100 #
b11100 '
b11100 (
b11011 &
0$
#1597000
b11101 #
b11101 '
b11101 (
b11100 &
0$
#1598000
b11110 #
b11110 '
b11110 (
b11101 &
0$
#1599000
b11111 #
b11111 '
b11111 (
b11110 &
0$
#1600000
b0 #
b0 '
b0 (
b11111 &
0$
#1601000
b1 #
b1 '
b1 (
b0 &
0$
#1602000
b10 #
b10 '
b10 (
b1 &
0$
#1603000
b11 #
b11 '
b11 (
b10 &
0$
#1604000
b100 #
b100 '
b100 (
b11 &
0$
#1605000
b101 #
b101 '
b101 (
b100 &
0$
#1606000
b110 #
b110 '
b110 (
b101 &
0$
#1607000
b111 #
b111 '
b111 (
b110 &
0$
#1608000
b1000 #
b1000 '
b1000 (
b111 &
0$
#1609000
b1001 #
b1001 '
b1001 (
b1000 &
0$
#1610000
b1010 #
b1010 '
b1010 (
b1001 &
0$
#1611000
b1011 #
b1011 '
b1011 (
b1010 &
0$
#1612000
b1100 #
b1100 '
b1100 (
b1011 &
0$
#1613000
b1101 #
b1101 '
b1101 (
b1100 &
0$
#1614000
b1110 #
b1110 '
b1110 (
b1101 &
0$
#1615000
b1111 #
b1111 '
b1111 (
b1110 &
0$
#1616000
b10000 #
b10000 '
b10000 (
b1111 &
0$
#1617000
b10001 #
b10001 '
b10001 (
b10000 &
0$
#1618000
b10010 #
b10010 '
b10010 (
b10001 &
0$
#1619000
b10011 #
b10011 '
b10011 (
b10010 &
0$
#1620000
b10100 #
b10100 '
b10100 (
b10011 &
0$
#1621000
b10101 #
b10101 '
b10101 (
b10100 &
0$
#1622000
b10110 #
b10110 '
b10110 (
b10101 &
0$
#1623000
b10111 #
b10111 '
b10111 (
b10110 &
0$
#1624000
b11000 #
b11000 '
b11000 (
b10111 &
0$
#1625000
b11001 #
b11001 '
b11001 (
b11000 &
0$
#1626000
b11010 #
b11010 '
b11010 (
b11001 &
0$
#1627000
b11011 #
b11011 '
b11011 (
b11010 &
0$
#1628000
b11100 #
b11100 '
b11100 (
b11011 &
0$
#1629000
b11101 #
b11101 '
b11101 (
b11100 &
0$
#1630000
b11110 #
b11110 '
b11110 (
b11101 &
0$
#1631000
b11111 #
b11111 '
b11111 (
b11110 &
0$
#1632000
b0 #
b0 '
b0 (
b11111 &
0$
#1633000
b1 #
b1 '
b1 (
b0 &
0$
#1634000
b10 #
b10 '
b10 (
b1 &
0$
#1635000
b11 #
b11 '
b11 (
b10 &
0$
#1636000
b100 #
b100 '
b100 (
b11 &
0$
#1637000
b101 #
b101 '
b101 (
b100 &
0$
#1638000
b110 #
b110 '
b110 (
b101 &
0$
#1639000
b111 #
b111 '
b111 (
b110 &
0$
#1640000
b1000 #
b1000 '
b1000 (
b111 &
0$
#1641000
b1001 #
b1001 '
b1001 (
b1000 &
0$
#1642000
b1010 #
b1010 '
b1010 (
b1001 &
0$
#1643000
b1011 #
b1011 '
b1011 (
b1010 &
0$
#1644000
b1100 #
b1100 '
b1100 (
b1011 &
0$
#1645000
b1101 #
b1101 '
b1101 (
b1100 &
0$
#1646000
b1110 #
b1110 '
b1110 (
b1101 &
0$
#1647000
b1111 #
b1111 '
b1111 (
b1110 &
0$
#1648000
b10000 #
b10000 '
b10000 (
b1111 &
0$
#1649000
b10001 #
b10001 '
b10001 (
b10000 &
0$
#1650000
b10010 #
b10010 '
b10010 (
b10001 &
0$
#1651000
b10011 #
b10011 '
b10011 (
b10010 &
0$
#1652000
b10100 #
b10100 '
b10100 (
b10011 &
0$
#1653000
b10101 #
b10101 '
b10101 (
b10100 &
0$
#1654000
b10110 #
b10110 '
b10110 (
b10101 &
0$
#1655000
b10111 #
b10111 '
b10111 (
b10110 &
0$
#1656000
b11000 #
b11000 '
b11000 (
b10111 &
0$
#1657000
b11001 #
b11001 '
b11001 (
b11000 &
0$
#1658000
b11010 #
b11010 '
b11010 (
b11001 &
0$
#1659000
b11011 #
b11011 '
b11011 (
b11010 &
0$
#1660000
b11100 #
b11100 '
b11100 (
b11011 &
0$
#1661000
b11101 #
b11101 '
b11101 (
b11100 &
0$
#1662000
b11110 #
b11110 '
b11110 (
b11101 &
0$
#1663000
b11111 #
b11111 '
b11111 (
b11110 &
0$
#1664000
b0 #
b0 '
b0 (
b11111 &
0$
#1665000
b1 #
b1 '
b1 (
b0 &
0$
#1666000
b10 #
b10 '
b10 (
b1 &
0$
#1667000
b11 #
b11 '
b11 (
b10 &
0$
#1668000
b100 #
b100 '
b100 (
b11 &
0$
#1669000
b101 #
b101 '
b101 (
b100 &
0$
#1670000
b110 #
b110 '
b110 (
b101 &
0$
#1671000
b111 #
b111 '
b111 (
b110 &
0$
#1672000
b1000 #
b1000 '
b1000 (
b111 &
0$
#1673000
b1001 #
b1001 '
b1001 (
b1000 &
0$
#1674000
b1010 #
b1010 '
b1010 (
b1001 &
0$
#1675000
b1011 #
b1011 '
b1011 (
b1010 &
0$
#1676000
b1100 #
b1100 '
b1100 (
b1011 &
0$
#1677000
b1101 #
b1101 '
b1101 (
b1100 &
0$
#1678000
b1110 #
b1110 '
b1110 (
b1101 &
0$
#1679000
b1111 #
b1111 '
b1111 (
b1110 &
0$
#1680000
b10000 #
b10000 '
b10000 (
b1111 &
0$
#1681000
b10001 #
b10001 '
b10001 (
b10000 &
0$
#1682000
b10010 #
b10010 '
b10010 (
b10001 &
0$
#1683000
b10011 #
b10011 '
b10011 (
b10010 &
0$
#1684000
b10100 #
b10100 '
b10100 (
b10011 &
0$
#1685000
b10101 #
b10101 '
b10101 (
b10100 &
0$
#1686000
b10110 #
b10110 '
b10110 (
b10101 &
0$
#1687000
b10111 #
b10111 '
b10111 (
b10110 &
0$
#1688000
b11000 #
b11000 '
b11000 (
b10111 &
0$
#1689000
b11001 #
b11001 '
b11001 (
b11000 &
0$
#1690000
b11010 #
b11010 '
b11010 (
b11001 &
0$
#1691000
b11011 #
b11011 '
b11011 (
b11010 &
0$
#1692000
b11100 #
b11100 '
b11100 (
b11011 &
0$
#1693000
b11101 #
b11101 '
b11101 (
b11100 &
0$
#1694000
b11110 #
b11110 '
b11110 (
b11101 &
0$
#1695000
b11111 #
b11111 '
b11111 (
b11110 &
0$
#1696000
b0 #
b0 '
b0 (
b11111 &
0$
#1697000
b1 #
b1 '
b1 (
b0 &
0$
#1698000
b10 #
b10 '
b10 (
b1 &
0$
#1699000
b11 #
b11 '
b11 (
b10 &
0$
#1700000
b100 #
b100 '
b100 (
b11 &
0$
#1701000
b101 #
b101 '
b101 (
b100 &
0$
#1702000
b110 #
b110 '
b110 (
b101 &
0$
#1703000
b111 #
b111 '
b111 (
b110 &
0$
#1704000
b1000 #
b1000 '
b1000 (
b111 &
0$
#1705000
b1001 #
b1001 '
b1001 (
b1000 &
0$
#1706000
b1010 #
b1010 '
b1010 (
b1001 &
0$
#1707000
b1011 #
b1011 '
b1011 (
b1010 &
0$
#1708000
b1100 #
b1100 '
b1100 (
b1011 &
0$
#1709000
b1101 #
b1101 '
b1101 (
b1100 &
0$
#1710000
b1110 #
b1110 '
b1110 (
b1101 &
0$
#1711000
b1111 #
b1111 '
b1111 (
b1110 &
0$
#1712000
b10000 #
b10000 '
b10000 (
b1111 &
0$
#1713000
b10001 #
b10001 '
b10001 (
b10000 &
0$
#1714000
b10010 #
b10010 '
b10010 (
b10001 &
0$
#1715000
b10011 #
b10011 '
b10011 (
b10010 &
0$
#1716000
b10100 #
b10100 '
b10100 (
b10011 &
0$
#1717000
b10101 #
b10101 '
b10101 (
b10100 &
0$
#1718000
b10110 #
b10110 '
b10110 (
b10101 &
0$
#1719000
b10111 #
b10111 '
b10111 (
b10110 &
0$
#1720000
b11000 #
b11000 '
b11000 (
b10111 &
0$
#1721000
b11001 #
b11001 '
b11001 (
b11000 &
0$
#1722000
b11010 #
b11010 '
b11010 (
b11001 &
0$
#1723000
b11011 #
b11011 '
b11011 (
b11010 &
0$
#1724000
b11100 #
b11100 '
b11100 (
b11011 &
0$
#1725000
b11101 #
b11101 '
b11101 (
b11100 &
0$
#1726000
b11110 #
b11110 '
b11110 (
b11101 &
0$
#1727000
b11111 #
b11111 '
b11111 (
b11110 &
0$
#1728000
b0 #
b0 '
b0 (
b11111 &
0$
#1729000
b1 #
b1 '
b1 (
b0 &
0$
#1730000
b10 #
b10 '
b10 (
b1 &
0$
#1731000
b11 #
b11 '
b11 (
b10 &
0$
#1732000
b100 #
b100 '
b100 (
b11 &
0$
#1733000
b101 #
b101 '
b101 (
b100 &
0$
#1734000
b110 #
b110 '
b110 (
b101 &
0$
#1735000
b111 #
b111 '
b111 (
b110 &
0$
#1736000
b1000 #
b1000 '
b1000 (
b111 &
0$
#1737000
b1001 #
b1001 '
b1001 (
b1000 &
0$
#1738000
b1010 #
b1010 '
b1010 (
b1001 &
0$
#1739000
b1011 #
b1011 '
b1011 (
b1010 &
0$
#1740000
b1100 #
b1100 '
b1100 (
b1011 &
0$
#1741000
b1101 #
b1101 '
b1101 (
b1100 &
0$
#1742000
b1110 #
b1110 '
b1110 (
b1101 &
0$
#1743000
b1111 #
b1111 '
b1111 (
b1110 &
0$
#1744000
b10000 #
b10000 '
b10000 (
b1111 &
0$
#1745000
b10001 #
b10001 '
b10001 (
b10000 &
0$
#1746000
b10010 #
b10010 '
b10010 (
b10001 &
0$
#1747000
b10011 #
b10011 '
b10011 (
b10010 &
0$
#1748000
b10100 #
b10100 '
b10100 (
b10011 &
0$
#1749000
b10101 #
b10101 '
b10101 (
b10100 &
0$
#1750000
b10110 #
b10110 '
b10110 (
b10101 &
0$
#1751000
b10111 #
b10111 '
b10111 (
b10110 &
0$
#1752000
b11000 #
b11000 '
b11000 (
b10111 &
0$
#1753000
b11001 #
b11001 '
b11001 (
b11000 &
0$
#1754000
b11010 #
b11010 '
b11010 (
b11001 &
0$
#1755000
b11011 #
b11011 '
b11011 (
b11010 &
0$
#1756000
b11100 #
b11100 '
b11100 (
b11011 &
0$
#1757000
b11101 #
b11101 '
b11101 (
b11100 &
0$
#1758000
b11110 #
b11110 '
b11110 (
b11101 &
0$
#1759000
b11111 #
b11111 '
b11111 (
b11110 &
0$
#1760000
b0 #
b0 '
b0 (
b11111 &
0$
#1761000
b1 #
b1 '
b1 (
b0 &
0$
#1762000
b10 #
b10 '
b10 (
b1 &
0$
#1763000
b11 #
b11 '
b11 (
b10 &
0$
#1764000
b100 #
b100 '
b100 (
b11 &
0$
#1765000
b101 #
b101 '
b101 (
b100 &
0$
#1766000
b110 #
b110 '
b110 (
b101 &
0$
#1767000
b111 #
b111 '
b111 (
b110 &
0$
#1768000
b1000 #
b1000 '
b1000 (
b111 &
0$
#1769000
b1001 #
b1001 '
b1001 (
b1000 &
0$
#1770000
b1010 #
b1010 '
b1010 (
b1001 &
0$
#1771000
b1011 #
b1011 '
b1011 (
b1010 &
0$
#1772000
b1100 #
b1100 '
b1100 (
b1011 &
0$
#1773000
b1101 #
b1101 '
b1101 (
b1100 &
0$
#1774000
b1110 #
b1110 '
b1110 (
b1101 &
0$
#1775000
b1111 #
b1111 '
b1111 (
b1110 &
0$
#1776000
b10000 #
b10000 '
b10000 (
b1111 &
0$
#1777000
b10001 #
b10001 '
b10001 (
b10000 &
0$
#1778000
b10010 #
b10010 '
b10010 (
b10001 &
0$
#1779000
b10011 #
b10011 '
b10011 (
b10010 &
0$
#1780000
b10100 #
b10100 '
b10100 (
b10011 &
0$
#1781000
b10101 #
b10101 '
b10101 (
b10100 &
0$
#1782000
b10110 #
b10110 '
b10110 (
b10101 &
0$
#1783000
b10111 #
b10111 '
b10111 (
b10110 &
0$
#1784000
b11000 #
b11000 '
b11000 (
b10111 &
0$
#1785000
b11001 #
b11001 '
b11001 (
b11000 &
0$
#1786000
b11010 #
b11010 '
b11010 (
b11001 &
0$
#1787000
b11011 #
b11011 '
b11011 (
b11010 &
0$
#1788000
b11100 #
b11100 '
b11100 (
b11011 &
0$
#1789000
b11101 #
b11101 '
b11101 (
b11100 &
0$
#1790000
b11110 #
b11110 '
b11110 (
b11101 &
0$
#1791000
b11111 #
b11111 '
b11111 (
b11110 &
0$
#1792000
b0 #
b0 '
b0 (
b11111 &
0$
#1793000
b1 #
b1 '
b1 (
b0 &
0$
#1794000
b10 #
b10 '
b10 (
b1 &
0$
#1795000
b11 #
b11 '
b11 (
b10 &
0$
#1796000
b100 #
b100 '
b100 (
b11 &
0$
#1797000
b101 #
b101 '
b101 (
b100 &
0$
#1798000
b110 #
b110 '
b110 (
b101 &
0$
#1799000
b111 #
b111 '
b111 (
b110 &
0$
#1800000
b1000 #
b1000 '
b1000 (
b111 &
0$
#1801000
b1001 #
b1001 '
b1001 (
b1000 &
0$
#1802000
b1010 #
b1010 '
b1010 (
b1001 &
0$
#1803000
b1011 #
b1011 '
b1011 (
b1010 &
0$
#1804000
b1100 #
b1100 '
b1100 (
b1011 &
0$
#1805000
b1101 #
b1101 '
b1101 (
b1100 &
0$
#1806000
b1110 #
b1110 '
b1110 (
b1101 &
0$
#1807000
b1111 #
b1111 '
b1111 (
b1110 &
0$
#1808000
b10000 #
b10000 '
b10000 (
b1111 &
0$
#1809000
b10001 #
b10001 '
b10001 (
b10000 &
0$
#1810000
b10010 #
b10010 '
b10010 (
b10001 &
0$
#1811000
b10011 #
b10011 '
b10011 (
b10010 &
0$
#1812000
b10100 #
b10100 '
b10100 (
b10011 &
0$
#1813000
b10101 #
b10101 '
b10101 (
b10100 &
0$
#1814000
b10110 #
b10110 '
b10110 (
b10101 &
0$
#1815000
b10111 #
b10111 '
b10111 (
b10110 &
0$
#1816000
b11000 #
b11000 '
b11000 (
b10111 &
0$
#1817000
b11001 #
b11001 '
b11001 (
b11000 &
0$
#1818000
b11010 #
b11010 '
b11010 (
b11001 &
0$
#1819000
b11011 #
b11011 '
b11011 (
b11010 &
0$
#1820000
b11100 #
b11100 '
b11100 (
b11011 &
0$
#1821000
b11101 #
b11101 '
b11101 (
b11100 &
0$
#1822000
b11110 #
b11110 '
b11110 (
b11101 &
0$
#1823000
b11111 #
b11111 '
b11111 (
b11110 &
0$
#1824000
b0 #
b0 '
b0 (
b11111 &
0$
#1825000
b1 #
b1 '
b1 (
b0 &
0$
#1826000
b10 #
b10 '
b10 (
b1 &
0$
#1827000
b11 #
b11 '
b11 (
b10 &
0$
#1828000
b100 #
b100 '
b100 (
b11 &
0$
#1829000
b101 #
b101 '
b101 (
b100 &
0$
#1830000
b110 #
b110 '
b110 (
b101 &
0$
#1831000
b111 #
b111 '
b111 (
b110 &
0$
#1832000
b1000 #
b1000 '
b1000 (
b111 &
0$
#1833000
b1001 #
b1001 '
b1001 (
b1000 &
0$
#1834000
b1010 #
b1010 '
b1010 (
b1001 &
0$
#1835000
b1011 #
b1011 '
b1011 (
b1010 &
0$
#1836000
b1100 #
b1100 '
b1100 (
b1011 &
0$
#1837000
b1101 #
b1101 '
b1101 (
b1100 &
0$
#1838000
b1110 #
b1110 '
b1110 (
b1101 &
0$
#1839000
b1111 #
b1111 '
b1111 (
b1110 &
0$
#1840000
b10000 #
b10000 '
b10000 (
b1111 &
0$
#1841000
b10001 #
b10001 '
b10001 (
b10000 &
0$
#1842000
b10010 #
b10010 '
b10010 (
b10001 &
0$
#1843000
b10011 #
b10011 '
b10011 (
b10010 &
0$
#1844000
b10100 #
b10100 '
b10100 (
b10011 &
0$
#1845000
b10101 #
b10101 '
b10101 (
b10100 &
0$
#1846000
b10110 #
b10110 '
b10110 (
b10101 &
0$
#1847000
b10111 #
b10111 '
b10111 (
b10110 &
0$
#1848000
b11000 #
b11000 '
b11000 (
b10111 &
0$
#1849000
b11001 #
b11001 '
b11001 (
b11000 &
0$
#1850000
b11010 #
b11010 '
b11010 (
b11001 &
0$
#1851000
b11011 #
b11011 '
b11011 (
b11010 &
0$
#1852000
b11100 #
b11100 '
b11100 (
b11011 &
0$
#1853000
b11101 #
b11101 '
b11101 (
b11100 &
0$
#1854000
b11110 #
b11110 '
b11110 (
b11101 &
0$
#1855000
b11111 #
b11111 '
b11111 (
b11110 &
0$
#1856000
b0 #
b0 '
b0 (
b11111 &
0$
#1857000
b1 #
b1 '
b1 (
b0 &
0$
#1858000
b10 #
b10 '
b10 (
b1 &
0$
#1859000
b11 #
b11 '
b11 (
b10 &
0$
#1860000
b100 #
b100 '
b100 (
b11 &
0$
#1861000
b101 #
b101 '
b101 (
b100 &
0$
#1862000
b110 #
b110 '
b110 (
b101 &
0$
#1863000
b111 #
b111 '
b111 (
b110 &
0$
#1864000
b1000 #
b1000 '
b1000 (
b111 &
0$
#1865000
b1001 #
b1001 '
b1001 (
b1000 &
0$
#1866000
b1010 #
b1010 '
b1010 (
b1001 &
0$
#1867000
b1011 #
b1011 '
b1011 (
b1010 &
0$
#1868000
b1100 #
b1100 '
b1100 (
b1011 &
0$
#1869000
b1101 #
b1101 '
b1101 (
b1100 &
0$
#1870000
b1110 #
b1110 '
b1110 (
b1101 &
0$
#1871000
b1111 #
b1111 '
b1111 (
b1110 &
0$
#1872000
b10000 #
b10000 '
b10000 (
b1111 &
0$
#1873000
b10001 #
b10001 '
b10001 (
b10000 &
0$
#1874000
b10010 #
b10010 '
b10010 (
b10001 &
0$
#1875000
b10011 #
b10011 '
b10011 (
b10010 &
0$
#1876000
b10100 #
b10100 '
b10100 (
b10011 &
0$
#1877000
b10101 #
b10101 '
b10101 (
b10100 &
0$
#1878000
b10110 #
b10110 '
b10110 (
b10101 &
0$
#1879000
b10111 #
b10111 '
b10111 (
b10110 &
0$
#1880000
b11000 #
b11000 '
b11000 (
b10111 &
0$
#1881000
b11001 #
b11001 '
b11001 (
b11000 &
0$
#1882000
b11010 #
b11010 '
b11010 (
b11001 &
0$
#1883000
b11011 #
b11011 '
b11011 (
b11010 &
0$
#1884000
b11100 #
b11100 '
b11100 (
b11011 &
0$
#1885000
b11101 #
b11101 '
b11101 (
b11100 &
0$
#1886000
b11110 #
b11110 '
b11110 (
b11101 &
0$
#1887000
b11111 #
b11111 '
b11111 (
b11110 &
0$
#1888000
b0 #
b0 '
b0 (
b11111 &
0$
#1889000
b1 #
b1 '
b1 (
b0 &
0$
#1890000
b10 #
b10 '
b10 (
b1 &
0$
#1891000
b11 #
b11 '
b11 (
b10 &
0$
#1892000
b100 #
b100 '
b100 (
b11 &
0$
#1893000
b101 #
b101 '
b101 (
b100 &
0$
#1894000
b110 #
b110 '
b110 (
b101 &
0$
#1895000
b111 #
b111 '
b111 (
b110 &
0$
#1896000
b1000 #
b1000 '
b1000 (
b111 &
0$
#1897000
b1001 #
b1001 '
b1001 (
b1000 &
0$
#1898000
b1010 #
b1010 '
b1010 (
b1001 &
0$
#1899000
b1011 #
b1011 '
b1011 (
b1010 &
0$
#1900000
b1100 #
b1100 '
b1100 (
b1011 &
0$
#1901000
b1101 #
b1101 '
b1101 (
b1100 &
0$
#1902000
b1110 #
b1110 '
b1110 (
b1101 &
0$
#1903000
b1111 #
b1111 '
b1111 (
b1110 &
0$
#1904000
b10000 #
b10000 '
b10000 (
b1111 &
0$
#1905000
b10001 #
b10001 '
b10001 (
b10000 &
0$
#1906000
b10010 #
b10010 '
b10010 (
b10001 &
0$
#1907000
b10011 #
b10011 '
b10011 (
b10010 &
0$
#1908000
b10100 #
b10100 '
b10100 (
b10011 &
0$
#1909000
b10101 #
b10101 '
b10101 (
b10100 &
0$
#1910000
b10110 #
b10110 '
b10110 (
b10101 &
0$
#1911000
b10111 #
b10111 '
b10111 (
b10110 &
0$
#1912000
b11000 #
b11000 '
b11000 (
b10111 &
0$
#1913000
b11001 #
b11001 '
b11001 (
b11000 &
0$
#1914000
b11010 #
b11010 '
b11010 (
b11001 &
0$
#1915000
b11011 #
b11011 '
b11011 (
b11010 &
0$
#1916000
b11100 #
b11100 '
b11100 (
b11011 &
0$
#1917000
b11101 #
b11101 '
b11101 (
b11100 &
0$
#1918000
b11110 #
b11110 '
b11110 (
b11101 &
0$
#1919000
b11111 #
b11111 '
b11111 (
b11110 &
0$
#1920000
b0 #
b0 '
b0 (
b11111 &
0$
#1921000
b1 #
b1 '
b1 (
b0 &
0$
#1922000
b10 #
b10 '
b10 (
b1 &
0$
#1923000
b11 #
b11 '
b11 (
b10 &
0$
#1924000
b100 #
b100 '
b100 (
b11 &
0$
#1925000
b101 #
b101 '
b101 (
b100 &
0$
#1926000
b110 #
b110 '
b110 (
b101 &
0$
#1927000
b111 #
b111 '
b111 (
b110 &
0$
#1928000
b1000 #
b1000 '
b1000 (
b111 &
0$
#1929000
b1001 #
b1001 '
b1001 (
b1000 &
0$
#1930000
b1010 #
b1010 '
b1010 (
b1001 &
0$
#1931000
b1011 #
b1011 '
b1011 (
b1010 &
0$
#1932000
b1100 #
b1100 '
b1100 (
b1011 &
0$
#1933000
b1101 #
b1101 '
b1101 (
b1100 &
0$
#1934000
b1110 #
b1110 '
b1110 (
b1101 &
0$
#1935000
b1111 #
b1111 '
b1111 (
b1110 &
0$
#1936000
b10000 #
b10000 '
b10000 (
b1111 &
0$
#1937000
b10001 #
b10001 '
b10001 (
b10000 &
0$
#1938000
b10010 #
b10010 '
b10010 (
b10001 &
0$
#1939000
b10011 #
b10011 '
b10011 (
b10010 &
0$
#1940000
b10100 #
b10100 '
b10100 (
b10011 &
0$
#1941000
b10101 #
b10101 '
b10101 (
b10100 &
0$
#1942000
b10110 #
b10110 '
b10110 (
b10101 &
0$
#1943000
b10111 #
b10111 '
b10111 (
b10110 &
0$
#1944000
b11000 #
b11000 '
b11000 (
b10111 &
0$
#1945000
b11001 #
b11001 '
b11001 (
b11000 &
0$
#1946000
b11010 #
b11010 '
b11010 (
b11001 &
0$
#1947000
b11011 #
b11011 '
b11011 (
b11010 &
0$
#1948000
b11100 #
b11100 '
b11100 (
b11011 &
0$
#1949000
b11101 #
b11101 '
b11101 (
b11100 &
0$
#1950000
b11110 #
b11110 '
b11110 (
b11101 &
0$
#1951000
b11111 #
b11111 '
b11111 (
b11110 &
0$
#1952000
b0 #
b0 '
b0 (
b11111 &
0$
#1953000
b1 #
b1 '
b1 (
b0 &
0$
#1954000
b10 #
b10 '
b10 (
b1 &
0$
#1955000
b11 #
b11 '
b11 (
b10 &
0$
#1956000
b100 #
b100 '
b100 (
b11 &
0$
#1957000
b101 #
b101 '
b101 (
b100 &
0$
#1958000
b110 #
b110 '
b110 (
b101 &
0$
#1959000
b111 #
b111 '
b111 (
b110 &
0$
#1960000
b1000 #
b1000 '
b1000 (
b111 &
0$
#1961000
b1001 #
b1001 '
b1001 (
b1000 &
0$
#1962000
b1010 #
b1010 '
b1010 (
b1001 &
0$
#1963000
b1011 #
b1011 '
b1011 (
b1010 &
0$
#1964000
b1100 #
b1100 '
b1100 (
b1011 &
0$
#1965000
b1101 #
b1101 '
b1101 (
b1100 &
0$
#1966000
b1110 #
b1110 '
b1110 (
b1101 &
0$
#1967000
b1111 #
b1111 '
b1111 (
b1110 &
0$
#1968000
b10000 #
b10000 '
b10000 (
b1111 &
0$
#1969000
b10001 #
b10001 '
b10001 (
b10000 &
0$
#1970000
b10010 #
b10010 '
b10010 (
b10001 &
0$
#1971000
b10011 #
b10011 '
b10011 (
b10010 &
0$
#1972000
b10100 #
b10100 '
b10100 (
b10011 &
0$
#1973000
b10101 #
b10101 '
b10101 (
b10100 &
0$
#1974000
b10110 #
b10110 '
b10110 (
b10101 &
0$
#1975000
b10111 #
b10111 '
b10111 (
b10110 &
0$
#1976000
b11000 #
b11000 '
b11000 (
b10111 &
0$
#1977000
b11001 #
b11001 '
b11001 (
b11000 &
0$
#1978000
b11010 #
b11010 '
b11010 (
b11001 &
0$
#1979000
b11011 #
b11011 '
b11011 (
b11010 &
0$
#1980000
b11100 #
b11100 '
b11100 (
b11011 &
0$
#1981000
b11101 #
b11101 '
b11101 (
b11100 &
0$
#1982000
b11110 #
b11110 '
b11110 (
b11101 &
0$
#1983000
b11111 #
b11111 '
b11111 (
b11110 &
0$
#1984000
b0 #
b0 '
b0 (
b11111 &
0$
#1985000
b1 #
b1 '
b1 (
b0 &
0$
#1986000
b10 #
b10 '
b10 (
b1 &
0$
#1987000
b11 #
b11 '
b11 (
b10 &
0$
#1988000
b100 #
b100 '
b100 (
b11 &
0$
#1989000
b101 #
b101 '
b101 (
b100 &
0$
#1990000
b110 #
b110 '
b110 (
b101 &
0$
#1991000
b111 #
b111 '
b111 (
b110 &
0$
#1992000
b1000 #
b1000 '
b1000 (
b111 &
0$
#1993000
b1001 #
b1001 '
b1001 (
b1000 &
0$
#1994000
b1010 #
b1010 '
b1010 (
b1001 &
0$
#1995000
b1011 #
b1011 '
b1011 (
b1010 &
0$
#1996000
b1100 #
b1100 '
b1100 (
b1011 &
0$
#1997000
b1101 #
b1101 '
b1101 (
b1100 &
0$
#1998000
b1110 #
b1110 '
b1110 (
b1101 &
0$
#1999000
b1111 #
b1111 '
b1111 (
b1110 &
0$
#2000000
b10000 #
b10000 '
b10000 (
b1111 &
0$
#2001000
b10001 #
b10001 '
b10001 (
b10000 &
0$
#2002000
b10010 #
b10010 '
b10010 (
b10001 &
0$
#2003000
b10011 #
b10011 '
b10011 (
b10010 &
0$
#2004000
b10100 #
b10100 '
b10100 (
b10011 &
0$
#2005000
b10101 #
b10101 '
b10101 (
b10100 &
0$
#2006000
b10110 #
b10110 '
b10110 (
b10101 &
0$
#2007000
b10111 #
b10111 '
b10111 (
b10110 &
0$
#2008000
b11000 #
b11000 '
b11000 (
b10111 &
0$
#2009000
b11001 #
b11001 '
b11001 (
b11000 &
0$
#2010000
b11010 #
b11010 '
b11010 (
b11001 &
0$
#2011000
b11011 #
b11011 '
b11011 (
b11010 &
0$
#2012000
b11100 #
b11100 '
b11100 (
b11011 &
0$
#2013000
b11101 #
b11101 '
b11101 (
b11100 &
0$
#2014000
b11110 #
b11110 '
b11110 (
b11101 &
0$
#2015000
b11111 #
b11111 '
b11111 (
b11110 &
0$
#2016000
b0 #
b0 '
b0 (
b11111 &
0$
#2017000
b1 #
b1 '
b1 (
b0 &
0$
#2018000
b10 #
b10 '
b10 (
b1 &
0$
#2019000
b11 #
b11 '
b11 (
b10 &
0$
#2020000
b100 #
b100 '
b100 (
b11 &
0$
#2021000
b101 #
b101 '
b101 (
b100 &
0$
#2022000
b110 #
b110 '
b110 (
b101 &
0$
#2023000
b111 #
b111 '
b111 (
b110 &
0$
#2024000
b1000 #
b1000 '
b1000 (
b111 &
0$
#2025000
b1001 #
b1001 '
b1001 (
b1000 &
0$
#2026000
b1010 #
b1010 '
b1010 (
b1001 &
0$
#2027000
b1011 #
b1011 '
b1011 (
b1010 &
0$
#2028000
b1100 #
b1100 '
b1100 (
b1011 &
0$
#2029000
b1101 #
b1101 '
b1101 (
b1100 &
0$
#2030000
b1110 #
b1110 '
b1110 (
b1101 &
0$
#2031000
b1111 #
b1111 '
b1111 (
b1110 &
0$
#2032000
b10000 #
b10000 '
b10000 (
b1111 &
0$
#2033000
b10001 #
b10001 '
b10001 (
b10000 &
0$
#2034000
b10010 #
b10010 '
b10010 (
b10001 &
0$
#2035000
b10011 #
b10011 '
b10011 (
b10010 &
0$
#2036000
b10100 #
b10100 '
b10100 (
b10011 &
0$
#2037000
b10101 #
b10101 '
b10101 (
b10100 &
0$
#2038000
b10110 #
b10110 '
b10110 (
b10101 &
0$
#2039000
b10111 #
b10111 '
b10111 (
b10110 &
0$
#2040000
b11000 #
b11000 '
b11000 (
b10111 &
0$
#2041000
b11001 #
b11001 '
b11001 (
b11000 &
0$
#2042000
b11010 #
b11010 '
b11010 (
b11001 &
0$
#2043000
b11011 #
b11011 '
b11011 (
b11010 &
0$
#2044000
b11100 #
b11100 '
b11100 (
b11011 &
0$
#2045000
b11101 #
b11101 '
b11101 (
b11100 &
0$
#2046000
b11110 #
b11110 '
b11110 (
b11101 &
0$
#2047000
b11111 #
b11111 '
b11111 (
b11110 &
0$
#2048000
b0 #
b0 '
b0 (
b11111 &
0$
#2049000
b1 #
b1 '
b1 (
b0 &
0$
#2050000
b10 #
b10 '
b10 (
b1 &
0$
#2051000
b11 #
b11 '
b11 (
b10 &
0$
#2052000
b100 #
b100 '
b100 (
b11 &
0$
#2053000
b101 #
b101 '
b101 (
b100 &
0$
#2054000
b110 #
b110 '
b110 (
b101 &
0$
#2055000
b111 #
b111 '
b111 (
b110 &
0$
#2056000
b1000 #
b1000 '
b1000 (
b111 &
0$
#2057000
b1001 #
b1001 '
b1001 (
b1000 &
0$
#2058000
b1010 #
b1010 '
b1010 (
b1001 &
0$
#2059000
b1011 #
b1011 '
b1011 (
b1010 &
0$
#2060000
b1100 #
b1100 '
b1100 (
b1011 &
0$
#2061000
b1101 #
b1101 '
b1101 (
b1100 &
0$
#2062000
b1110 #
b1110 '
b1110 (
b1101 &
0$
#2063000
b1111 #
b1111 '
b1111 (
b1110 &
0$
#2064000
b10000 #
b10000 '
b10000 (
b1111 &
0$
#2065000
b10001 #
b10001 '
b10001 (
b10000 &
0$
#2066000
b10010 #
b10010 '
b10010 (
b10001 &
0$
#2067000
b10011 #
b10011 '
b10011 (
b10010 &
0$
#2068000
b10100 #
b10100 '
b10100 (
b10011 &
0$
#2069000
b10101 #
b10101 '
b10101 (
b10100 &
0$
#2070000
b10110 #
b10110 '
b10110 (
b10101 &
0$
#2071000
b10111 #
b10111 '
b10111 (
b10110 &
0$
#2072000
b11000 #
b11000 '
b11000 (
b10111 &
0$
#2073000
b11001 #
b11001 '
b11001 (
b11000 &
0$
#2074000
b11010 #
b11010 '
b11010 (
b11001 &
0$
#2075000
b11011 #
b11011 '
b11011 (
b11010 &
0$
#2076000
b11100 #
b11100 '
b11100 (
b11011 &
0$
#2077000
b11101 #
b11101 '
b11101 (
b11100 &
0$
#2078000
b11110 #
b11110 '
b11110 (
b11101 &
0$
#2079000
b11111 #
b11111 '
b11111 (
b11110 &
0$
#2080000
b0 #
b0 '
b0 (
b11111 &
0$
#2081000
b1 #
b1 '
b1 (
b0 &
0$
#2082000
b10 #
b10 '
b10 (
b1 &
0$
#2083000
b11 #
b11 '
b11 (
b10 &
0$
#2084000
b100 #
b100 '
b100 (
b11 &
0$
#2085000
b101 #
b101 '
b101 (
b100 &
0$
#2086000
b110 #
b110 '
b110 (
b101 &
0$
#2087000
b111 #
b111 '
b111 (
b110 &
0$
#2088000
b1000 #
b1000 '
b1000 (
b111 &
0$
#2089000
b1001 #
b1001 '
b1001 (
b1000 &
0$
#2090000
b1010 #
b1010 '
b1010 (
b1001 &
0$
#2091000
b1011 #
b1011 '
b1011 (
b1010 &
0$
#2092000
b1100 #
b1100 '
b1100 (
b1011 &
0$
#2093000
b1101 #
b1101 '
b1101 (
b1100 &
0$
#2094000
b1110 #
b1110 '
b1110 (
b1101 &
0$
#2095000
b1111 #
b1111 '
b1111 (
b1110 &
0$
#2096000
b10000 #
b10000 '
b10000 (
b1111 &
0$
#2097000
b10001 #
b10001 '
b10001 (
b10000 &
0$
#2098000
b10010 #
b10010 '
b10010 (
b10001 &
0$
#2099000
b10011 #
b10011 '
b10011 (
b10010 &
0$
#2100000
b10100 #
b10100 '
b10100 (
b10011 &
0$
#2101000
b10101 #
b10101 '
b10101 (
b10100 &
0$
#2102000
b10110 #
b10110 '
b10110 (
b10101 &
0$
#2103000
b10111 #
b10111 '
b10111 (
b10110 &
0$
#2104000
b11000 #
b11000 '
b11000 (
b10111 &
0$
#2105000
b11001 #
b11001 '
b11001 (
b11000 &
0$
#2106000
b11010 #
b11010 '
b11010 (
b11001 &
0$
#2107000
b11011 #
b11011 '
b11011 (
b11010 &
0$
#2108000
b11100 #
b11100 '
b11100 (
b11011 &
0$
#2109000
b11101 #
b11101 '
b11101 (
b11100 &
0$
#2110000
b11110 #
b11110 '
b11110 (
b11101 &
0$
#2111000
b11111 #
b11111 '
b11111 (
b11110 &
0$
#2112000
b0 #
b0 '
b0 (
b11111 &
0$
#2113000
b1 #
b1 '
b1 (
b0 &
0$
#2114000
b10 #
b10 '
b10 (
b1 &
0$
#2115000
b11 #
b11 '
b11 (
b10 &
0$
#2116000
b100 #
b100 '
b100 (
b11 &
0$
#2117000
b101 #
b101 '
b101 (
b100 &
0$
#2118000
b110 #
b110 '
b110 (
b101 &
0$
#2119000
b111 #
b111 '
b111 (
b110 &
0$
#2120000
b1000 #
b1000 '
b1000 (
b111 &
0$
#2121000
b1001 #
b1001 '
b1001 (
b1000 &
0$
#2122000
b1010 #
b1010 '
b1010 (
b1001 &
0$
#2123000
b1011 #
b1011 '
b1011 (
b1010 &
0$
#2124000
b1100 #
b1100 '
b1100 (
b1011 &
0$
#2125000
b1101 #
b1101 '
b1101 (
b1100 &
0$
#2126000
b1110 #
b1110 '
b1110 (
b1101 &
0$
#2127000
b1111 #
b1111 '
b1111 (
b1110 &
0$
#2128000
b10000 #
b10000 '
b10000 (
b1111 &
0$
#2129000
b10001 #
b10001 '
b10001 (
b10000 &
0$
#2130000
b10010 #
b10010 '
b10010 (
b10001 &
0$
#2131000
b10011 #
b10011 '
b10011 (
b10010 &
0$
#2132000
b10100 #
b10100 '
b10100 (
b10011 &
0$
#2133000
b10101 #
b10101 '
b10101 (
b10100 &
0$
#2134000
b10110 #
b10110 '
b10110 (
b10101 &
0$
#2135000
b10111 #
b10111 '
b10111 (
b10110 &
0$
#2136000
b11000 #
b11000 '
b11000 (
b10111 &
0$
#2137000
b11001 #
b11001 '
b11001 (
b11000 &
0$
#2138000
b11010 #
b11010 '
b11010 (
b11001 &
0$
#2139000
b11011 #
b11011 '
b11011 (
b11010 &
0$
#2140000
b11100 #
b11100 '
b11100 (
b11011 &
0$
#2141000
b11101 #
b11101 '
b11101 (
b11100 &
0$
#2142000
b11110 #
b11110 '
b11110 (
b11101 &
0$
#2143000
b11111 #
b11111 '
b11111 (
b11110 &
0$
#2144000
b0 #
b0 '
b0 (
b11111 &
0$
#2145000
b1 #
b1 '
b1 (
b0 &
0$
#2146000
b10 #
b10 '
b10 (
b1 &
0$
#2147000
b11 #
b11 '
b11 (
b10 &
0$
#2148000
b100 #
b100 '
b100 (
b11 &
0$
#2149000
b101 #
b101 '
b101 (
b100 &
0$
#2150000
b110 #
b110 '
b110 (
b101 &
0$
#2151000
b111 #
b111 '
b111 (
b110 &
0$
#2152000
b1000 #
b1000 '
b1000 (
b111 &
0$
#2153000
b1001 #
b1001 '
b1001 (
b1000 &
0$
#2154000
b1010 #
b1010 '
b1010 (
b1001 &
0$
#2155000
b1011 #
b1011 '
b1011 (
b1010 &
0$
#2156000
b1100 #
b1100 '
b1100 (
b1011 &
0$
#2157000
b1101 #
b1101 '
b1101 (
b1100 &
0$
#2158000
b1110 #
b1110 '
b1110 (
b1101 &
0$
#2159000
b1111 #
b1111 '
b1111 (
b1110 &
0$
#2160000
b10000 #
b10000 '
b10000 (
b1111 &
0$
#2161000
b10001 #
b10001 '
b10001 (
b10000 &
0$
#2162000
b10010 #
b10010 '
b10010 (
b10001 &
0$
#2163000
b10011 #
b10011 '
b10011 (
b10010 &
0$
#2164000
b10100 #
b10100 '
b10100 (
b10011 &
0$
#2165000
b10101 #
b10101 '
b10101 (
b10100 &
0$
#2166000
b10110 #
b10110 '
b10110 (
b10101 &
0$
#2167000
b10111 #
b10111 '
b10111 (
b10110 &
0$
#2168000
b11000 #
b11000 '
b11000 (
b10111 &
0$
#2169000
b11001 #
b11001 '
b11001 (
b11000 &
0$
#2170000
b11010 #
b11010 '
b11010 (
b11001 &
0$
#2171000
b11011 #
b11011 '
b11011 (
b11010 &
0$
#2172000
b11100 #
b11100 '
b11100 (
b11011 &
0$
#2173000
b11101 #
b11101 '
b11101 (
b11100 &
0$
#2174000
b11110 #
b11110 '
b11110 (
b11101 &
0$
#2175000
b11111 #
b11111 '
b11111 (
b11110 &
0$
#2176000
b0 #
b0 '
b0 (
b11111 &
0$
#2177000
b1 #
b1 '
b1 (
b0 &
0$
#2178000
b10 #
b10 '
b10 (
b1 &
0$
#2179000
b11 #
b11 '
b11 (
b10 &
0$
#2180000
b100 #
b100 '
b100 (
b11 &
0$
#2181000
b101 #
b101 '
b101 (
b100 &
0$
#2182000
b110 #
b110 '
b110 (
b101 &
0$
#2183000
b111 #
b111 '
b111 (
b110 &
0$
#2184000
b1000 #
b1000 '
b1000 (
b111 &
0$
#2185000
b1001 #
b1001 '
b1001 (
b1000 &
0$
#2186000
b1010 #
b1010 '
b1010 (
b1001 &
0$
#2187000
b1011 #
b1011 '
b1011 (
b1010 &
0$
#2188000
b1100 #
b1100 '
b1100 (
b1011 &
0$
#2189000
b1101 #
b1101 '
b1101 (
b1100 &
0$
#2190000
b1110 #
b1110 '
b1110 (
b1101 &
0$
#2191000
b1111 #
b1111 '
b1111 (
b1110 &
0$
#2192000
b10000 #
b10000 '
b10000 (
b1111 &
0$
#2193000
b10001 #
b10001 '
b10001 (
b10000 &
0$
#2194000
b10010 #
b10010 '
b10010 (
b10001 &
0$
#2195000
b10011 #
b10011 '
b10011 (
b10010 &
0$
#2196000
b10100 #
b10100 '
b10100 (
b10011 &
0$
#2197000
b10101 #
b10101 '
b10101 (
b10100 &
0$
#2198000
b10110 #
b10110 '
b10110 (
b10101 &
0$
#2199000
b10111 #
b10111 '
b10111 (
b10110 &
0$
#2200000
b11000 #
b11000 '
b11000 (
b10111 &
0$
#2201000
b11001 #
b11001 '
b11001 (
b11000 &
0$
#2202000
b11010 #
b11010 '
b11010 (
b11001 &
0$
#2203000
b11011 #
b11011 '
b11011 (
b11010 &
0$
#2204000
b11100 #
b11100 '
b11100 (
b11011 &
0$
#2205000
b11101 #
b11101 '
b11101 (
b11100 &
0$
#2206000
b11110 #
b11110 '
b11110 (
b11101 &
0$
#2207000
b11111 #
b11111 '
b11111 (
b11110 &
0$
#2208000
b0 #
b0 '
b0 (
b11111 &
0$
#2209000
b1 #
b1 '
b1 (
b0 &
0$
#2210000
b10 #
b10 '
b10 (
b1 &
0$
#2211000
b11 #
b11 '
b11 (
b10 &
0$
#2212000
b100 #
b100 '
b100 (
b11 &
0$
#2213000
b101 #
b101 '
b101 (
b100 &
0$
#2214000
b110 #
b110 '
b110 (
b101 &
0$
#2215000
b111 #
b111 '
b111 (
b110 &
0$
#2216000
b1000 #
b1000 '
b1000 (
b111 &
0$
#2217000
b1001 #
b1001 '
b1001 (
b1000 &
0$
#2218000
b1010 #
b1010 '
b1010 (
b1001 &
0$
#2219000
b1011 #
b1011 '
b1011 (
b1010 &
0$
#2220000
b1100 #
b1100 '
b1100 (
b1011 &
0$
#2221000
b1101 #
b1101 '
b1101 (
b1100 &
0$
#2222000
b1110 #
b1110 '
b1110 (
b1101 &
0$
#2223000
b1111 #
b1111 '
b1111 (
b1110 &
0$
#2224000
b10000 #
b10000 '
b10000 (
b1111 &
0$
#2225000
b10001 #
b10001 '
b10001 (
b10000 &
0$
#2226000
b10010 #
b10010 '
b10010 (
b10001 &
0$
#2227000
b10011 #
b10011 '
b10011 (
b10010 &
0$
#2228000
b10100 #
b10100 '
b10100 (
b10011 &
0$
#2229000
b10101 #
b10101 '
b10101 (
b10100 &
0$
#2230000
b10110 #
b10110 '
b10110 (
b10101 &
0$
#2231000
b10111 #
b10111 '
b10111 (
b10110 &
0$
#2232000
b11000 #
b11000 '
b11000 (
b10111 &
0$
#2233000
b11001 #
b11001 '
b11001 (
b11000 &
0$
#2234000
b11010 #
b11010 '
b11010 (
b11001 &
0$
#2235000
b11011 #
b11011 '
b11011 (
b11010 &
0$
#2236000
b11100 #
b11100 '
b11100 (
b11011 &
0$
#2237000
b11101 #
b11101 '
b11101 (
b11100 &
0$
#2238000
b11110 #
b11110 '
b11110 (
b11101 &
0$
#2239000
b11111 #
b11111 '
b11111 (
b11110 &
0$
#2240000
b0 #
b0 '
b0 (
b11111 &
0$
#2241000
b1 #
b1 '
b1 (
b0 &
0$
#2242000
b10 #
b10 '
b10 (
b1 &
0$
#2243000
b11 #
b11 '
b11 (
b10 &
0$
#2244000
b100 #
b100 '
b100 (
b11 &
0$
#2245000
b101 #
b101 '
b101 (
b100 &
0$
#2246000
b110 #
b110 '
b110 (
b101 &
0$
#2247000
b111 #
b111 '
b111 (
b110 &
0$
#2248000
b1000 #
b1000 '
b1000 (
b111 &
0$
#2249000
b1001 #
b1001 '
b1001 (
b1000 &
0$
#2250000
b1010 #
b1010 '
b1010 (
b1001 &
0$
#2251000
b1011 #
b1011 '
b1011 (
b1010 &
0$
#2252000
b1100 #
b1100 '
b1100 (
b1011 &
0$
#2253000
b1101 #
b1101 '
b1101 (
b1100 &
0$
#2254000
b1110 #
b1110 '
b1110 (
b1101 &
0$
#2255000
b1111 #
b1111 '
b1111 (
b1110 &
0$
#2256000
b10000 #
b10000 '
b10000 (
b1111 &
0$
#2257000
b10001 #
b10001 '
b10001 (
b10000 &
0$
#2258000
b10010 #
b10010 '
b10010 (
b10001 &
0$
#2259000
b10011 #
b10011 '
b10011 (
b10010 &
0$
#2260000
b10100 #
b10100 '
b10100 (
b10011 &
0$
#2261000
b10101 #
b10101 '
b10101 (
b10100 &
0$
#2262000
b10110 #
b10110 '
b10110 (
b10101 &
0$
#2263000
b10111 #
b10111 '
b10111 (
b10110 &
0$
#2264000
b11000 #
b11000 '
b11000 (
b10111 &
0$
#2265000
b11001 #
b11001 '
b11001 (
b11000 &
0$
#2266000
b11010 #
b11010 '
b11010 (
b11001 &
0$
#2267000
b11011 #
b11011 '
b11011 (
b11010 &
0$
#2268000
b11100 #
b11100 '
b11100 (
b11011 &
0$
#2269000
b11101 #
b11101 '
b11101 (
b11100 &
0$
#2270000
b11110 #
b11110 '
b11110 (
b11101 &
0$
#2271000
b11111 #
b11111 '
b11111 (
b11110 &
0$
#2272000
b0 #
b0 '
b0 (
b11111 &
0$
#2273000
b1 #
b1 '
b1 (
b0 &
0$
#2274000
b10 #
b10 '
b10 (
b1 &
0$
#2275000
b11 #
b11 '
b11 (
b10 &
0$
#2276000
b100 #
b100 '
b100 (
b11 &
0$
#2277000
b101 #
b101 '
b101 (
b100 &
0$
#2278000
b110 #
b110 '
b110 (
b101 &
0$
#2279000
b111 #
b111 '
b111 (
b110 &
0$
#2280000
b1000 #
b1000 '
b1000 (
b111 &
0$
#2281000
b1001 #
b1001 '
b1001 (
b1000 &
0$
#2282000
b1010 #
b1010 '
b1010 (
b1001 &
0$
#2283000
b1011 #
b1011 '
b1011 (
b1010 &
0$
#2284000
b1100 #
b1100 '
b1100 (
b1011 &
0$
#2285000
b1101 #
b1101 '
b1101 (
b1100 &
0$
#2286000
b1110 #
b1110 '
b1110 (
b1101 &
0$
#2287000
b1111 #
b1111 '
b1111 (
b1110 &
0$
#2288000
b10000 #
b10000 '
b10000 (
b1111 &
0$
#2289000
b10001 #
b10001 '
b10001 (
b10000 &
0$
#2290000
b10010 #
b10010 '
b10010 (
b10001 &
0$
#2291000
b10011 #
b10011 '
b10011 (
b10010 &
0$
#2292000
b10100 #
b10100 '
b10100 (
b10011 &
0$
#2293000
b10101 #
b10101 '
b10101 (
b10100 &
0$
#2294000
b10110 #
b10110 '
b10110 (
b10101 &
0$
#2295000
b10111 #
b10111 '
b10111 (
b10110 &
0$
#2296000
b11000 #
b11000 '
b11000 (
b10111 &
0$
#2297000
b11001 #
b11001 '
b11001 (
b11000 &
0$
#2298000
b11010 #
b11010 '
b11010 (
b11001 &
0$
#2299000
b11011 #
b11011 '
b11011 (
b11010 &
0$
#2300000
b11100 #
b11100 '
b11100 (
b11011 &
0$
#2301000
b11101 #
b11101 '
b11101 (
b11100 &
0$
#2302000
b11110 #
b11110 '
b11110 (
b11101 &
0$
#2303000
b11111 #
b11111 '
b11111 (
b11110 &
0$
#2304000
b0 #
b0 '
b0 (
b11111 &
0$
#2305000
b1 #
b1 '
b1 (
b0 &
0$
#2306000
b10 #
b10 '
b10 (
b1 &
0$
#2307000
b11 #
b11 '
b11 (
b10 &
0$
#2308000
b100 #
b100 '
b100 (
b11 &
0$
#2309000
b101 #
b101 '
b101 (
b100 &
0$
#2310000
b110 #
b110 '
b110 (
b101 &
0$
#2311000
b111 #
b111 '
b111 (
b110 &
0$
#2312000
b1000 #
b1000 '
b1000 (
b111 &
0$
#2313000
b1001 #
b1001 '
b1001 (
b1000 &
0$
#2314000
b1010 #
b1010 '
b1010 (
b1001 &
0$
#2315000
b1011 #
b1011 '
b1011 (
b1010 &
0$
#2316000
b1100 #
b1100 '
b1100 (
b1011 &
0$
#2317000
b1101 #
b1101 '
b1101 (
b1100 &
0$
#2318000
b1110 #
b1110 '
b1110 (
b1101 &
0$
#2319000
b1111 #
b1111 '
b1111 (
b1110 &
0$
#2320000
b10000 #
b10000 '
b10000 (
b1111 &
0$
#2321000
b10001 #
b10001 '
b10001 (
b10000 &
0$
#2322000
b10010 #
b10010 '
b10010 (
b10001 &
0$
#2323000
b10011 #
b10011 '
b10011 (
b10010 &
0$
#2324000
b10100 #
b10100 '
b10100 (
b10011 &
0$
#2325000
b10101 #
b10101 '
b10101 (
b10100 &
0$
#2326000
b10110 #
b10110 '
b10110 (
b10101 &
0$
#2327000
b10111 #
b10111 '
b10111 (
b10110 &
0$
#2328000
b11000 #
b11000 '
b11000 (
b10111 &
0$
#2329000
b11001 #
b11001 '
b11001 (
b11000 &
0$
#2330000
b11010 #
b11010 '
b11010 (
b11001 &
0$
#2331000
b11011 #
b11011 '
b11011 (
b11010 &
0$
#2332000
b11100 #
b11100 '
b11100 (
b11011 &
0$
#2333000
b11101 #
b11101 '
b11101 (
b11100 &
0$
#2334000
b11110 #
b11110 '
b11110 (
b11101 &
0$
#2335000
b11111 #
b11111 '
b11111 (
b11110 &
0$
#2336000
b0 #
b0 '
b0 (
b11111 &
0$
#2337000
b1 #
b1 '
b1 (
b0 &
0$
#2338000
b10 #
b10 '
b10 (
b1 &
0$
#2339000
b11 #
b11 '
b11 (
b10 &
0$
#2340000
b100 #
b100 '
b100 (
b11 &
0$
#2341000
b101 #
b101 '
b101 (
b100 &
0$
#2342000
b110 #
b110 '
b110 (
b101 &
0$
#2343000
b111 #
b111 '
b111 (
b110 &
0$
#2344000
b1000 #
b1000 '
b1000 (
b111 &
0$
#2345000
b1001 #
b1001 '
b1001 (
b1000 &
0$
#2346000
b1010 #
b1010 '
b1010 (
b1001 &
0$
#2347000
b1011 #
b1011 '
b1011 (
b1010 &
0$
#2348000
b1100 #
b1100 '
b1100 (
b1011 &
0$
#2349000
b1101 #
b1101 '
b1101 (
b1100 &
0$
#2350000
b1110 #
b1110 '
b1110 (
b1101 &
0$
#2351000
b1111 #
b1111 '
b1111 (
b1110 &
0$
#2352000
b10000 #
b10000 '
b10000 (
b1111 &
0$
#2353000
b10001 #
b10001 '
b10001 (
b10000 &
0$
#2354000
b10010 #
b10010 '
b10010 (
b10001 &
0$
#2355000
b10011 #
b10011 '
b10011 (
b10010 &
0$
#2356000
b10100 #
b10100 '
b10100 (
b10011 &
0$
#2357000
b10101 #
b10101 '
b10101 (
b10100 &
0$
#2358000
b10110 #
b10110 '
b10110 (
b10101 &
0$
#2359000
b10111 #
b10111 '
b10111 (
b10110 &
0$
#2360000
b11000 #
b11000 '
b11000 (
b10111 &
0$
#2361000
b11001 #
b11001 '
b11001 (
b11000 &
0$
#2362000
b11010 #
b11010 '
b11010 (
b11001 &
0$
#2363000
b11011 #
b11011 '
b11011 (
b11010 &
0$
#2364000
b11100 #
b11100 '
b11100 (
b11011 &
0$
#2365000
b11101 #
b11101 '
b11101 (
b11100 &
0$
#2366000
b11110 #
b11110 '
b11110 (
b11101 &
0$
#2367000
b11111 #
b11111 '
b11111 (
b11110 &
0$
#2368000
b0 #
b0 '
b0 (
b11111 &
0$
#2369000
b1 #
b1 '
b1 (
b0 &
0$
#2370000
b10 #
b10 '
b10 (
b1 &
0$
#2371000
b11 #
b11 '
b11 (
b10 &
0$
#2372000
b100 #
b100 '
b100 (
b11 &
0$
#2373000
b101 #
b101 '
b101 (
b100 &
0$
#2374000
b110 #
b110 '
b110 (
b101 &
0$
#2375000
b111 #
b111 '
b111 (
b110 &
0$
#2376000
b1000 #
b1000 '
b1000 (
b111 &
0$
#2377000
b1001 #
b1001 '
b1001 (
b1000 &
0$
#2378000
b1010 #
b1010 '
b1010 (
b1001 &
0$
#2379000
b1011 #
b1011 '
b1011 (
b1010 &
0$
#2380000
b1100 #
b1100 '
b1100 (
b1011 &
0$
#2381000
b1101 #
b1101 '
b1101 (
b1100 &
0$
#2382000
b1110 #
b1110 '
b1110 (
b1101 &
0$
#2383000
b1111 #
b1111 '
b1111 (
b1110 &
0$
#2384000
b10000 #
b10000 '
b10000 (
b1111 &
0$
#2385000
b10001 #
b10001 '
b10001 (
b10000 &
0$
#2386000
b10010 #
b10010 '
b10010 (
b10001 &
0$
#2387000
b10011 #
b10011 '
b10011 (
b10010 &
0$
#2388000
b10100 #
b10100 '
b10100 (
b10011 &
0$
#2389000
b10101 #
b10101 '
b10101 (
b10100 &
0$
#2390000
b10110 #
b10110 '
b10110 (
b10101 &
0$
#2391000
b10111 #
b10111 '
b10111 (
b10110 &
0$
#2392000
b11000 #
b11000 '
b11000 (
b10111 &
0$
#2393000
b11001 #
b11001 '
b11001 (
b11000 &
0$
#2394000
b11010 #
b11010 '
b11010 (
b11001 &
0$
#2395000
b11011 #
b11011 '
b11011 (
b11010 &
0$
#2396000
b11100 #
b11100 '
b11100 (
b11011 &
0$
#2397000
b11101 #
b11101 '
b11101 (
b11100 &
0$
#2398000
b11110 #
b11110 '
b11110 (
b11101 &
0$
#2399000
b11111 #
b11111 '
b11111 (
b11110 &
0$
#2400000
b0 #
b0 '
b0 (
b11111 &
0$
#2401000
b1 #
b1 '
b1 (
b0 &
0$
#2402000
b10 #
b10 '
b10 (
b1 &
0$
#2403000
b11 #
b11 '
b11 (
b10 &
0$
#2404000
b100 #
b100 '
b100 (
b11 &
0$
#2405000
b101 #
b101 '
b101 (
b100 &
0$
#2406000
b110 #
b110 '
b110 (
b101 &
0$
#2407000
b111 #
b111 '
b111 (
b110 &
0$
#2408000
b1000 #
b1000 '
b1000 (
b111 &
0$
#2409000
b1001 #
b1001 '
b1001 (
b1000 &
0$
#2410000
b1010 #
b1010 '
b1010 (
b1001 &
0$
#2411000
b1011 #
b1011 '
b1011 (
b1010 &
0$
#2412000
b1100 #
b1100 '
b1100 (
b1011 &
0$
#2413000
b1101 #
b1101 '
b1101 (
b1100 &
0$
#2414000
b1110 #
b1110 '
b1110 (
b1101 &
0$
#2415000
b1111 #
b1111 '
b1111 (
b1110 &
0$
#2416000
b10000 #
b10000 '
b10000 (
b1111 &
0$
#2417000
b10001 #
b10001 '
b10001 (
b10000 &
0$
#2418000
b10010 #
b10010 '
b10010 (
b10001 &
0$
#2419000
b10011 #
b10011 '
b10011 (
b10010 &
0$
#2420000
b10100 #
b10100 '
b10100 (
b10011 &
0$
#2421000
b10101 #
b10101 '
b10101 (
b10100 &
0$
#2422000
b10110 #
b10110 '
b10110 (
b10101 &
0$
#2423000
b10111 #
b10111 '
b10111 (
b10110 &
0$
#2424000
b11000 #
b11000 '
b11000 (
b10111 &
0$
#2425000
b11001 #
b11001 '
b11001 (
b11000 &
0$
#2426000
b11010 #
b11010 '
b11010 (
b11001 &
0$
#2427000
b11011 #
b11011 '
b11011 (
b11010 &
0$
#2428000
b11100 #
b11100 '
b11100 (
b11011 &
0$
#2429000
b11101 #
b11101 '
b11101 (
b11100 &
0$
#2430000
b11110 #
b11110 '
b11110 (
b11101 &
0$
#2431000
b11111 #
b11111 '
b11111 (
b11110 &
0$
#2432000
b0 #
b0 '
b0 (
b11111 &
0$
#2433000
b1 #
b1 '
b1 (
b0 &
0$
#2434000
b10 #
b10 '
b10 (
b1 &
0$
#2435000
b11 #
b11 '
b11 (
b10 &
0$
#2436000
b100 #
b100 '
b100 (
b11 &
0$
#2437000
b101 #
b101 '
b101 (
b100 &
0$
#2438000
b110 #
b110 '
b110 (
b101 &
0$
#2439000
b111 #
b111 '
b111 (
b110 &
0$
#2440000
b1000 #
b1000 '
b1000 (
b111 &
0$
#2441000
b1001 #
b1001 '
b1001 (
b1000 &
0$
#2442000
b1010 #
b1010 '
b1010 (
b1001 &
0$
#2443000
b1011 #
b1011 '
b1011 (
b1010 &
0$
#2444000
b1100 #
b1100 '
b1100 (
b1011 &
0$
#2445000
b1101 #
b1101 '
b1101 (
b1100 &
0$
#2446000
b1110 #
b1110 '
b1110 (
b1101 &
0$
#2447000
b1111 #
b1111 '
b1111 (
b1110 &
0$
#2448000
b10000 #
b10000 '
b10000 (
b1111 &
0$
#2449000
b10001 #
b10001 '
b10001 (
b10000 &
0$
#2450000
b10010 #
b10010 '
b10010 (
b10001 &
0$
#2451000
b10011 #
b10011 '
b10011 (
b10010 &
0$
#2452000
b10100 #
b10100 '
b10100 (
b10011 &
0$
#2453000
b10101 #
b10101 '
b10101 (
b10100 &
0$
#2454000
b10110 #
b10110 '
b10110 (
b10101 &
0$
#2455000
b10111 #
b10111 '
b10111 (
b10110 &
0$
#2456000
b11000 #
b11000 '
b11000 (
b10111 &
0$
#2457000
b11001 #
b11001 '
b11001 (
b11000 &
0$
#2458000
b11010 #
b11010 '
b11010 (
b11001 &
0$
#2459000
b11011 #
b11011 '
b11011 (
b11010 &
0$
#2460000
b11100 #
b11100 '
b11100 (
b11011 &
0$
#2461000
b11101 #
b11101 '
b11101 (
b11100 &
0$
#2462000
b11110 #
b11110 '
b11110 (
b11101 &
0$
#2463000
b11111 #
b11111 '
b11111 (
b11110 &
0$
#2464000
b0 #
b0 '
b0 (
b11111 &
0$
#2465000
b1 #
b1 '
b1 (
b0 &
0$
#2466000
b10 #
b10 '
b10 (
b1 &
0$
#2467000
b11 #
b11 '
b11 (
b10 &
0$
#2468000
b100 #
b100 '
b100 (
b11 &
0$
#2469000
b101 #
b101 '
b101 (
b100 &
0$
#2470000
b110 #
b110 '
b110 (
b101 &
0$
#2471000
b111 #
b111 '
b111 (
b110 &
0$
#2472000
b1000 #
b1000 '
b1000 (
b111 &
0$
#2473000
b1001 #
b1001 '
b1001 (
b1000 &
0$
#2474000
b1010 #
b1010 '
b1010 (
b1001 &
0$
#2475000
b1011 #
b1011 '
b1011 (
b1010 &
0$
#2476000
b1100 #
b1100 '
b1100 (
b1011 &
0$
#2477000
b1101 #
b1101 '
b1101 (
b1100 &
0$
#2478000
b1110 #
b1110 '
b1110 (
b1101 &
0$
#2479000
b1111 #
b1111 '
b1111 (
b1110 &
0$
#2480000
b10000 #
b10000 '
b10000 (
b1111 &
0$
#2481000
b10001 #
b10001 '
b10001 (
b10000 &
0$
#2482000
b10010 #
b10010 '
b10010 (
b10001 &
0$
#2483000
b10011 #
b10011 '
b10011 (
b10010 &
0$
#2484000
b10100 #
b10100 '
b10100 (
b10011 &
0$
#2485000
b10101 #
b10101 '
b10101 (
b10100 &
0$
#2486000
b10110 #
b10110 '
b10110 (
b10101 &
0$
#2487000
b10111 #
b10111 '
b10111 (
b10110 &
0$
#2488000
b11000 #
b11000 '
b11000 (
b10111 &
0$
#2489000
b11001 #
b11001 '
b11001 (
b11000 &
0$
#2490000
b11010 #
b11010 '
b11010 (
b11001 &
0$
#2491000
b11011 #
b11011 '
b11011 (
b11010 &
0$
#2492000
b11100 #
b11100 '
b11100 (
b11011 &
0$
#2493000
b11101 #
b11101 '
b11101 (
b11100 &
0$
#2494000
b11110 #
b11110 '
b11110 (
b11101 &
0$
#2495000
b11111 #
b11111 '
b11111 (
b11110 &
0$
#2496000
b0 #
b0 '
b0 (
b11111 &
0$
#2497000
b1 #
b1 '
b1 (
b0 &
0$
#2498000
b10 #
b10 '
b10 (
b1 &
0$
#2499000
b11 #
b11 '
b11 (
b10 &
0$
#2500000
b100 #
b100 '
b100 (
b11 &
0$
#2501000
b101 #
b101 '
b101 (
b100 &
0$
#2502000
b110 #
b110 '
b110 (
b101 &
0$
#2503000
b111 #
b111 '
b111 (
b110 &
0$
#2504000
b1000 #
b1000 '
b1000 (
b111 &
0$
#2505000
b1001 #
b1001 '
b1001 (
b1000 &
0$
#2506000
b1010 #
b1010 '
b1010 (
b1001 &
0$
#2507000
b1011 #
b1011 '
b1011 (
b1010 &
0$
#2508000
b1100 #
b1100 '
b1100 (
b1011 &
0$
#2509000
b1101 #
b1101 '
b1101 (
b1100 &
0$
#2510000
b1110 #
b1110 '
b1110 (
b1101 &
0$
#2511000
b1111 #
b1111 '
b1111 (
b1110 &
0$
#2512000
b10000 #
b10000 '
b10000 (
b1111 &
0$
#2513000
b10001 #
b10001 '
b10001 (
b10000 &
0$
#2514000
b10010 #
b10010 '
b10010 (
b10001 &
0$
#2515000
b10011 #
b10011 '
b10011 (
b10010 &
0$
#2516000
b10100 #
b10100 '
b10100 (
b10011 &
0$
#2517000
b10101 #
b10101 '
b10101 (
b10100 &
0$
#2518000
b10110 #
b10110 '
b10110 (
b10101 &
0$
#2519000
b10111 #
b10111 '
b10111 (
b10110 &
0$
#2520000
b11000 #
b11000 '
b11000 (
b10111 &
0$
#2521000
b11001 #
b11001 '
b11001 (
b11000 &
0$
#2522000
b11010 #
b11010 '
b11010 (
b11001 &
0$
#2523000
b11011 #
b11011 '
b11011 (
b11010 &
0$
#2524000
b11100 #
b11100 '
b11100 (
b11011 &
0$
#2525000
b11101 #
b11101 '
b11101 (
b11100 &
0$
#2526000
b11110 #
b11110 '
b11110 (
b11101 &
0$
#2527000
b11111 #
b11111 '
b11111 (
b11110 &
0$
#2528000
b0 #
b0 '
b0 (
b11111 &
0$
#2529000
b1 #
b1 '
b1 (
b0 &
0$
#2530000
b10 #
b10 '
b10 (
b1 &
0$
#2531000
b11 #
b11 '
b11 (
b10 &
0$
#2532000
b100 #
b100 '
b100 (
b11 &
0$
#2533000
b101 #
b101 '
b101 (
b100 &
0$
#2534000
b110 #
b110 '
b110 (
b101 &
0$
#2535000
b111 #
b111 '
b111 (
b110 &
0$
#2536000
b1000 #
b1000 '
b1000 (
b111 &
0$
#2537000
b1001 #
b1001 '
b1001 (
b1000 &
0$
#2538000
b1010 #
b1010 '
b1010 (
b1001 &
0$
#2539000
b1011 #
b1011 '
b1011 (
b1010 &
0$
#2540000
b1100 #
b1100 '
b1100 (
b1011 &
0$
#2541000
b1101 #
b1101 '
b1101 (
b1100 &
0$
#2542000
b1110 #
b1110 '
b1110 (
b1101 &
0$
#2543000
b1111 #
b1111 '
b1111 (
b1110 &
0$
#2544000
b10000 #
b10000 '
b10000 (
b1111 &
0$
#2545000
b10001 #
b10001 '
b10001 (
b10000 &
0$
#2546000
b10010 #
b10010 '
b10010 (
b10001 &
0$
#2547000
b10011 #
b10011 '
b10011 (
b10010 &
0$
#2548000
b10100 #
b10100 '
b10100 (
b10011 &
0$
#2549000
b10101 #
b10101 '
b10101 (
b10100 &
0$
#2550000
b10110 #
b10110 '
b10110 (
b10101 &
0$
#2551000
b10111 #
b10111 '
b10111 (
b10110 &
0$
#2552000
b11000 #
b11000 '
b11000 (
b10111 &
0$
#2553000
b11001 #
b11001 '
b11001 (
b11000 &
0$
#2554000
b11010 #
b11010 '
b11010 (
b11001 &
0$
#2555000
b11011 #
b11011 '
b11011 (
b11010 &
0$
#2556000
b11100 #
b11100 '
b11100 (
b11011 &
0$
#2557000
b11101 #
b11101 '
b11101 (
b11100 &
0$
#2558000
b11110 #
b11110 '
b11110 (
b11101 &
0$
#2559000
b11111 #
b11111 '
b11111 (
b11110 &
0$
#2560000
b0 #
b0 '
b0 (
b11111 &
0$
#2561000
b1 #
b1 '
b1 (
b0 &
0$
#2562000
b10 #
b10 '
b10 (
b1 &
0$
#2563000
b11 #
b11 '
b11 (
b10 &
0$
#2564000
b100 #
b100 '
b100 (
b11 &
0$
#2565000
b101 #
b101 '
b101 (
b100 &
0$
#2566000
b110 #
b110 '
b110 (
b101 &
0$
#2567000
b111 #
b111 '
b111 (
b110 &
0$
#2568000
b1000 #
b1000 '
b1000 (
b111 &
0$
#2569000
b1001 #
b1001 '
b1001 (
b1000 &
0$
#2570000
b1010 #
b1010 '
b1010 (
b1001 &
0$
#2571000
b1011 #
b1011 '
b1011 (
b1010 &
0$
#2572000
b1100 #
b1100 '
b1100 (
b1011 &
0$
#2573000
b1101 #
b1101 '
b1101 (
b1100 &
0$
#2574000
b1110 #
b1110 '
b1110 (
b1101 &
0$
#2575000
b1111 #
b1111 '
b1111 (
b1110 &
0$
#2576000
b10000 #
b10000 '
b10000 (
b1111 &
0$
#2577000
b10001 #
b10001 '
b10001 (
b10000 &
0$
#2578000
b10010 #
b10010 '
b10010 (
b10001 &
0$
#2579000
b10011 #
b10011 '
b10011 (
b10010 &
0$
#2580000
b10100 #
b10100 '
b10100 (
b10011 &
0$
#2581000
b10101 #
b10101 '
b10101 (
b10100 &
0$
#2582000
b10110 #
b10110 '
b10110 (
b10101 &
0$
#2583000
b10111 #
b10111 '
b10111 (
b10110 &
0$
#2584000
b11000 #
b11000 '
b11000 (
b10111 &
0$
#2585000
b11001 #
b11001 '
b11001 (
b11000 &
0$
#2586000
b11010 #
b11010 '
b11010 (
b11001 &
0$
#2587000
b11011 #
b11011 '
b11011 (
b11010 &
0$
#2588000
b11100 #
b11100 '
b11100 (
b11011 &
0$
#2589000
b11101 #
b11101 '
b11101 (
b11100 &
0$
#2590000
b11110 #
b11110 '
b11110 (
b11101 &
0$
#2591000
b11111 #
b11111 '
b11111 (
b11110 &
0$
#2592000
b0 #
b0 '
b0 (
b11111 &
0$
#2593000
b1 #
b1 '
b1 (
b0 &
0$
#2594000
b10 #
b10 '
b10 (
b1 &
0$
#2595000
b11 #
b11 '
b11 (
b10 &
0$
#2596000
b100 #
b100 '
b100 (
b11 &
0$
#2597000
b101 #
b101 '
b101 (
b100 &
0$
#2598000
b110 #
b110 '
b110 (
b101 &
0$
#2599000
b111 #
b111 '
b111 (
b110 &
0$
#2600000
b1000 #
b1000 '
b1000 (
b111 &
0$
#2601000
b1001 #
b1001 '
b1001 (
b1000 &
0$
#2602000
b1010 #
b1010 '
b1010 (
b1001 &
0$
#2603000
b1011 #
b1011 '
b1011 (
b1010 &
0$
#2604000
b1100 #
b1100 '
b1100 (
b1011 &
0$
#2605000
b1101 #
b1101 '
b1101 (
b1100 &
0$
#2606000
b1110 #
b1110 '
b1110 (
b1101 &
0$
#2607000
b1111 #
b1111 '
b1111 (
b1110 &
0$
#2608000
b10000 #
b10000 '
b10000 (
b1111 &
0$
#2609000
b10001 #
b10001 '
b10001 (
b10000 &
0$
#2610000
b10010 #
b10010 '
b10010 (
b10001 &
0$
#2611000
b10011 #
b10011 '
b10011 (
b10010 &
0$
#2612000
b10100 #
b10100 '
b10100 (
b10011 &
0$
#2613000
b10101 #
b10101 '
b10101 (
b10100 &
0$
#2614000
b10110 #
b10110 '
b10110 (
b10101 &
0$
#2615000
b10111 #
b10111 '
b10111 (
b10110 &
0$
#2616000
b11000 #
b11000 '
b11000 (
b10111 &
0$
#2617000
b11001 #
b11001 '
b11001 (
b11000 &
0$
#2618000
b11010 #
b11010 '
b11010 (
b11001 &
0$
#2619000
b11011 #
b11011 '
b11011 (
b11010 &
0$
#2620000
b11100 #
b11100 '
b11100 (
b11011 &
0$
#2621000
b11101 #
b11101 '
b11101 (
b11100 &
0$
#2622000
b11110 #
b11110 '
b11110 (
b11101 &
0$
#2623000
b11111 #
b11111 '
b11111 (
b11110 &
0$
#2624000
b0 #
b0 '
b0 (
b11111 &
0$
#2625000
b1 #
b1 '
b1 (
b0 &
0$
#2626000
b10 #
b10 '
b10 (
b1 &
0$
#2627000
b11 #
b11 '
b11 (
b10 &
0$
#2628000
b100 #
b100 '
b100 (
b11 &
0$
#2629000
b101 #
b101 '
b101 (
b100 &
0$
#2630000
b110 #
b110 '
b110 (
b101 &
0$
#2631000
b111 #
b111 '
b111 (
b110 &
0$
#2632000
b1000 #
b1000 '
b1000 (
b111 &
0$
#2633000
b1001 #
b1001 '
b1001 (
b1000 &
0$
#2634000
b1010 #
b1010 '
b1010 (
b1001 &
0$
#2635000
b1011 #
b1011 '
b1011 (
b1010 &
0$
#2636000
b1100 #
b1100 '
b1100 (
b1011 &
0$
#2637000
b1101 #
b1101 '
b1101 (
b1100 &
0$
#2638000
b1110 #
b1110 '
b1110 (
b1101 &
0$
#2639000
b1111 #
b1111 '
b1111 (
b1110 &
0$
#2640000
b10000 #
b10000 '
b10000 (
b1111 &
0$
#2641000
b10001 #
b10001 '
b10001 (
b10000 &
0$
#2642000
b10010 #
b10010 '
b10010 (
b10001 &
0$
#2643000
b10011 #
b10011 '
b10011 (
b10010 &
0$
#2644000
b10100 #
b10100 '
b10100 (
b10011 &
0$
#2645000
b10101 #
b10101 '
b10101 (
b10100 &
0$
#2646000
b10110 #
b10110 '
b10110 (
b10101 &
0$
#2647000
b10111 #
b10111 '
b10111 (
b10110 &
0$
#2648000
b11000 #
b11000 '
b11000 (
b10111 &
0$
#2649000
b11001 #
b11001 '
b11001 (
b11000 &
0$
#2650000
b11010 #
b11010 '
b11010 (
b11001 &
0$
#2651000
b11011 #
b11011 '
b11011 (
b11010 &
0$
#2652000
b11100 #
b11100 '
b11100 (
b11011 &
0$
#2653000
b11101 #
b11101 '
b11101 (
b11100 &
0$
#2654000
b11110 #
b11110 '
b11110 (
b11101 &
0$
#2655000
b11111 #
b11111 '
b11111 (
b11110 &
0$
#2656000
b0 #
b0 '
b0 (
b11111 &
0$
#2657000
b1 #
b1 '
b1 (
b0 &
0$
#2658000
b10 #
b10 '
b10 (
b1 &
0$
#2659000
b11 #
b11 '
b11 (
b10 &
0$
#2660000
b100 #
b100 '
b100 (
b11 &
0$
#2661000
b101 #
b101 '
b101 (
b100 &
0$
#2662000
b110 #
b110 '
b110 (
b101 &
0$
#2663000
b111 #
b111 '
b111 (
b110 &
0$
#2664000
b1000 #
b1000 '
b1000 (
b111 &
0$
#2665000
b1001 #
b1001 '
b1001 (
b1000 &
0$
#2666000
b1010 #
b1010 '
b1010 (
b1001 &
0$
#2667000
b1011 #
b1011 '
b1011 (
b1010 &
0$
#2668000
b1100 #
b1100 '
b1100 (
b1011 &
0$
#2669000
b1101 #
b1101 '
b1101 (
b1100 &
0$
#2670000
b1110 #
b1110 '
b1110 (
b1101 &
0$
#2671000
b1111 #
b1111 '
b1111 (
b1110 &
0$
#2672000
b10000 #
b10000 '
b10000 (
b1111 &
0$
#2673000
b10001 #
b10001 '
b10001 (
b10000 &
0$
#2674000
b10010 #
b10010 '
b10010 (
b10001 &
0$
#2675000
b10011 #
b10011 '
b10011 (
b10010 &
0$
#2676000
b10100 #
b10100 '
b10100 (
b10011 &
0$
#2677000
b10101 #
b10101 '
b10101 (
b10100 &
0$
#2678000
b10110 #
b10110 '
b10110 (
b10101 &
0$
#2679000
b10111 #
b10111 '
b10111 (
b10110 &
0$
#2680000
b11000 #
b11000 '
b11000 (
b10111 &
0$
#2681000
b11001 #
b11001 '
b11001 (
b11000 &
0$
#2682000
b11010 #
b11010 '
b11010 (
b11001 &
0$
#2683000
b11011 #
b11011 '
b11011 (
b11010 &
0$
#2684000
b11100 #
b11100 '
b11100 (
b11011 &
0$
#2685000
b11101 #
b11101 '
b11101 (
b11100 &
0$
#2686000
b11110 #
b11110 '
b11110 (
b11101 &
0$
#2687000
b11111 #
b11111 '
b11111 (
b11110 &
0$
#2688000
b0 #
b0 '
b0 (
b11111 &
0$
#2689000
b1 #
b1 '
b1 (
b0 &
0$
#2690000
b10 #
b10 '
b10 (
b1 &
0$
#2691000
b11 #
b11 '
b11 (
b10 &
0$
#2692000
b100 #
b100 '
b100 (
b11 &
0$
#2693000
b101 #
b101 '
b101 (
b100 &
0$
#2694000
b110 #
b110 '
b110 (
b101 &
0$
#2695000
b111 #
b111 '
b111 (
b110 &
0$
#2696000
b1000 #
b1000 '
b1000 (
b111 &
0$
#2697000
b1001 #
b1001 '
b1001 (
b1000 &
0$
#2698000
b1010 #
b1010 '
b1010 (
b1001 &
0$
#2699000
b1011 #
b1011 '
b1011 (
b1010 &
0$
#2700000
b1100 #
b1100 '
b1100 (
b1011 &
0$
#2701000
b1101 #
b1101 '
b1101 (
b1100 &
0$
#2702000
b1110 #
b1110 '
b1110 (
b1101 &
0$
#2703000
b1111 #
b1111 '
b1111 (
b1110 &
0$
#2704000
b10000 #
b10000 '
b10000 (
b1111 &
0$
#2705000
b10001 #
b10001 '
b10001 (
b10000 &
0$
#2706000
b10010 #
b10010 '
b10010 (
b10001 &
0$
#2707000
b10011 #
b10011 '
b10011 (
b10010 &
0$
#2708000
b10100 #
b10100 '
b10100 (
b10011 &
0$
#2709000
b10101 #
b10101 '
b10101 (
b10100 &
0$
#2710000
b10110 #
b10110 '
b10110 (
b10101 &
0$
#2711000
b10111 #
b10111 '
b10111 (
b10110 &
0$
#2712000
b11000 #
b11000 '
b11000 (
b10111 &
0$
#2713000
b11001 #
b11001 '
b11001 (
b11000 &
0$
#2714000
b11010 #
b11010 '
b11010 (
b11001 &
0$
#2715000
b11011 #
b11011 '
b11011 (
b11010 &
0$
#2716000
b11100 #
b11100 '
b11100 (
b11011 &
0$
#2717000
b11101 #
b11101 '
b11101 (
b11100 &
0$
#2718000
b11110 #
b11110 '
b11110 (
b11101 &
0$
#2719000
b11111 #
b11111 '
b11111 (
b11110 &
0$
#2720000
b0 #
b0 '
b0 (
b11111 &
0$
#2721000
b1 #
b1 '
b1 (
b0 &
0$
#2722000
b10 #
b10 '
b10 (
b1 &
0$
#2723000
b11 #
b11 '
b11 (
b10 &
0$
#2724000
b100 #
b100 '
b100 (
b11 &
0$
#2725000
b101 #
b101 '
b101 (
b100 &
0$
#2726000
b110 #
b110 '
b110 (
b101 &
0$
#2727000
b111 #
b111 '
b111 (
b110 &
0$
#2728000
b1000 #
b1000 '
b1000 (
b111 &
0$
#2729000
b1001 #
b1001 '
b1001 (
b1000 &
0$
#2730000
b1010 #
b1010 '
b1010 (
b1001 &
0$
#2731000
b1011 #
b1011 '
b1011 (
b1010 &
0$
#2732000
b1100 #
b1100 '
b1100 (
b1011 &
0$
#2733000
b1101 #
b1101 '
b1101 (
b1100 &
0$
#2734000
b1110 #
b1110 '
b1110 (
b1101 &
0$
#2735000
b1111 #
b1111 '
b1111 (
b1110 &
0$
#2736000
b10000 #
b10000 '
b10000 (
b1111 &
0$
#2737000
b10001 #
b10001 '
b10001 (
b10000 &
0$
#2738000
b10010 #
b10010 '
b10010 (
b10001 &
0$
#2739000
b10011 #
b10011 '
b10011 (
b10010 &
0$
#2740000
b10100 #
b10100 '
b10100 (
b10011 &
0$
#2741000
b10101 #
b10101 '
b10101 (
b10100 &
0$
#2742000
b10110 #
b10110 '
b10110 (
b10101 &
0$
#2743000
b10111 #
b10111 '
b10111 (
b10110 &
0$
#2744000
b11000 #
b11000 '
b11000 (
b10111 &
0$
#2745000
b11001 #
b11001 '
b11001 (
b11000 &
0$
#2746000
b11010 #
b11010 '
b11010 (
b11001 &
0$
#2747000
b11011 #
b11011 '
b11011 (
b11010 &
0$
#2748000
b11100 #
b11100 '
b11100 (
b11011 &
0$
#2749000
b11101 #
b11101 '
b11101 (
b11100 &
0$
#2750000
b11110 #
b11110 '
b11110 (
b11101 &
0$
#2751000
b11111 #
b11111 '
b11111 (
b11110 &
0$
#2752000
b0 #
b0 '
b0 (
b11111 &
0$
#2753000
b1 #
b1 '
b1 (
b0 &
0$
#2754000
b10 #
b10 '
b10 (
b1 &
0$
#2755000
b11 #
b11 '
b11 (
b10 &
0$
#2756000
b100 #
b100 '
b100 (
b11 &
0$
#2757000
b101 #
b101 '
b101 (
b100 &
0$
#2758000
b110 #
b110 '
b110 (
b101 &
0$
#2759000
b111 #
b111 '
b111 (
b110 &
0$
#2760000
b1000 #
b1000 '
b1000 (
b111 &
0$
#2761000
b1001 #
b1001 '
b1001 (
b1000 &
0$
#2762000
b1010 #
b1010 '
b1010 (
b1001 &
0$
#2763000
b1011 #
b1011 '
b1011 (
b1010 &
0$
#2764000
b1100 #
b1100 '
b1100 (
b1011 &
0$
#2765000
b1101 #
b1101 '
b1101 (
b1100 &
0$
#2766000
b1110 #
b1110 '
b1110 (
b1101 &
0$
#2767000
b1111 #
b1111 '
b1111 (
b1110 &
0$
#2768000
b10000 #
b10000 '
b10000 (
b1111 &
0$
#2769000
b10001 #
b10001 '
b10001 (
b10000 &
0$
#2770000
b10010 #
b10010 '
b10010 (
b10001 &
0$
#2771000
b10011 #
b10011 '
b10011 (
b10010 &
0$
#2772000
b10100 #
b10100 '
b10100 (
b10011 &
0$
#2773000
b10101 #
b10101 '
b10101 (
b10100 &
0$
#2774000
b10110 #
b10110 '
b10110 (
b10101 &
0$
#2775000
b10111 #
b10111 '
b10111 (
b10110 &
0$
#2776000
b11000 #
b11000 '
b11000 (
b10111 &
0$
#2777000
b11001 #
b11001 '
b11001 (
b11000 &
0$
#2778000
b11010 #
b11010 '
b11010 (
b11001 &
0$
#2779000
b11011 #
b11011 '
b11011 (
b11010 &
0$
#2780000
b11100 #
b11100 '
b11100 (
b11011 &
0$
#2781000
b11101 #
b11101 '
b11101 (
b11100 &
0$
#2782000
b11110 #
b11110 '
b11110 (
b11101 &
0$
#2783000
b11111 #
b11111 '
b11111 (
b11110 &
0$
#2784000
b0 #
b0 '
b0 (
b11111 &
0$
#2785000
b1 #
b1 '
b1 (
b0 &
0$
#2786000
b10 #
b10 '
b10 (
b1 &
0$
#2787000
b11 #
b11 '
b11 (
b10 &
0$
#2788000
b100 #
b100 '
b100 (
b11 &
0$
#2789000
b101 #
b101 '
b101 (
b100 &
0$
#2790000
b110 #
b110 '
b110 (
b101 &
0$
#2791000
b111 #
b111 '
b111 (
b110 &
0$
#2792000
b1000 #
b1000 '
b1000 (
b111 &
0$
#2793000
b1001 #
b1001 '
b1001 (
b1000 &
0$
#2794000
b1010 #
b1010 '
b1010 (
b1001 &
0$
#2795000
b1011 #
b1011 '
b1011 (
b1010 &
0$
#2796000
b1100 #
b1100 '
b1100 (
b1011 &
0$
#2797000
b1101 #
b1101 '
b1101 (
b1100 &
0$
#2798000
b1110 #
b1110 '
b1110 (
b1101 &
0$
#2799000
b1111 #
b1111 '
b1111 (
b1110 &
0$
#2800000
b10000 #
b10000 '
b10000 (
b1111 &
0$
#2801000
b10001 #
b10001 '
b10001 (
b10000 &
0$
#2802000
b10010 #
b10010 '
b10010 (
b10001 &
0$
#2803000
b10011 #
b10011 '
b10011 (
b10010 &
0$
#2804000
b10100 #
b10100 '
b10100 (
b10011 &
0$
#2805000
b10101 #
b10101 '
b10101 (
b10100 &
0$
#2806000
b10110 #
b10110 '
b10110 (
b10101 &
0$
#2807000
b10111 #
b10111 '
b10111 (
b10110 &
0$
#2808000
b11000 #
b11000 '
b11000 (
b10111 &
0$
#2809000
b11001 #
b11001 '
b11001 (
b11000 &
0$
#2810000
b11010 #
b11010 '
b11010 (
b11001 &
0$
#2811000
b11011 #
b11011 '
b11011 (
b11010 &
0$
#2812000
b11100 #
b11100 '
b11100 (
b11011 &
0$
#2813000
b11101 #
b11101 '
b11101 (
b11100 &
0$
#2814000
b11110 #
b11110 '
b11110 (
b11101 &
0$
#2815000
b11111 #
b11111 '
b11111 (
b11110 &
0$
#2816000
b0 #
b0 '
b0 (
b11111 &
0$
#2817000
b1 #
b1 '
b1 (
b0 &
0$
#2818000
b10 #
b10 '
b10 (
b1 &
0$
#2819000
b11 #
b11 '
b11 (
b10 &
0$
#2820000
b100 #
b100 '
b100 (
b11 &
0$
#2821000
b101 #
b101 '
b101 (
b100 &
0$
#2822000
b110 #
b110 '
b110 (
b101 &
0$
#2823000
b111 #
b111 '
b111 (
b110 &
0$
#2824000
b1000 #
b1000 '
b1000 (
b111 &
0$
#2825000
b1001 #
b1001 '
b1001 (
b1000 &
0$
#2826000
b1010 #
b1010 '
b1010 (
b1001 &
0$
#2827000
b1011 #
b1011 '
b1011 (
b1010 &
0$
#2828000
b1100 #
b1100 '
b1100 (
b1011 &
0$
#2829000
b1101 #
b1101 '
b1101 (
b1100 &
0$
#2830000
b1110 #
b1110 '
b1110 (
b1101 &
0$
#2831000
b1111 #
b1111 '
b1111 (
b1110 &
0$
#2832000
b10000 #
b10000 '
b10000 (
b1111 &
0$
#2833000
b10001 #
b10001 '
b10001 (
b10000 &
0$
#2834000
b10010 #
b10010 '
b10010 (
b10001 &
0$
#2835000
b10011 #
b10011 '
b10011 (
b10010 &
0$
#2836000
b10100 #
b10100 '
b10100 (
b10011 &
0$
#2837000
b10101 #
b10101 '
b10101 (
b10100 &
0$
#2838000
b10110 #
b10110 '
b10110 (
b10101 &
0$
#2839000
b10111 #
b10111 '
b10111 (
b10110 &
0$
#2840000
b11000 #
b11000 '
b11000 (
b10111 &
0$
#2841000
b11001 #
b11001 '
b11001 (
b11000 &
0$
#2842000
b11010 #
b11010 '
b11010 (
b11001 &
0$
#2843000
b11011 #
b11011 '
b11011 (
b11010 &
0$
#2844000
b11100 #
b11100 '
b11100 (
b11011 &
0$
#2845000
b11101 #
b11101 '
b11101 (
b11100 &
0$
#2846000
b11110 #
b11110 '
b11110 (
b11101 &
0$
#2847000
b11111 #
b11111 '
b11111 (
b11110 &
0$
#2848000
b0 #
b0 '
b0 (
b11111 &
0$
#2849000
b1 #
b1 '
b1 (
b0 &
0$
#2850000
b10 #
b10 '
b10 (
b1 &
0$
#2851000
b11 #
b11 '
b11 (
b10 &
0$
#2852000
b100 #
b100 '
b100 (
b11 &
0$
#2853000
b101 #
b101 '
b101 (
b100 &
0$
#2854000
b110 #
b110 '
b110 (
b101 &
0$
#2855000
b111 #
b111 '
b111 (
b110 &
0$
#2856000
b1000 #
b1000 '
b1000 (
b111 &
0$
#2857000
b1001 #
b1001 '
b1001 (
b1000 &
0$
#2858000
b1010 #
b1010 '
b1010 (
b1001 &
0$
#2859000
b1011 #
b1011 '
b1011 (
b1010 &
0$
#2860000
b1100 #
b1100 '
b1100 (
b1011 &
0$
#2861000
b1101 #
b1101 '
b1101 (
b1100 &
0$
#2862000
b1110 #
b1110 '
b1110 (
b1101 &
0$
#2863000
b1111 #
b1111 '
b1111 (
b1110 &
0$
#2864000
b10000 #
b10000 '
b10000 (
b1111 &
0$
#2865000
b10001 #
b10001 '
b10001 (
b10000 &
0$
#2866000
b10010 #
b10010 '
b10010 (
b10001 &
0$
#2867000
b10011 #
b10011 '
b10011 (
b10010 &
0$
#2868000
b10100 #
b10100 '
b10100 (
b10011 &
0$
#2869000
b10101 #
b10101 '
b10101 (
b10100 &
0$
#2870000
b10110 #
b10110 '
b10110 (
b10101 &
0$
#2871000
b10111 #
b10111 '
b10111 (
b10110 &
0$
#2872000
b11000 #
b11000 '
b11000 (
b10111 &
0$
#2873000
b11001 #
b11001 '
b11001 (
b11000 &
0$
#2874000
b11010 #
b11010 '
b11010 (
b11001 &
0$
#2875000
b11011 #
b11011 '
b11011 (
b11010 &
0$
#2876000
b11100 #
b11100 '
b11100 (
b11011 &
0$
#2877000
b11101 #
b11101 '
b11101 (
b11100 &
0$
#2878000
b11110 #
b11110 '
b11110 (
b11101 &
0$
#2879000
b11111 #
b11111 '
b11111 (
b11110 &
0$
#2880000
b0 #
b0 '
b0 (
b11111 &
0$
#2881000
b1 #
b1 '
b1 (
b0 &
0$
#2882000
b10 #
b10 '
b10 (
b1 &
0$
#2883000
b11 #
b11 '
b11 (
b10 &
0$
#2884000
b100 #
b100 '
b100 (
b11 &
0$
#2885000
b101 #
b101 '
b101 (
b100 &
0$
#2886000
b110 #
b110 '
b110 (
b101 &
0$
#2887000
b111 #
b111 '
b111 (
b110 &
0$
#2888000
b1000 #
b1000 '
b1000 (
b111 &
0$
#2889000
b1001 #
b1001 '
b1001 (
b1000 &
0$
#2890000
b1010 #
b1010 '
b1010 (
b1001 &
0$
#2891000
b1011 #
b1011 '
b1011 (
b1010 &
0$
#2892000
b1100 #
b1100 '
b1100 (
b1011 &
0$
#2893000
b1101 #
b1101 '
b1101 (
b1100 &
0$
#2894000
b1110 #
b1110 '
b1110 (
b1101 &
0$
#2895000
b1111 #
b1111 '
b1111 (
b1110 &
0$
#2896000
b10000 #
b10000 '
b10000 (
b1111 &
0$
#2897000
b10001 #
b10001 '
b10001 (
b10000 &
0$
#2898000
b10010 #
b10010 '
b10010 (
b10001 &
0$
#2899000
b10011 #
b10011 '
b10011 (
b10010 &
0$
#2900000
b10100 #
b10100 '
b10100 (
b10011 &
0$
#2901000
b10101 #
b10101 '
b10101 (
b10100 &
0$
#2902000
b10110 #
b10110 '
b10110 (
b10101 &
0$
#2903000
b10111 #
b10111 '
b10111 (
b10110 &
0$
#2904000
b11000 #
b11000 '
b11000 (
b10111 &
0$
#2905000
b11001 #
b11001 '
b11001 (
b11000 &
0$
#2906000
b11010 #
b11010 '
b11010 (
b11001 &
0$
#2907000
b11011 #
b11011 '
b11011 (
b11010 &
0$
#2908000
b11100 #
b11100 '
b11100 (
b11011 &
0$
#2909000
b11101 #
b11101 '
b11101 (
b11100 &
0$
#2910000
b11110 #
b11110 '
b11110 (
b11101 &
0$
#2911000
b11111 #
b11111 '
b11111 (
b11110 &
0$
#2912000
b0 #
b0 '
b0 (
b11111 &
0$
#2913000
b1 #
b1 '
b1 (
b0 &
0$
#2914000
b10 #
b10 '
b10 (
b1 &
0$
#2915000
b11 #
b11 '
b11 (
b10 &
0$
#2916000
b100 #
b100 '
b100 (
b11 &
0$
#2917000
b101 #
b101 '
b101 (
b100 &
0$
#2918000
b110 #
b110 '
b110 (
b101 &
0$
#2919000
b111 #
b111 '
b111 (
b110 &
0$
#2920000
b1000 #
b1000 '
b1000 (
b111 &
0$
#2921000
b1001 #
b1001 '
b1001 (
b1000 &
0$
#2922000
b1010 #
b1010 '
b1010 (
b1001 &
0$
#2923000
b1011 #
b1011 '
b1011 (
b1010 &
0$
#2924000
b1100 #
b1100 '
b1100 (
b1011 &
0$
#2925000
b1101 #
b1101 '
b1101 (
b1100 &
0$
#2926000
b1110 #
b1110 '
b1110 (
b1101 &
0$
#2927000
b1111 #
b1111 '
b1111 (
b1110 &
0$
#2928000
b10000 #
b10000 '
b10000 (
b1111 &
0$
#2929000
b10001 #
b10001 '
b10001 (
b10000 &
0$
#2930000
b10010 #
b10010 '
b10010 (
b10001 &
0$
#2931000
b10011 #
b10011 '
b10011 (
b10010 &
0$
#2932000
b10100 #
b10100 '
b10100 (
b10011 &
0$
#2933000
b10101 #
b10101 '
b10101 (
b10100 &
0$
#2934000
b10110 #
b10110 '
b10110 (
b10101 &
0$
#2935000
b10111 #
b10111 '
b10111 (
b10110 &
0$
#2936000
b11000 #
b11000 '
b11000 (
b10111 &
0$
#2937000
b11001 #
b11001 '
b11001 (
b11000 &
0$
#2938000
b11010 #
b11010 '
b11010 (
b11001 &
0$
#2939000
b11011 #
b11011 '
b11011 (
b11010 &
0$
#2940000
b11100 #
b11100 '
b11100 (
b11011 &
0$
#2941000
b11101 #
b11101 '
b11101 (
b11100 &
0$
#2942000
b11110 #
b11110 '
b11110 (
b11101 &
0$
#2943000
b11111 #
b11111 '
b11111 (
b11110 &
0$
#2944000
b0 #
b0 '
b0 (
b11111 &
0$
#2945000
b1 #
b1 '
b1 (
b0 &
0$
#2946000
b10 #
b10 '
b10 (
b1 &
0$
#2947000
b11 #
b11 '
b11 (
b10 &
0$
#2948000
b100 #
b100 '
b100 (
b11 &
0$
#2949000
b101 #
b101 '
b101 (
b100 &
0$
#2950000
b110 #
b110 '
b110 (
b101 &
0$
#2951000
b111 #
b111 '
b111 (
b110 &
0$
#2952000
b1000 #
b1000 '
b1000 (
b111 &
0$
#2953000
b1001 #
b1001 '
b1001 (
b1000 &
0$
#2954000
b1010 #
b1010 '
b1010 (
b1001 &
0$
#2955000
b1011 #
b1011 '
b1011 (
b1010 &
0$
#2956000
b1100 #
b1100 '
b1100 (
b1011 &
0$
#2957000
b1101 #
b1101 '
b1101 (
b1100 &
0$
#2958000
b1110 #
b1110 '
b1110 (
b1101 &
0$
#2959000
b1111 #
b1111 '
b1111 (
b1110 &
0$
#2960000
b10000 #
b10000 '
b10000 (
b1111 &
0$
#2961000
b10001 #
b10001 '
b10001 (
b10000 &
0$
#2962000
b10010 #
b10010 '
b10010 (
b10001 &
0$
#2963000
b10011 #
b10011 '
b10011 (
b10010 &
0$
#2964000
b10100 #
b10100 '
b10100 (
b10011 &
0$
#2965000
b10101 #
b10101 '
b10101 (
b10100 &
0$
#2966000
b10110 #
b10110 '
b10110 (
b10101 &
0$
#2967000
b10111 #
b10111 '
b10111 (
b10110 &
0$
#2968000
b11000 #
b11000 '
b11000 (
b10111 &
0$
#2969000
b11001 #
b11001 '
b11001 (
b11000 &
0$
#2970000
b11010 #
b11010 '
b11010 (
b11001 &
0$
#2971000
b11011 #
b11011 '
b11011 (
b11010 &
0$
#2972000
b11100 #
b11100 '
b11100 (
b11011 &
0$
#2973000
b11101 #
b11101 '
b11101 (
b11100 &
0$
#2974000
b11110 #
b11110 '
b11110 (
b11101 &
0$
#2975000
b11111 #
b11111 '
b11111 (
b11110 &
0$
#2976000
b0 #
b0 '
b0 (
b11111 &
0$
#2977000
b1 #
b1 '
b1 (
b0 &
0$
#2978000
b10 #
b10 '
b10 (
b1 &
0$
#2979000
b11 #
b11 '
b11 (
b10 &
0$
#2980000
b100 #
b100 '
b100 (
b11 &
0$
#2981000
b101 #
b101 '
b101 (
b100 &
0$
#2982000
b110 #
b110 '
b110 (
b101 &
0$
#2983000
b111 #
b111 '
b111 (
b110 &
0$
#2984000
b1000 #
b1000 '
b1000 (
b111 &
0$
#2985000
b1001 #
b1001 '
b1001 (
b1000 &
0$
#2986000
b1010 #
b1010 '
b1010 (
b1001 &
0$
#2987000
b1011 #
b1011 '
b1011 (
b1010 &
0$
#2988000
b1100 #
b1100 '
b1100 (
b1011 &
0$
#2989000
b1101 #
b1101 '
b1101 (
b1100 &
0$
#2990000
b1110 #
b1110 '
b1110 (
b1101 &
0$
#2991000
b1111 #
b1111 '
b1111 (
b1110 &
0$
#2992000
b10000 #
b10000 '
b10000 (
b1111 &
0$
#2993000
b10001 #
b10001 '
b10001 (
b10000 &
0$
#2994000
b10010 #
b10010 '
b10010 (
b10001 &
0$
#2995000
b10011 #
b10011 '
b10011 (
b10010 &
0$
#2996000
b10100 #
b10100 '
b10100 (
b10011 &
0$
#2997000
b10101 #
b10101 '
b10101 (
b10100 &
0$
#2998000
b10110 #
b10110 '
b10110 (
b10101 &
0$
#2999000
b10111 #
b10111 '
b10111 (
b10110 &
0$
#3000000
b11000 #
b11000 '
b11000 (
b10111 &
0$
#3001000
b11001 #
b11001 '
b11001 (
b11000 &
0$
#3002000
b11010 #
b11010 '
b11010 (
b11001 &
0$
#3003000
b11011 #
b11011 '
b11011 (
b11010 &
0$
#3004000
b11100 #
b11100 '
b11100 (
b11011 &
0$
#3005000
b11101 #
b11101 '
b11101 (
b11100 &
0$
#3006000
b11110 #
b11110 '
b11110 (
b11101 &
0$
#3007000
b11111 #
b11111 '
b11111 (
b11110 &
0$
#3008000
b0 #
b0 '
b0 (
b11111 &
0$
#3009000
b1 #
b1 '
b1 (
b0 &
0$
#3010000
b10 #
b10 '
b10 (
b1 &
0$
#3011000
b11 #
b11 '
b11 (
b10 &
0$
#3012000
b100 #
b100 '
b100 (
b11 &
0$
#3013000
b101 #
b101 '
b101 (
b100 &
0$
#3014000
b110 #
b110 '
b110 (
b101 &
0$
#3015000
b111 #
b111 '
b111 (
b110 &
0$
#3016000
b1000 #
b1000 '
b1000 (
b111 &
0$
#3017000
b1001 #
b1001 '
b1001 (
b1000 &
0$
#3018000
b1010 #
b1010 '
b1010 (
b1001 &
0$
#3019000
b1011 #
b1011 '
b1011 (
b1010 &
0$
#3020000
b1100 #
b1100 '
b1100 (
b1011 &
0$
#3021000
b1101 #
b1101 '
b1101 (
b1100 &
0$
#3022000
b1110 #
b1110 '
b1110 (
b1101 &
0$
#3023000
b1111 #
b1111 '
b1111 (
b1110 &
0$
#3024000
b10000 #
b10000 '
b10000 (
b1111 &
0$
#3025000
b10001 #
b10001 '
b10001 (
b10000 &
0$
#3026000
b10010 #
b10010 '
b10010 (
b10001 &
0$
#3027000
b10011 #
b10011 '
b10011 (
b10010 &
0$
#3028000
b10100 #
b10100 '
b10100 (
b10011 &
0$
#3029000
b10101 #
b10101 '
b10101 (
b10100 &
0$
#3030000
b10110 #
b10110 '
b10110 (
b10101 &
0$
#3031000
b10111 #
b10111 '
b10111 (
b10110 &
0$
#3032000
b11000 #
b11000 '
b11000 (
b10111 &
0$
#3033000
b11001 #
b11001 '
b11001 (
b11000 &
0$
#3034000
b11010 #
b11010 '
b11010 (
b11001 &
0$
#3035000
b11011 #
b11011 '
b11011 (
b11010 &
0$
#3036000
b11100 #
b11100 '
b11100 (
b11011 &
0$
#3037000
b11101 #
b11101 '
b11101 (
b11100 &
0$
#3038000
b11110 #
b11110 '
b11110 (
b11101 &
0$
#3039000
b11111 #
b11111 '
b11111 (
b11110 &
0$
#3040000
b0 #
b0 '
b0 (
b11111 &
0$
#3041000
b1 #
b1 '
b1 (
b0 &
0$
#3042000
b10 #
b10 '
b10 (
b1 &
0$
#3043000
b11 #
b11 '
b11 (
b10 &
0$
#3044000
b100 #
b100 '
b100 (
b11 &
0$
#3045000
b101 #
b101 '
b101 (
b100 &
0$
#3046000
b110 #
b110 '
b110 (
b101 &
0$
#3047000
b111 #
b111 '
b111 (
b110 &
0$
#3048000
b1000 #
b1000 '
b1000 (
b111 &
0$
#3049000
b1001 #
b1001 '
b1001 (
b1000 &
0$
#3050000
b1010 #
b1010 '
b1010 (
b1001 &
0$
#3051000
b1011 #
b1011 '
b1011 (
b1010 &
0$
#3052000
b1100 #
b1100 '
b1100 (
b1011 &
0$
#3053000
b1101 #
b1101 '
b1101 (
b1100 &
0$
#3054000
b1110 #
b1110 '
b1110 (
b1101 &
0$
#3055000
b1111 #
b1111 '
b1111 (
b1110 &
0$
#3056000
b10000 #
b10000 '
b10000 (
b1111 &
0$
#3057000
b10001 #
b10001 '
b10001 (
b10000 &
0$
#3058000
b10010 #
b10010 '
b10010 (
b10001 &
0$
#3059000
b10011 #
b10011 '
b10011 (
b10010 &
0$
#3060000
b10100 #
b10100 '
b10100 (
b10011 &
0$
#3061000
b10101 #
b10101 '
b10101 (
b10100 &
0$
#3062000
b10110 #
b10110 '
b10110 (
b10101 &
0$
#3063000
b10111 #
b10111 '
b10111 (
b10110 &
0$
#3064000
b11000 #
b11000 '
b11000 (
b10111 &
0$
#3065000
b11001 #
b11001 '
b11001 (
b11000 &
0$
#3066000
b11010 #
b11010 '
b11010 (
b11001 &
0$
#3067000
b11011 #
b11011 '
b11011 (
b11010 &
0$
#3068000
b11100 #
b11100 '
b11100 (
b11011 &
0$
#3069000
b11101 #
b11101 '
b11101 (
b11100 &
0$
#3070000
b11110 #
b11110 '
b11110 (
b11101 &
0$
#3071000
b11111 #
b11111 '
b11111 (
b11110 &
0$
#3072000
b0 #
b0 '
b0 (
b11111 &
0$
#3073000
b1 #
b1 '
b1 (
b0 &
0$
#3074000
b10 #
b10 '
b10 (
b1 &
0$
#3075000
b11 #
b11 '
b11 (
b10 &
0$
#3076000
b100 #
b100 '
b100 (
b11 &
0$
#3077000
b101 #
b101 '
b101 (
b100 &
0$
#3078000
b110 #
b110 '
b110 (
b101 &
0$
#3079000
b111 #
b111 '
b111 (
b110 &
0$
#3080000
b1000 #
b1000 '
b1000 (
b111 &
0$
#3081000
b1001 #
b1001 '
b1001 (
b1000 &
0$
#3082000
b1010 #
b1010 '
b1010 (
b1001 &
0$
#3083000
b1011 #
b1011 '
b1011 (
b1010 &
0$
#3084000
b1100 #
b1100 '
b1100 (
b1011 &
0$
#3085000
b1101 #
b1101 '
b1101 (
b1100 &
0$
#3086000
b1110 #
b1110 '
b1110 (
b1101 &
0$
#3087000
b1111 #
b1111 '
b1111 (
b1110 &
0$
#3088000
b10000 #
b10000 '
b10000 (
b1111 &
0$
#3089000
b10001 #
b10001 '
b10001 (
b10000 &
0$
#3090000
b10010 #
b10010 '
b10010 (
b10001 &
0$
#3091000
b10011 #
b10011 '
b10011 (
b10010 &
0$
#3092000
b10100 #
b10100 '
b10100 (
b10011 &
0$
#3093000
b10101 #
b10101 '
b10101 (
b10100 &
0$
#3094000
b10110 #
b10110 '
b10110 (
b10101 &
0$
#3095000
b10111 #
b10111 '
b10111 (
b10110 &
0$
#3096000
b11000 #
b11000 '
b11000 (
b10111 &
0$
#3097000
b11001 #
b11001 '
b11001 (
b11000 &
0$
#3098000
b11010 #
b11010 '
b11010 (
b11001 &
0$
#3099000
b11011 #
b11011 '
b11011 (
b11010 &
0$
#3100000
b11100 #
b11100 '
b11100 (
b11011 &
0$
#3101000
b11101 #
b11101 '
b11101 (
b11100 &
0$
#3102000
b11110 #
b11110 '
b11110 (
b11101 &
0$
#3103000
b11111 #
b11111 '
b11111 (
b11110 &
0$
#3104000
b0 #
b0 '
b0 (
b11111 &
0$
#3105000
b1 #
b1 '
b1 (
b0 &
0$
#3106000
b10 #
b10 '
b10 (
b1 &
0$
#3107000
b11 #
b11 '
b11 (
b10 &
0$
#3108000
b100 #
b100 '
b100 (
b11 &
0$
#3109000
b101 #
b101 '
b101 (
b100 &
0$
#3110000
b110 #
b110 '
b110 (
b101 &
0$
#3111000
b111 #
b111 '
b111 (
b110 &
0$
#3112000
b1000 #
b1000 '
b1000 (
b111 &
0$
#3113000
b1001 #
b1001 '
b1001 (
b1000 &
0$
#3114000
b1010 #
b1010 '
b1010 (
b1001 &
0$
#3115000
b1011 #
b1011 '
b1011 (
b1010 &
0$
#3116000
b1100 #
b1100 '
b1100 (
b1011 &
0$
#3117000
b1101 #
b1101 '
b1101 (
b1100 &
0$
#3118000
b1110 #
b1110 '
b1110 (
b1101 &
0$
#3119000
b1111 #
b1111 '
b1111 (
b1110 &
0$
#3120000
b10000 #
b10000 '
b10000 (
b1111 &
0$
#3121000
b10001 #
b10001 '
b10001 (
b10000 &
0$
#3122000
b10010 #
b10010 '
b10010 (
b10001 &
0$
#3123000
b10011 #
b10011 '
b10011 (
b10010 &
0$
#3124000
b10100 #
b10100 '
b10100 (
b10011 &
0$
#3125000
b10101 #
b10101 '
b10101 (
b10100 &
0$
#3126000
b10110 #
b10110 '
b10110 (
b10101 &
0$
#3127000
b10111 #
b10111 '
b10111 (
b10110 &
0$
#3128000
b11000 #
b11000 '
b11000 (
b10111 &
0$
#3129000
b11001 #
b11001 '
b11001 (
b11000 &
0$
#3130000
b11010 #
b11010 '
b11010 (
b11001 &
0$
#3131000
b11011 #
b11011 '
b11011 (
b11010 &
0$
#3132000
b11100 #
b11100 '
b11100 (
b11011 &
0$
#3133000
b11101 #
b11101 '
b11101 (
b11100 &
0$
#3134000
b11110 #
b11110 '
b11110 (
b11101 &
0$
#3135000
b11111 #
b11111 '
b11111 (
b11110 &
0$
#3136000
b0 #
b0 '
b0 (
b11111 &
0$
#3137000
b1 #
b1 '
b1 (
b0 &
0$
#3138000
b10 #
b10 '
b10 (
b1 &
0$
#3139000
b11 #
b11 '
b11 (
b10 &
0$
#3140000
b100 #
b100 '
b100 (
b11 &
0$
#3141000
b101 #
b101 '
b101 (
b100 &
0$
#3142000
b110 #
b110 '
b110 (
b101 &
0$
#3143000
b111 #
b111 '
b111 (
b110 &
0$
#3144000
b1000 #
b1000 '
b1000 (
b111 &
0$
#3145000
b1001 #
b1001 '
b1001 (
b1000 &
0$
#3146000
b1010 #
b1010 '
b1010 (
b1001 &
0$
#3147000
b1011 #
b1011 '
b1011 (
b1010 &
0$
#3148000
b1100 #
b1100 '
b1100 (
b1011 &
0$
#3149000
b1101 #
b1101 '
b1101 (
b1100 &
0$
#3150000
b1110 #
b1110 '
b1110 (
b1101 &
0$
#3151000
b1111 #
b1111 '
b1111 (
b1110 &
0$
#3152000
b10000 #
b10000 '
b10000 (
b1111 &
0$
#3153000
b10001 #
b10001 '
b10001 (
b10000 &
0$
#3154000
b10010 #
b10010 '
b10010 (
b10001 &
0$
#3155000
b10011 #
b10011 '
b10011 (
b10010 &
0$
#3156000
b10100 #
b10100 '
b10100 (
b10011 &
0$
#3157000
b10101 #
b10101 '
b10101 (
b10100 &
0$
#3158000
b10110 #
b10110 '
b10110 (
b10101 &
0$
#3159000
b10111 #
b10111 '
b10111 (
b10110 &
0$
#3160000
b11000 #
b11000 '
b11000 (
b10111 &
0$
#3161000
b11001 #
b11001 '
b11001 (
b11000 &
0$
#3162000
b11010 #
b11010 '
b11010 (
b11001 &
0$
#3163000
b11011 #
b11011 '
b11011 (
b11010 &
0$
#3164000
b11100 #
b11100 '
b11100 (
b11011 &
0$
#3165000
b11101 #
b11101 '
b11101 (
b11100 &
0$
#3166000
b11110 #
b11110 '
b11110 (
b11101 &
0$
#3167000
b11111 #
b11111 '
b11111 (
b11110 &
0$
#3168000
b0 #
b0 '
b0 (
b11111 &
0$
#3169000
b1 #
b1 '
b1 (
b0 &
0$
#3170000
b10 #
b10 '
b10 (
b1 &
0$
#3171000
b11 #
b11 '
b11 (
b10 &
0$
#3172000
b100 #
b100 '
b100 (
b11 &
0$
#3173000
b101 #
b101 '
b101 (
b100 &
0$
#3174000
b110 #
b110 '
b110 (
b101 &
0$
#3175000
b111 #
b111 '
b111 (
b110 &
0$
#3176000
b1000 #
b1000 '
b1000 (
b111 &
0$
#3177000
b1001 #
b1001 '
b1001 (
b1000 &
0$
#3178000
b1010 #
b1010 '
b1010 (
b1001 &
0$
#3179000
b1011 #
b1011 '
b1011 (
b1010 &
0$
#3180000
b1100 #
b1100 '
b1100 (
b1011 &
0$
#3181000
b1101 #
b1101 '
b1101 (
b1100 &
0$
#3182000
b1110 #
b1110 '
b1110 (
b1101 &
0$
#3183000
b1111 #
b1111 '
b1111 (
b1110 &
0$
#3184000
b10000 #
b10000 '
b10000 (
b1111 &
0$
#3185000
b10001 #
b10001 '
b10001 (
b10000 &
0$
#3186000
b10010 #
b10010 '
b10010 (
b10001 &
0$
#3187000
b10011 #
b10011 '
b10011 (
b10010 &
0$
#3188000
b10100 #
b10100 '
b10100 (
b10011 &
0$
#3189000
b10101 #
b10101 '
b10101 (
b10100 &
0$
#3190000
b10110 #
b10110 '
b10110 (
b10101 &
0$
#3191000
b10111 #
b10111 '
b10111 (
b10110 &
0$
#3192000
b11000 #
b11000 '
b11000 (
b10111 &
0$
#3193000
b11001 #
b11001 '
b11001 (
b11000 &
0$
#3194000
b11010 #
b11010 '
b11010 (
b11001 &
0$
#3195000
b11011 #
b11011 '
b11011 (
b11010 &
0$
#3196000
b11100 #
b11100 '
b11100 (
b11011 &
0$
#3197000
b11101 #
b11101 '
b11101 (
b11100 &
0$
#3198000
b11110 #
b11110 '
b11110 (
b11101 &
0$
#3199000
b11111 #
b11111 '
b11111 (
b11110 &
0$
#3200000
b0 #
b0 '
b0 (
b11111 &
0$
#3201000
b1 #
b1 '
b1 (
b0 &
0$
#3202000
b10 #
b10 '
b10 (
b1 &
0$
#3203000
b11 #
b11 '
b11 (
b10 &
0$
#3204000
b100 #
b100 '
b100 (
b11 &
0$
#3205000
b101 #
b101 '
b101 (
b100 &
0$
#3206000
b110 #
b110 '
b110 (
b101 &
0$
#3207000
b111 #
b111 '
b111 (
b110 &
0$
#3208000
b1000 #
b1000 '
b1000 (
b111 &
0$
#3209000
b1001 #
b1001 '
b1001 (
b1000 &
0$
#3210000
b1010 #
b1010 '
b1010 (
b1001 &
0$
#3211000
b1011 #
b1011 '
b1011 (
b1010 &
0$
#3212000
b1100 #
b1100 '
b1100 (
b1011 &
0$
#3213000
b1101 #
b1101 '
b1101 (
b1100 &
0$
#3214000
b1110 #
b1110 '
b1110 (
b1101 &
0$
#3215000
b1111 #
b1111 '
b1111 (
b1110 &
0$
#3216000
b10000 #
b10000 '
b10000 (
b1111 &
0$
#3217000
b10001 #
b10001 '
b10001 (
b10000 &
0$
#3218000
b10010 #
b10010 '
b10010 (
b10001 &
0$
#3219000
b10011 #
b10011 '
b10011 (
b10010 &
0$
#3220000
b10100 #
b10100 '
b10100 (
b10011 &
0$
#3221000
b10101 #
b10101 '
b10101 (
b10100 &
0$
#3222000
b10110 #
b10110 '
b10110 (
b10101 &
0$
#3223000
b10111 #
b10111 '
b10111 (
b10110 &
0$
#3224000
b11000 #
b11000 '
b11000 (
b10111 &
0$
#3225000
b11001 #
b11001 '
b11001 (
b11000 &
0$
#3226000
b11010 #
b11010 '
b11010 (
b11001 &
0$
#3227000
b11011 #
b11011 '
b11011 (
b11010 &
0$
#3228000
b11100 #
b11100 '
b11100 (
b11011 &
0$
#3229000
b11101 #
b11101 '
b11101 (
b11100 &
0$
#3230000
b11110 #
b11110 '
b11110 (
b11101 &
0$
#3231000
b11111 #
b11111 '
b11111 (
b11110 &
0$
#3232000
b0 #
b0 '
b0 (
b11111 &
0$
#3233000
b1 #
b1 '
b1 (
b0 &
0$
#3234000
b10 #
b10 '
b10 (
b1 &
0$
#3235000
b11 #
b11 '
b11 (
b10 &
0$
#3236000
b100 #
b100 '
b100 (
b11 &
0$
#3237000
b101 #
b101 '
b101 (
b100 &
0$
#3238000
b110 #
b110 '
b110 (
b101 &
0$
#3239000
b111 #
b111 '
b111 (
b110 &
0$
#3240000
b1000 #
b1000 '
b1000 (
b111 &
0$
#3241000
b1001 #
b1001 '
b1001 (
b1000 &
0$
#3242000
b1010 #
b1010 '
b1010 (
b1001 &
0$
#3243000
b1011 #
b1011 '
b1011 (
b1010 &
0$
#3244000
b1100 #
b1100 '
b1100 (
b1011 &
0$
#3245000
b1101 #
b1101 '
b1101 (
b1100 &
0$
#3246000
b1110 #
b1110 '
b1110 (
b1101 &
0$
#3247000
b1111 #
b1111 '
b1111 (
b1110 &
0$
#3248000
b10000 #
b10000 '
b10000 (
b1111 &
0$
#3249000
b10001 #
b10001 '
b10001 (
b10000 &
0$
#3250000
b10010 #
b10010 '
b10010 (
b10001 &
0$
#3251000
b10011 #
b10011 '
b10011 (
b10010 &
0$
#3252000
b10100 #
b10100 '
b10100 (
b10011 &
0$
#3253000
b10101 #
b10101 '
b10101 (
b10100 &
0$
#3254000
b10110 #
b10110 '
b10110 (
b10101 &
0$
#3255000
b10111 #
b10111 '
b10111 (
b10110 &
0$
#3256000
b11000 #
b11000 '
b11000 (
b10111 &
0$
#3257000
b11001 #
b11001 '
b11001 (
b11000 &
0$
#3258000
b11010 #
b11010 '
b11010 (
b11001 &
0$
#3259000
b11011 #
b11011 '
b11011 (
b11010 &
0$
#3260000
b11100 #
b11100 '
b11100 (
b11011 &
0$
#3261000
b11101 #
b11101 '
b11101 (
b11100 &
0$
#3262000
b11110 #
b11110 '
b11110 (
b11101 &
0$
#3263000
b11111 #
b11111 '
b11111 (
b11110 &
0$
#3264000
b0 #
b0 '
b0 (
b11111 &
0$
#3265000
b1 #
b1 '
b1 (
b0 &
0$
#3266000
b10 #
b10 '
b10 (
b1 &
0$
#3267000
b11 #
b11 '
b11 (
b10 &
0$
#3268000
b100 #
b100 '
b100 (
b11 &
0$
#3269000
b101 #
b101 '
b101 (
b100 &
0$
#3270000
b110 #
b110 '
b110 (
b101 &
0$
#3271000
b111 #
b111 '
b111 (
b110 &
0$
#3272000
b1000 #
b1000 '
b1000 (
b111 &
0$
#3273000
b1001 #
b1001 '
b1001 (
b1000 &
0$
#3274000
b1010 #
b1010 '
b1010 (
b1001 &
0$
#3275000
b1011 #
b1011 '
b1011 (
b1010 &
0$
#3276000
b1100 #
b1100 '
b1100 (
b1011 &
0$
#3277000
b1101 #
b1101 '
b1101 (
b1100 &
0$
#3278000
b1110 #
b1110 '
b1110 (
b1101 &
0$
#3279000
b1111 #
b1111 '
b1111 (
b1110 &
0$
#3280000
b10000 #
b10000 '
b10000 (
b1111 &
0$
#3281000
b10001 #
b10001 '
b10001 (
b10000 &
0$
#3282000
b10010 #
b10010 '
b10010 (
b10001 &
0$
#3283000
b10011 #
b10011 '
b10011 (
b10010 &
0$
#3284000
b10100 #
b10100 '
b10100 (
b10011 &
0$
#3285000
b10101 #
b10101 '
b10101 (
b10100 &
0$
#3286000
b10110 #
b10110 '
b10110 (
b10101 &
0$
#3287000
b10111 #
b10111 '
b10111 (
b10110 &
0$
#3288000
b11000 #
b11000 '
b11000 (
b10111 &
0$
#3289000
b11001 #
b11001 '
b11001 (
b11000 &
0$
#3290000
b11010 #
b11010 '
b11010 (
b11001 &
0$
#3291000
b11011 #
b11011 '
b11011 (
b11010 &
0$
#3292000
b11100 #
b11100 '
b11100 (
b11011 &
0$
#3293000
b11101 #
b11101 '
b11101 (
b11100 &
0$
#3294000
b11110 #
b11110 '
b11110 (
b11101 &
0$
#3295000
b11111 #
b11111 '
b11111 (
b11110 &
0$
#3296000
b0 #
b0 '
b0 (
b11111 &
0$
#3297000
b1 #
b1 '
b1 (
b0 &
0$
#3298000
b10 #
b10 '
b10 (
b1 &
0$
#3299000
b11 #
b11 '
b11 (
b10 &
0$
#3300000
b100 #
b100 '
b100 (
b11 &
0$
#3301000
b101 #
b101 '
b101 (
b100 &
0$
#3302000
b110 #
b110 '
b110 (
b101 &
0$
#3303000
b111 #
b111 '
b111 (
b110 &
0$
#3304000
b1000 #
b1000 '
b1000 (
b111 &
0$
#3305000
b1001 #
b1001 '
b1001 (
b1000 &
0$
#3306000
b1010 #
b1010 '
b1010 (
b1001 &
0$
#3307000
b1011 #
b1011 '
b1011 (
b1010 &
0$
#3308000
b1100 #
b1100 '
b1100 (
b1011 &
0$
#3309000
b1101 #
b1101 '
b1101 (
b1100 &
0$
#3310000
b1110 #
b1110 '
b1110 (
b1101 &
0$
#3311000
b1111 #
b1111 '
b1111 (
b1110 &
0$
#3312000
b10000 #
b10000 '
b10000 (
b1111 &
0$
#3313000
b10001 #
b10001 '
b10001 (
b10000 &
0$
#3314000
b10010 #
b10010 '
b10010 (
b10001 &
0$
#3315000
b10011 #
b10011 '
b10011 (
b10010 &
0$
#3316000
b10100 #
b10100 '
b10100 (
b10011 &
0$
#3317000
b10101 #
b10101 '
b10101 (
b10100 &
0$
#3318000
b10110 #
b10110 '
b10110 (
b10101 &
0$
#3319000
b10111 #
b10111 '
b10111 (
b10110 &
0$
#3320000
b11000 #
b11000 '
b11000 (
b10111 &
0$
#3321000
b11001 #
b11001 '
b11001 (
b11000 &
0$
#3322000
b11010 #
b11010 '
b11010 (
b11001 &
0$
#3323000
b11011 #
b11011 '
b11011 (
b11010 &
0$
#3324000
b11100 #
b11100 '
b11100 (
b11011 &
0$
#3325000
b11101 #
b11101 '
b11101 (
b11100 &
0$
#3326000
b11110 #
b11110 '
b11110 (
b11101 &
0$
#3327000
b11111 #
b11111 '
b11111 (
b11110 &
0$
#3328000
b0 #
b0 '
b0 (
b11111 &
0$
#3329000
b1 #
b1 '
b1 (
b0 &
0$
#3330000
b10 #
b10 '
b10 (
b1 &
0$
#3331000
b11 #
b11 '
b11 (
b10 &
0$
#3332000
b100 #
b100 '
b100 (
b11 &
0$
#3333000
b101 #
b101 '
b101 (
b100 &
0$
#3334000
b110 #
b110 '
b110 (
b101 &
0$
#3335000
b111 #
b111 '
b111 (
b110 &
0$
#3336000
b1000 #
b1000 '
b1000 (
b111 &
0$
#3337000
b1001 #
b1001 '
b1001 (
b1000 &
0$
#3338000
b1010 #
b1010 '
b1010 (
b1001 &
0$
#3339000
b1011 #
b1011 '
b1011 (
b1010 &
0$
#3340000
b1100 #
b1100 '
b1100 (
b1011 &
0$
#3341000
b1101 #
b1101 '
b1101 (
b1100 &
0$
#3342000
b1110 #
b1110 '
b1110 (
b1101 &
0$
#3343000
b1111 #
b1111 '
b1111 (
b1110 &
0$
#3344000
b10000 #
b10000 '
b10000 (
b1111 &
0$
#3345000
b10001 #
b10001 '
b10001 (
b10000 &
0$
#3346000
b10010 #
b10010 '
b10010 (
b10001 &
0$
#3347000
b10011 #
b10011 '
b10011 (
b10010 &
0$
#3348000
b10100 #
b10100 '
b10100 (
b10011 &
0$
#3349000
b10101 #
b10101 '
b10101 (
b10100 &
0$
#3350000
b10110 #
b10110 '
b10110 (
b10101 &
0$
#3351000
b10111 #
b10111 '
b10111 (
b10110 &
0$
#3352000
b11000 #
b11000 '
b11000 (
b10111 &
0$
#3353000
b11001 #
b11001 '
b11001 (
b11000 &
0$
#3354000
b11010 #
b11010 '
b11010 (
b11001 &
0$
#3355000
b11011 #
b11011 '
b11011 (
b11010 &
0$
#3356000
b11100 #
b11100 '
b11100 (
b11011 &
0$
#3357000
b11101 #
b11101 '
b11101 (
b11100 &
0$
#3358000
b11110 #
b11110 '
b11110 (
b11101 &
0$
#3359000
b11111 #
b11111 '
b11111 (
b11110 &
0$
#3360000
b0 #
b0 '
b0 (
b11111 &
0$
#3361000
b1 #
b1 '
b1 (
b0 &
0$
#3362000
b10 #
b10 '
b10 (
b1 &
0$
#3363000
b11 #
b11 '
b11 (
b10 &
0$
#3364000
b100 #
b100 '
b100 (
b11 &
0$
#3365000
b101 #
b101 '
b101 (
b100 &
0$
#3366000
b110 #
b110 '
b110 (
b101 &
0$
#3367000
b111 #
b111 '
b111 (
b110 &
0$
#3368000
b1000 #
b1000 '
b1000 (
b111 &
0$
#3369000
b1001 #
b1001 '
b1001 (
b1000 &
0$
#3370000
b1010 #
b1010 '
b1010 (
b1001 &
0$
#3371000
b1011 #
b1011 '
b1011 (
b1010 &
0$
#3372000
b1100 #
b1100 '
b1100 (
b1011 &
0$
#3373000
b1101 #
b1101 '
b1101 (
b1100 &
0$
#3374000
b1110 #
b1110 '
b1110 (
b1101 &
0$
#3375000
b1111 #
b1111 '
b1111 (
b1110 &
0$
#3376000
b10000 #
b10000 '
b10000 (
b1111 &
0$
#3377000
b10001 #
b10001 '
b10001 (
b10000 &
0$
#3378000
b10010 #
b10010 '
b10010 (
b10001 &
0$
#3379000
b10011 #
b10011 '
b10011 (
b10010 &
0$
#3380000
b10100 #
b10100 '
b10100 (
b10011 &
0$
#3381000
b10101 #
b10101 '
b10101 (
b10100 &
0$
#3382000
b10110 #
b10110 '
b10110 (
b10101 &
0$
#3383000
b10111 #
b10111 '
b10111 (
b10110 &
0$
#3384000
b11000 #
b11000 '
b11000 (
b10111 &
0$
#3385000
b11001 #
b11001 '
b11001 (
b11000 &
0$
#3386000
b11010 #
b11010 '
b11010 (
b11001 &
0$
#3387000
b11011 #
b11011 '
b11011 (
b11010 &
0$
#3388000
b11100 #
b11100 '
b11100 (
b11011 &
0$
#3389000
b11101 #
b11101 '
b11101 (
b11100 &
0$
#3390000
b11110 #
b11110 '
b11110 (
b11101 &
0$
#3391000
b11111 #
b11111 '
b11111 (
b11110 &
0$
#3392000
b0 #
b0 '
b0 (
b11111 &
0$
#3393000
b1 #
b1 '
b1 (
b0 &
0$
#3394000
b10 #
b10 '
b10 (
b1 &
0$
#3395000
b11 #
b11 '
b11 (
b10 &
0$
#3396000
b100 #
b100 '
b100 (
b11 &
0$
#3397000
b101 #
b101 '
b101 (
b100 &
0$
#3398000
b110 #
b110 '
b110 (
b101 &
0$
#3399000
b111 #
b111 '
b111 (
b110 &
0$
#3400000
b1000 #
b1000 '
b1000 (
b111 &
0$
#3401000
b1001 #
b1001 '
b1001 (
b1000 &
0$
#3402000
b1010 #
b1010 '
b1010 (
b1001 &
0$
#3403000
b1011 #
b1011 '
b1011 (
b1010 &
0$
#3404000
b1100 #
b1100 '
b1100 (
b1011 &
0$
#3405000
b1101 #
b1101 '
b1101 (
b1100 &
0$
#3406000
b1110 #
b1110 '
b1110 (
b1101 &
0$
#3407000
b1111 #
b1111 '
b1111 (
b1110 &
0$
#3408000
b10000 #
b10000 '
b10000 (
b1111 &
0$
#3409000
b10001 #
b10001 '
b10001 (
b10000 &
0$
#3410000
b10010 #
b10010 '
b10010 (
b10001 &
0$
#3411000
b10011 #
b10011 '
b10011 (
b10010 &
0$
#3412000
b10100 #
b10100 '
b10100 (
b10011 &
0$
#3413000
b10101 #
b10101 '
b10101 (
b10100 &
0$
#3414000
b10110 #
b10110 '
b10110 (
b10101 &
0$
#3415000
b10111 #
b10111 '
b10111 (
b10110 &
0$
#3416000
b11000 #
b11000 '
b11000 (
b10111 &
0$
#3417000
b11001 #
b11001 '
b11001 (
b11000 &
0$
#3418000
b11010 #
b11010 '
b11010 (
b11001 &
0$
#3419000
b11011 #
b11011 '
b11011 (
b11010 &
0$
#3420000
b11100 #
b11100 '
b11100 (
b11011 &
0$
#3421000
b11101 #
b11101 '
b11101 (
b11100 &
0$
#3422000
b11110 #
b11110 '
b11110 (
b11101 &
0$
#3423000
b11111 #
b11111 '
b11111 (
b11110 &
0$
#3424000
b0 #
b0 '
b0 (
b11111 &
0$
#3425000
b1 #
b1 '
b1 (
b0 &
0$
#3426000
b10 #
b10 '
b10 (
b1 &
0$
#3427000
b11 #
b11 '
b11 (
b10 &
0$
#3428000
b100 #
b100 '
b100 (
b11 &
0$
#3429000
b101 #
b101 '
b101 (
b100 &
0$
#3430000
b110 #
b110 '
b110 (
b101 &
0$
#3431000
b111 #
b111 '
b111 (
b110 &
0$
#3432000
b1000 #
b1000 '
b1000 (
b111 &
0$
#3433000
b1001 #
b1001 '
b1001 (
b1000 &
0$
#3434000
b1010 #
b1010 '
b1010 (
b1001 &
0$
#3435000
b1011 #
b1011 '
b1011 (
b1010 &
0$
#3436000
b1100 #
b1100 '
b1100 (
b1011 &
0$
#3437000
b1101 #
b1101 '
b1101 (
b1100 &
0$
#3438000
b1110 #
b1110 '
b1110 (
b1101 &
0$
#3439000
b1111 #
b1111 '
b1111 (
b1110 &
0$
#3440000
b10000 #
b10000 '
b10000 (
b1111 &
0$
#3441000
b10001 #
b10001 '
b10001 (
b10000 &
0$
#3442000
b10010 #
b10010 '
b10010 (
b10001 &
0$
#3443000
b10011 #
b10011 '
b10011 (
b10010 &
0$
#3444000
b10100 #
b10100 '
b10100 (
b10011 &
0$
#3445000
b10101 #
b10101 '
b10101 (
b10100 &
0$
#3446000
b10110 #
b10110 '
b10110 (
b10101 &
0$
#3447000
b10111 #
b10111 '
b10111 (
b10110 &
0$
#3448000
b11000 #
b11000 '
b11000 (
b10111 &
0$
#3449000
b11001 #
b11001 '
b11001 (
b11000 &
0$
#3450000
b11010 #
b11010 '
b11010 (
b11001 &
0$
#3451000
b11011 #
b11011 '
b11011 (
b11010 &
0$
#3452000
b11100 #
b11100 '
b11100 (
b11011 &
0$
#3453000
b11101 #
b11101 '
b11101 (
b11100 &
0$
#3454000
b11110 #
b11110 '
b11110 (
b11101 &
0$
#3455000
b11111 #
b11111 '
b11111 (
b11110 &
0$
#3456000
b0 #
b0 '
b0 (
b11111 &
0$
#3457000
b1 #
b1 '
b1 (
b0 &
0$
#3458000
b10 #
b10 '
b10 (
b1 &
0$
#3459000
b11 #
b11 '
b11 (
b10 &
0$
#3460000
b100 #
b100 '
b100 (
b11 &
0$
#3461000
b101 #
b101 '
b101 (
b100 &
0$
#3462000
b110 #
b110 '
b110 (
b101 &
0$
#3463000
b111 #
b111 '
b111 (
b110 &
0$
#3464000
b1000 #
b1000 '
b1000 (
b111 &
0$
#3465000
b1001 #
b1001 '
b1001 (
b1000 &
0$
#3466000
b1010 #
b1010 '
b1010 (
b1001 &
0$
#3467000
b1011 #
b1011 '
b1011 (
b1010 &
0$
#3468000
b1100 #
b1100 '
b1100 (
b1011 &
0$
#3469000
b1101 #
b1101 '
b1101 (
b1100 &
0$
#3470000
b1110 #
b1110 '
b1110 (
b1101 &
0$
#3471000
b1111 #
b1111 '
b1111 (
b1110 &
0$
#3472000
b10000 #
b10000 '
b10000 (
b1111 &
0$
#3473000
b10001 #
b10001 '
b10001 (
b10000 &
0$
#3474000
b10010 #
b10010 '
b10010 (
b10001 &
0$
#3475000
b10011 #
b10011 '
b10011 (
b10010 &
0$
#3476000
b10100 #
b10100 '
b10100 (
b10011 &
0$
#3477000
b10101 #
b10101 '
b10101 (
b10100 &
0$
#3478000
b10110 #
b10110 '
b10110 (
b10101 &
0$
#3479000
b10111 #
b10111 '
b10111 (
b10110 &
0$
#3480000
b11000 #
b11000 '
b11000 (
b10111 &
0$
#3481000
b11001 #
b11001 '
b11001 (
b11000 &
0$
#3482000
b11010 #
b11010 '
b11010 (
b11001 &
0$
#3483000
b11011 #
b11011 '
b11011 (
b11010 &
0$
#3484000
b11100 #
b11100 '
b11100 (
b11011 &
0$
#3485000
b11101 #
b11101 '
b11101 (
b11100 &
0$
#3486000
b11110 #
b11110 '
b11110 (
b11101 &
0$
#3487000
b11111 #
b11111 '
b11111 (
b11110 &
0$
#3488000
b0 #
b0 '
b0 (
b11111 &
0$
#3489000
b1 #
b1 '
b1 (
b0 &
0$
#3490000
b10 #
b10 '
b10 (
b1 &
0$
#3491000
b11 #
b11 '
b11 (
b10 &
0$
#3492000
b100 #
b100 '
b100 (
b11 &
0$
#3493000
b101 #
b101 '
b101 (
b100 &
0$
#3494000
b110 #
b110 '
b110 (
b101 &
0$
#3495000
b111 #
b111 '
b111 (
b110 &
0$
#3496000
b1000 #
b1000 '
b1000 (
b111 &
0$
#3497000
b1001 #
b1001 '
b1001 (
b1000 &
0$
#3498000
b1010 #
b1010 '
b1010 (
b1001 &
0$
#3499000
b1011 #
b1011 '
b1011 (
b1010 &
0$
#3500000
b1100 #
b1100 '
b1100 (
b1011 &
0$
#3501000
b1101 #
b1101 '
b1101 (
b1100 &
0$
#3502000
b1110 #
b1110 '
b1110 (
b1101 &
0$
#3503000
b1111 #
b1111 '
b1111 (
b1110 &
0$
#3504000
b10000 #
b10000 '
b10000 (
b1111 &
0$
#3505000
b10001 #
b10001 '
b10001 (
b10000 &
0$
#3506000
b10010 #
b10010 '
b10010 (
b10001 &
0$
#3507000
b10011 #
b10011 '
b10011 (
b10010 &
0$
#3508000
b10100 #
b10100 '
b10100 (
b10011 &
0$
#3509000
b10101 #
b10101 '
b10101 (
b10100 &
0$
#3510000
b10110 #
b10110 '
b10110 (
b10101 &
0$
#3511000
b10111 #
b10111 '
b10111 (
b10110 &
0$
#3512000
b11000 #
b11000 '
b11000 (
b10111 &
0$
#3513000
b11001 #
b11001 '
b11001 (
b11000 &
0$
#3514000
b11010 #
b11010 '
b11010 (
b11001 &
0$
#3515000
b11011 #
b11011 '
b11011 (
b11010 &
0$
#3516000
b11100 #
b11100 '
b11100 (
b11011 &
0$
#3517000
b11101 #
b11101 '
b11101 (
b11100 &
0$
#3518000
b11110 #
b11110 '
b11110 (
b11101 &
0$
#3519000
b11111 #
b11111 '
b11111 (
b11110 &
0$
#3520000
b0 #
b0 '
b0 (
b11111 &
0$
#3521000
b1 #
b1 '
b1 (
b0 &
0$
#3522000
b10 #
b10 '
b10 (
b1 &
0$
#3523000
b11 #
b11 '
b11 (
b10 &
0$
#3524000
b100 #
b100 '
b100 (
b11 &
0$
#3525000
b101 #
b101 '
b101 (
b100 &
0$
#3526000
b110 #
b110 '
b110 (
b101 &
0$
#3527000
b111 #
b111 '
b111 (
b110 &
0$
#3528000
b1000 #
b1000 '
b1000 (
b111 &
0$
#3529000
b1001 #
b1001 '
b1001 (
b1000 &
0$
#3530000
b1010 #
b1010 '
b1010 (
b1001 &
0$
#3531000
b1011 #
b1011 '
b1011 (
b1010 &
0$
#3532000
b1100 #
b1100 '
b1100 (
b1011 &
0$
#3533000
b1101 #
b1101 '
b1101 (
b1100 &
0$
#3534000
b1110 #
b1110 '
b1110 (
b1101 &
0$
#3535000
b1111 #
b1111 '
b1111 (
b1110 &
0$
#3536000
b10000 #
b10000 '
b10000 (
b1111 &
0$
#3537000
b10001 #
b10001 '
b10001 (
b10000 &
0$
#3538000
b10010 #
b10010 '
b10010 (
b10001 &
0$
#3539000
b10011 #
b10011 '
b10011 (
b10010 &
0$
#3540000
b10100 #
b10100 '
b10100 (
b10011 &
0$
#3541000
b10101 #
b10101 '
b10101 (
b10100 &
0$
#3542000
b10110 #
b10110 '
b10110 (
b10101 &
0$
#3543000
b10111 #
b10111 '
b10111 (
b10110 &
0$
#3544000
b11000 #
b11000 '
b11000 (
b10111 &
0$
#3545000
b11001 #
b11001 '
b11001 (
b11000 &
0$
#3546000
b11010 #
b11010 '
b11010 (
b11001 &
0$
#3547000
b11011 #
b11011 '
b11011 (
b11010 &
0$
#3548000
b11100 #
b11100 '
b11100 (
b11011 &
0$
#3549000
b11101 #
b11101 '
b11101 (
b11100 &
0$
#3550000
b11110 #
b11110 '
b11110 (
b11101 &
0$
#3551000
b11111 #
b11111 '
b11111 (
b11110 &
0$
#3552000
b0 #
b0 '
b0 (
b11111 &
0$
#3553000
b1 #
b1 '
b1 (
b0 &
0$
#3554000
b10 #
b10 '
b10 (
b1 &
0$
#3555000
b11 #
b11 '
b11 (
b10 &
0$
#3556000
b100 #
b100 '
b100 (
b11 &
0$
#3557000
b101 #
b101 '
b101 (
b100 &
0$
#3558000
b110 #
b110 '
b110 (
b101 &
0$
#3559000
b111 #
b111 '
b111 (
b110 &
0$
#3560000
b1000 #
b1000 '
b1000 (
b111 &
0$
#3561000
b1001 #
b1001 '
b1001 (
b1000 &
0$
#3562000
b1010 #
b1010 '
b1010 (
b1001 &
0$
#3563000
b1011 #
b1011 '
b1011 (
b1010 &
0$
#3564000
b1100 #
b1100 '
b1100 (
b1011 &
0$
#3565000
b1101 #
b1101 '
b1101 (
b1100 &
0$
#3566000
b1110 #
b1110 '
b1110 (
b1101 &
0$
#3567000
b1111 #
b1111 '
b1111 (
b1110 &
0$
#3568000
b10000 #
b10000 '
b10000 (
b1111 &
0$
#3569000
b10001 #
b10001 '
b10001 (
b10000 &
0$
#3570000
b10010 #
b10010 '
b10010 (
b10001 &
0$
#3571000
b10011 #
b10011 '
b10011 (
b10010 &
0$
#3572000
b10100 #
b10100 '
b10100 (
b10011 &
0$
#3573000
b10101 #
b10101 '
b10101 (
b10100 &
0$
#3574000
b10110 #
b10110 '
b10110 (
b10101 &
0$
#3575000
b10111 #
b10111 '
b10111 (
b10110 &
0$
#3576000
b11000 #
b11000 '
b11000 (
b10111 &
0$
#3577000
b11001 #
b11001 '
b11001 (
b11000 &
0$
#3578000
b11010 #
b11010 '
b11010 (
b11001 &
0$
#3579000
b11011 #
b11011 '
b11011 (
b11010 &
0$
#3580000
b11100 #
b11100 '
b11100 (
b11011 &
0$
#3581000
b11101 #
b11101 '
b11101 (
b11100 &
0$
#3582000
b11110 #
b11110 '
b11110 (
b11101 &
0$
#3583000
b11111 #
b11111 '
b11111 (
b11110 &
0$
#3584000
b0 #
b0 '
b0 (
b11111 &
0$
#3585000
b1 #
b1 '
b1 (
b0 &
0$
#3586000
b10 #
b10 '
b10 (
b1 &
0$
#3587000
b11 #
b11 '
b11 (
b10 &
0$
#3588000
b100 #
b100 '
b100 (
b11 &
0$
#3589000
b101 #
b101 '
b101 (
b100 &
0$
#3590000
b110 #
b110 '
b110 (
b101 &
0$
#3591000
b111 #
b111 '
b111 (
b110 &
0$
#3592000
b1000 #
b1000 '
b1000 (
b111 &
0$
#3593000
b1001 #
b1001 '
b1001 (
b1000 &
0$
#3594000
b1010 #
b1010 '
b1010 (
b1001 &
0$
#3595000
b1011 #
b1011 '
b1011 (
b1010 &
0$
#3596000
b1100 #
b1100 '
b1100 (
b1011 &
0$
#3597000
b1101 #
b1101 '
b1101 (
b1100 &
0$
#3598000
b1110 #
b1110 '
b1110 (
b1101 &
0$
#3599000
b1111 #
b1111 '
b1111 (
b1110 &
0$
#3600000
b10000 #
b10000 '
b10000 (
b1111 &
0$
#3601000
b10001 #
b10001 '
b10001 (
b10000 &
0$
#3602000
b10010 #
b10010 '
b10010 (
b10001 &
0$
#3603000
b10011 #
b10011 '
b10011 (
b10010 &
0$
#3604000
b10100 #
b10100 '
b10100 (
b10011 &
0$
#3605000
b10101 #
b10101 '
b10101 (
b10100 &
0$
#3606000
b10110 #
b10110 '
b10110 (
b10101 &
0$
#3607000
b10111 #
b10111 '
b10111 (
b10110 &
0$
#3608000
b11000 #
b11000 '
b11000 (
b10111 &
0$
#3609000
b11001 #
b11001 '
b11001 (
b11000 &
0$
#3610000
b11010 #
b11010 '
b11010 (
b11001 &
0$
#3611000
b11011 #
b11011 '
b11011 (
b11010 &
0$
#3612000
b11100 #
b11100 '
b11100 (
b11011 &
0$
#3613000
b11101 #
b11101 '
b11101 (
b11100 &
0$
#3614000
b11110 #
b11110 '
b11110 (
b11101 &
0$
#3615000
b11111 #
b11111 '
b11111 (
b11110 &
0$
#3616000
b0 #
b0 '
b0 (
b11111 &
0$
#3617000
b1 #
b1 '
b1 (
b0 &
0$
#3618000
b10 #
b10 '
b10 (
b1 &
0$
#3619000
b11 #
b11 '
b11 (
b10 &
0$
#3620000
b100 #
b100 '
b100 (
b11 &
0$
#3621000
b101 #
b101 '
b101 (
b100 &
0$
#3622000
b110 #
b110 '
b110 (
b101 &
0$
#3623000
b111 #
b111 '
b111 (
b110 &
0$
#3624000
b1000 #
b1000 '
b1000 (
b111 &
0$
#3625000
b1001 #
b1001 '
b1001 (
b1000 &
0$
#3626000
b1010 #
b1010 '
b1010 (
b1001 &
0$
#3627000
b1011 #
b1011 '
b1011 (
b1010 &
0$
#3628000
b1100 #
b1100 '
b1100 (
b1011 &
0$
#3629000
b1101 #
b1101 '
b1101 (
b1100 &
0$
#3630000
b1110 #
b1110 '
b1110 (
b1101 &
0$
#3631000
b1111 #
b1111 '
b1111 (
b1110 &
0$
#3632000
b10000 #
b10000 '
b10000 (
b1111 &
0$
#3633000
b10001 #
b10001 '
b10001 (
b10000 &
0$
#3634000
b10010 #
b10010 '
b10010 (
b10001 &
0$
#3635000
b10011 #
b10011 '
b10011 (
b10010 &
0$
#3636000
b10100 #
b10100 '
b10100 (
b10011 &
0$
#3637000
b10101 #
b10101 '
b10101 (
b10100 &
0$
#3638000
b10110 #
b10110 '
b10110 (
b10101 &
0$
#3639000
b10111 #
b10111 '
b10111 (
b10110 &
0$
#3640000
b11000 #
b11000 '
b11000 (
b10111 &
0$
#3641000
b11001 #
b11001 '
b11001 (
b11000 &
0$
#3642000
b11010 #
b11010 '
b11010 (
b11001 &
0$
#3643000
b11011 #
b11011 '
b11011 (
b11010 &
0$
#3644000
b11100 #
b11100 '
b11100 (
b11011 &
0$
#3645000
b11101 #
b11101 '
b11101 (
b11100 &
0$
#3646000
b11110 #
b11110 '
b11110 (
b11101 &
0$
#3647000
b11111 #
b11111 '
b11111 (
b11110 &
0$
#3648000
b0 #
b0 '
b0 (
b11111 &
0$
#3649000
b1 #
b1 '
b1 (
b0 &
0$
#3650000
b10 #
b10 '
b10 (
b1 &
0$
#3651000
b11 #
b11 '
b11 (
b10 &
0$
#3652000
b100 #
b100 '
b100 (
b11 &
0$
#3653000
b101 #
b101 '
b101 (
b100 &
0$
#3654000
b110 #
b110 '
b110 (
b101 &
0$
#3655000
b111 #
b111 '
b111 (
b110 &
0$
#3656000
b1000 #
b1000 '
b1000 (
b111 &
0$
#3657000
b1001 #
b1001 '
b1001 (
b1000 &
0$
#3658000
b1010 #
b1010 '
b1010 (
b1001 &
0$
#3659000
b1011 #
b1011 '
b1011 (
b1010 &
0$
#3660000
b1100 #
b1100 '
b1100 (
b1011 &
0$
#3661000
b1101 #
b1101 '
b1101 (
b1100 &
0$
#3662000
b1110 #
b1110 '
b1110 (
b1101 &
0$
#3663000
b1111 #
b1111 '
b1111 (
b1110 &
0$
#3664000
b10000 #
b10000 '
b10000 (
b1111 &
0$
#3665000
b10001 #
b10001 '
b10001 (
b10000 &
0$
#3666000
b10010 #
b10010 '
b10010 (
b10001 &
0$
#3667000
b10011 #
b10011 '
b10011 (
b10010 &
0$
#3668000
b10100 #
b10100 '
b10100 (
b10011 &
0$
#3669000
b10101 #
b10101 '
b10101 (
b10100 &
0$
#3670000
b10110 #
b10110 '
b10110 (
b10101 &
0$
#3671000
b10111 #
b10111 '
b10111 (
b10110 &
0$
#3672000
b11000 #
b11000 '
b11000 (
b10111 &
0$
#3673000
b11001 #
b11001 '
b11001 (
b11000 &
0$
#3674000
b11010 #
b11010 '
b11010 (
b11001 &
0$
#3675000
b11011 #
b11011 '
b11011 (
b11010 &
0$
#3676000
b11100 #
b11100 '
b11100 (
b11011 &
0$
#3677000
b11101 #
b11101 '
b11101 (
b11100 &
0$
#3678000
b11110 #
b11110 '
b11110 (
b11101 &
0$
#3679000
b11111 #
b11111 '
b11111 (
b11110 &
0$
#3680000
b0 #
b0 '
b0 (
b11111 &
0$
#3681000
b1 #
b1 '
b1 (
b0 &
0$
#3682000
b10 #
b10 '
b10 (
b1 &
0$
#3683000
b11 #
b11 '
b11 (
b10 &
0$
#3684000
b100 #
b100 '
b100 (
b11 &
0$
#3685000
b101 #
b101 '
b101 (
b100 &
0$
#3686000
b110 #
b110 '
b110 (
b101 &
0$
#3687000
b111 #
b111 '
b111 (
b110 &
0$
#3688000
b1000 #
b1000 '
b1000 (
b111 &
0$
#3689000
b1001 #
b1001 '
b1001 (
b1000 &
0$
#3690000
b1010 #
b1010 '
b1010 (
b1001 &
0$
#3691000
b1011 #
b1011 '
b1011 (
b1010 &
0$
#3692000
b1100 #
b1100 '
b1100 (
b1011 &
0$
#3693000
b1101 #
b1101 '
b1101 (
b1100 &
0$
#3694000
b1110 #
b1110 '
b1110 (
b1101 &
0$
#3695000
b1111 #
b1111 '
b1111 (
b1110 &
0$
#3696000
b10000 #
b10000 '
b10000 (
b1111 &
0$
#3697000
b10001 #
b10001 '
b10001 (
b10000 &
0$
#3698000
b10010 #
b10010 '
b10010 (
b10001 &
0$
#3699000
b10011 #
b10011 '
b10011 (
b10010 &
0$
#3700000
b10100 #
b10100 '
b10100 (
b10011 &
0$
#3701000
b10101 #
b10101 '
b10101 (
b10100 &
0$
#3702000
b10110 #
b10110 '
b10110 (
b10101 &
0$
#3703000
b10111 #
b10111 '
b10111 (
b10110 &
0$
#3704000
b11000 #
b11000 '
b11000 (
b10111 &
0$
#3705000
b11001 #
b11001 '
b11001 (
b11000 &
0$
#3706000
b11010 #
b11010 '
b11010 (
b11001 &
0$
#3707000
b11011 #
b11011 '
b11011 (
b11010 &
0$
#3708000
b11100 #
b11100 '
b11100 (
b11011 &
0$
#3709000
b11101 #
b11101 '
b11101 (
b11100 &
0$
#3710000
b11110 #
b11110 '
b11110 (
b11101 &
0$
#3711000
b11111 #
b11111 '
b11111 (
b11110 &
0$
#3712000
b0 #
b0 '
b0 (
b11111 &
0$
#3713000
b1 #
b1 '
b1 (
b0 &
0$
#3714000
b10 #
b10 '
b10 (
b1 &
0$
#3715000
b11 #
b11 '
b11 (
b10 &
0$
#3716000
b100 #
b100 '
b100 (
b11 &
0$
#3717000
b101 #
b101 '
b101 (
b100 &
0$
#3718000
b110 #
b110 '
b110 (
b101 &
0$
#3719000
b111 #
b111 '
b111 (
b110 &
0$
#3720000
b1000 #
b1000 '
b1000 (
b111 &
0$
#3721000
b1001 #
b1001 '
b1001 (
b1000 &
0$
#3722000
b1010 #
b1010 '
b1010 (
b1001 &
0$
#3723000
b1011 #
b1011 '
b1011 (
b1010 &
0$
#3724000
b1100 #
b1100 '
b1100 (
b1011 &
0$
#3725000
b1101 #
b1101 '
b1101 (
b1100 &
0$
#3726000
b1110 #
b1110 '
b1110 (
b1101 &
0$
#3727000
b1111 #
b1111 '
b1111 (
b1110 &
0$
#3728000
b10000 #
b10000 '
b10000 (
b1111 &
0$
#3729000
b10001 #
b10001 '
b10001 (
b10000 &
0$
#3730000
b10010 #
b10010 '
b10010 (
b10001 &
0$
#3731000
b10011 #
b10011 '
b10011 (
b10010 &
0$
#3732000
b10100 #
b10100 '
b10100 (
b10011 &
0$
#3733000
b10101 #
b10101 '
b10101 (
b10100 &
0$
#3734000
b10110 #
b10110 '
b10110 (
b10101 &
0$
#3735000
b10111 #
b10111 '
b10111 (
b10110 &
0$
#3736000
b11000 #
b11000 '
b11000 (
b10111 &
0$
#3737000
b11001 #
b11001 '
b11001 (
b11000 &
0$
#3738000
b11010 #
b11010 '
b11010 (
b11001 &
0$
#3739000
b11011 #
b11011 '
b11011 (
b11010 &
0$
#3740000
b11100 #
b11100 '
b11100 (
b11011 &
0$
#3741000
b11101 #
b11101 '
b11101 (
b11100 &
0$
#3742000
b11110 #
b11110 '
b11110 (
b11101 &
0$
#3743000
b11111 #
b11111 '
b11111 (
b11110 &
0$
#3744000
b0 #
b0 '
b0 (
b11111 &
0$
#3745000
b1 #
b1 '
b1 (
b0 &
0$
#3746000
b10 #
b10 '
b10 (
b1 &
0$
#3747000
b11 #
b11 '
b11 (
b10 &
0$
#3748000
b100 #
b100 '
b100 (
b11 &
0$
#3749000
b101 #
b101 '
b101 (
b100 &
0$
#3750000
b110 #
b110 '
b110 (
b101 &
0$
#3751000
b111 #
b111 '
b111 (
b110 &
0$
#3752000
b1000 #
b1000 '
b1000 (
b111 &
0$
#3753000
b1001 #
b1001 '
b1001 (
b1000 &
0$
#3754000
b1010 #
b1010 '
b1010 (
b1001 &
0$
#3755000
b1011 #
b1011 '
b1011 (
b1010 &
0$
#3756000
b1100 #
b1100 '
b1100 (
b1011 &
0$
#3757000
b1101 #
b1101 '
b1101 (
b1100 &
0$
#3758000
b1110 #
b1110 '
b1110 (
b1101 &
0$
#3759000
b1111 #
b1111 '
b1111 (
b1110 &
0$
#3760000
b10000 #
b10000 '
b10000 (
b1111 &
0$
#3761000
b10001 #
b10001 '
b10001 (
b10000 &
0$
#3762000
b10010 #
b10010 '
b10010 (
b10001 &
0$
#3763000
b10011 #
b10011 '
b10011 (
b10010 &
0$
#3764000
b10100 #
b10100 '
b10100 (
b10011 &
0$
#3765000
b10101 #
b10101 '
b10101 (
b10100 &
0$
#3766000
b10110 #
b10110 '
b10110 (
b10101 &
0$
#3767000
b10111 #
b10111 '
b10111 (
b10110 &
0$
#3768000
b11000 #
b11000 '
b11000 (
b10111 &
0$
#3769000
b11001 #
b11001 '
b11001 (
b11000 &
0$
#3770000
b11010 #
b11010 '
b11010 (
b11001 &
0$
#3771000
b11011 #
b11011 '
b11011 (
b11010 &
0$
#3772000
b11100 #
b11100 '
b11100 (
b11011 &
0$
#3773000
b11101 #
b11101 '
b11101 (
b11100 &
0$
#3774000
b11110 #
b11110 '
b11110 (
b11101 &
0$
#3775000
b11111 #
b11111 '
b11111 (
b11110 &
0$
#3776000
b0 #
b0 '
b0 (
b11111 &
0$
#3777000
b1 #
b1 '
b1 (
b0 &
0$
#3778000
b10 #
b10 '
b10 (
b1 &
0$
#3779000
b11 #
b11 '
b11 (
b10 &
0$
#3780000
b100 #
b100 '
b100 (
b11 &
0$
#3781000
b101 #
b101 '
b101 (
b100 &
0$
#3782000
b110 #
b110 '
b110 (
b101 &
0$
#3783000
b111 #
b111 '
b111 (
b110 &
0$
#3784000
b1000 #
b1000 '
b1000 (
b111 &
0$
#3785000
b1001 #
b1001 '
b1001 (
b1000 &
0$
#3786000
b1010 #
b1010 '
b1010 (
b1001 &
0$
#3787000
b1011 #
b1011 '
b1011 (
b1010 &
0$
#3788000
b1100 #
b1100 '
b1100 (
b1011 &
0$
#3789000
b1101 #
b1101 '
b1101 (
b1100 &
0$
#3790000
b1110 #
b1110 '
b1110 (
b1101 &
0$
#3791000
b1111 #
b1111 '
b1111 (
b1110 &
0$
#3792000
b10000 #
b10000 '
b10000 (
b1111 &
0$
#3793000
b10001 #
b10001 '
b10001 (
b10000 &
0$
#3794000
b10010 #
b10010 '
b10010 (
b10001 &
0$
#3795000
b10011 #
b10011 '
b10011 (
b10010 &
0$
#3796000
b10100 #
b10100 '
b10100 (
b10011 &
0$
#3797000
b10101 #
b10101 '
b10101 (
b10100 &
0$
#3798000
b10110 #
b10110 '
b10110 (
b10101 &
0$
#3799000
b10111 #
b10111 '
b10111 (
b10110 &
0$
#3800000
b11000 #
b11000 '
b11000 (
b10111 &
0$
#3801000
b11001 #
b11001 '
b11001 (
b11000 &
0$
#3802000
b11010 #
b11010 '
b11010 (
b11001 &
0$
#3803000
b11011 #
b11011 '
b11011 (
b11010 &
0$
#3804000
b11100 #
b11100 '
b11100 (
b11011 &
0$
#3805000
b11101 #
b11101 '
b11101 (
b11100 &
0$
#3806000
b11110 #
b11110 '
b11110 (
b11101 &
0$
#3807000
b11111 #
b11111 '
b11111 (
b11110 &
0$
#3808000
b0 #
b0 '
b0 (
b11111 &
0$
#3809000
b1 #
b1 '
b1 (
b0 &
0$
#3810000
b10 #
b10 '
b10 (
b1 &
0$
#3811000
b11 #
b11 '
b11 (
b10 &
0$
#3812000
b100 #
b100 '
b100 (
b11 &
0$
#3813000
b101 #
b101 '
b101 (
b100 &
0$
#3814000
b110 #
b110 '
b110 (
b101 &
0$
#3815000
b111 #
b111 '
b111 (
b110 &
0$
#3816000
b1000 #
b1000 '
b1000 (
b111 &
0$
#3817000
b1001 #
b1001 '
b1001 (
b1000 &
0$
#3818000
b1010 #
b1010 '
b1010 (
b1001 &
0$
#3819000
b1011 #
b1011 '
b1011 (
b1010 &
0$
#3820000
b1100 #
b1100 '
b1100 (
b1011 &
0$
#3821000
b1101 #
b1101 '
b1101 (
b1100 &
0$
#3822000
b1110 #
b1110 '
b1110 (
b1101 &
0$
#3823000
b1111 #
b1111 '
b1111 (
b1110 &
0$
#3824000
b10000 #
b10000 '
b10000 (
b1111 &
0$
#3825000
b10001 #
b10001 '
b10001 (
b10000 &
0$
#3826000
b10010 #
b10010 '
b10010 (
b10001 &
0$
#3827000
b10011 #
b10011 '
b10011 (
b10010 &
0$
#3828000
b10100 #
b10100 '
b10100 (
b10011 &
0$
#3829000
b10101 #
b10101 '
b10101 (
b10100 &
0$
#3830000
b10110 #
b10110 '
b10110 (
b10101 &
0$
#3831000
b10111 #
b10111 '
b10111 (
b10110 &
0$
#3832000
b11000 #
b11000 '
b11000 (
b10111 &
0$
#3833000
b11001 #
b11001 '
b11001 (
b11000 &
0$
#3834000
b11010 #
b11010 '
b11010 (
b11001 &
0$
#3835000
b11011 #
b11011 '
b11011 (
b11010 &
0$
#3836000
b11100 #
b11100 '
b11100 (
b11011 &
0$
#3837000
b11101 #
b11101 '
b11101 (
b11100 &
0$
#3838000
b11110 #
b11110 '
b11110 (
b11101 &
0$
#3839000
b11111 #
b11111 '
b11111 (
b11110 &
0$
#3840000
b0 #
b0 '
b0 (
b11111 &
0$
#3841000
b1 #
b1 '
b1 (
b0 &
0$
#3842000
b10 #
b10 '
b10 (
b1 &
0$
#3843000
b11 #
b11 '
b11 (
b10 &
0$
#3844000
b100 #
b100 '
b100 (
b11 &
0$
#3845000
b101 #
b101 '
b101 (
b100 &
0$
#3846000
b110 #
b110 '
b110 (
b101 &
0$
#3847000
b111 #
b111 '
b111 (
b110 &
0$
#3848000
b1000 #
b1000 '
b1000 (
b111 &
0$
#3849000
b1001 #
b1001 '
b1001 (
b1000 &
0$
#3850000
b1010 #
b1010 '
b1010 (
b1001 &
0$
#3851000
b1011 #
b1011 '
b1011 (
b1010 &
0$
#3852000
b1100 #
b1100 '
b1100 (
b1011 &
0$
#3853000
b1101 #
b1101 '
b1101 (
b1100 &
0$
#3854000
b1110 #
b1110 '
b1110 (
b1101 &
0$
#3855000
b1111 #
b1111 '
b1111 (
b1110 &
0$
#3856000
b10000 #
b10000 '
b10000 (
b1111 &
0$
#3857000
b10001 #
b10001 '
b10001 (
b10000 &
0$
#3858000
b10010 #
b10010 '
b10010 (
b10001 &
0$
#3859000
b10011 #
b10011 '
b10011 (
b10010 &
0$
#3860000
b10100 #
b10100 '
b10100 (
b10011 &
0$
#3861000
b10101 #
b10101 '
b10101 (
b10100 &
0$
#3862000
b10110 #
b10110 '
b10110 (
b10101 &
0$
#3863000
b10111 #
b10111 '
b10111 (
b10110 &
0$
#3864000
b11000 #
b11000 '
b11000 (
b10111 &
0$
#3865000
b11001 #
b11001 '
b11001 (
b11000 &
0$
#3866000
b11010 #
b11010 '
b11010 (
b11001 &
0$
#3867000
b11011 #
b11011 '
b11011 (
b11010 &
0$
#3868000
b11100 #
b11100 '
b11100 (
b11011 &
0$
#3869000
b11101 #
b11101 '
b11101 (
b11100 &
0$
#3870000
b11110 #
b11110 '
b11110 (
b11101 &
0$
#3871000
b11111 #
b11111 '
b11111 (
b11110 &
0$
#3872000
b0 #
b0 '
b0 (
b11111 &
0$
#3873000
b1 #
b1 '
b1 (
b0 &
0$
#3874000
b10 #
b10 '
b10 (
b1 &
0$
#3875000
b11 #
b11 '
b11 (
b10 &
0$
#3876000
b100 #
b100 '
b100 (
b11 &
0$
#3877000
b101 #
b101 '
b101 (
b100 &
0$
#3878000
b110 #
b110 '
b110 (
b101 &
0$
#3879000
b111 #
b111 '
b111 (
b110 &
0$
#3880000
b1000 #
b1000 '
b1000 (
b111 &
0$
#3881000
b1001 #
b1001 '
b1001 (
b1000 &
0$
#3882000
b1010 #
b1010 '
b1010 (
b1001 &
0$
#3883000
b1011 #
b1011 '
b1011 (
b1010 &
0$
#3884000
b1100 #
b1100 '
b1100 (
b1011 &
0$
#3885000
b1101 #
b1101 '
b1101 (
b1100 &
0$
#3886000
b1110 #
b1110 '
b1110 (
b1101 &
0$
#3887000
b1111 #
b1111 '
b1111 (
b1110 &
0$
#3888000
b10000 #
b10000 '
b10000 (
b1111 &
0$
#3889000
b10001 #
b10001 '
b10001 (
b10000 &
0$
#3890000
b10010 #
b10010 '
b10010 (
b10001 &
0$
#3891000
b10011 #
b10011 '
b10011 (
b10010 &
0$
#3892000
b10100 #
b10100 '
b10100 (
b10011 &
0$
#3893000
b10101 #
b10101 '
b10101 (
b10100 &
0$
#3894000
b10110 #
b10110 '
b10110 (
b10101 &
0$
#3895000
b10111 #
b10111 '
b10111 (
b10110 &
0$
#3896000
b11000 #
b11000 '
b11000 (
b10111 &
0$
#3897000
b11001 #
b11001 '
b11001 (
b11000 &
0$
#3898000
b11010 #
b11010 '
b11010 (
b11001 &
0$
#3899000
b11011 #
b11011 '
b11011 (
b11010 &
0$
#3900000
b11100 #
b11100 '
b11100 (
b11011 &
0$
#3901000
b11101 #
b11101 '
b11101 (
b11100 &
0$
#3902000
b11110 #
b11110 '
b11110 (
b11101 &
0$
#3903000
b11111 #
b11111 '
b11111 (
b11110 &
0$
#3904000
b0 #
b0 '
b0 (
b11111 &
0$
#3905000
b1 #
b1 '
b1 (
b0 &
0$
#3906000
b10 #
b10 '
b10 (
b1 &
0$
#3907000
b11 #
b11 '
b11 (
b10 &
0$
#3908000
b100 #
b100 '
b100 (
b11 &
0$
#3909000
b101 #
b101 '
b101 (
b100 &
0$
#3910000
b110 #
b110 '
b110 (
b101 &
0$
#3911000
b111 #
b111 '
b111 (
b110 &
0$
#3912000
b1000 #
b1000 '
b1000 (
b111 &
0$
#3913000
b1001 #
b1001 '
b1001 (
b1000 &
0$
#3914000
b1010 #
b1010 '
b1010 (
b1001 &
0$
#3915000
b1011 #
b1011 '
b1011 (
b1010 &
0$
#3916000
b1100 #
b1100 '
b1100 (
b1011 &
0$
#3917000
b1101 #
b1101 '
b1101 (
b1100 &
0$
#3918000
b1110 #
b1110 '
b1110 (
b1101 &
0$
#3919000
b1111 #
b1111 '
b1111 (
b1110 &
0$
#3920000
b10000 #
b10000 '
b10000 (
b1111 &
0$
#3921000
b10001 #
b10001 '
b10001 (
b10000 &
0$
#3922000
b10010 #
b10010 '
b10010 (
b10001 &
0$
#3923000
b10011 #
b10011 '
b10011 (
b10010 &
0$
#3924000
b10100 #
b10100 '
b10100 (
b10011 &
0$
#3925000
b10101 #
b10101 '
b10101 (
b10100 &
0$
#3926000
b10110 #
b10110 '
b10110 (
b10101 &
0$
#3927000
b10111 #
b10111 '
b10111 (
b10110 &
0$
#3928000
b11000 #
b11000 '
b11000 (
b10111 &
0$
#3929000
b11001 #
b11001 '
b11001 (
b11000 &
0$
#3930000
b11010 #
b11010 '
b11010 (
b11001 &
0$
#3931000
b11011 #
b11011 '
b11011 (
b11010 &
0$
#3932000
b11100 #
b11100 '
b11100 (
b11011 &
0$
#3933000
b11101 #
b11101 '
b11101 (
b11100 &
0$
#3934000
b11110 #
b11110 '
b11110 (
b11101 &
0$
#3935000
b11111 #
b11111 '
b11111 (
b11110 &
0$
#3936000
b0 #
b0 '
b0 (
b11111 &
0$
#3937000
b1 #
b1 '
b1 (
b0 &
0$
#3938000
b10 #
b10 '
b10 (
b1 &
0$
#3939000
b11 #
b11 '
b11 (
b10 &
0$
#3940000
b100 #
b100 '
b100 (
b11 &
0$
#3941000
b101 #
b101 '
b101 (
b100 &
0$
#3942000
b110 #
b110 '
b110 (
b101 &
0$
#3943000
b111 #
b111 '
b111 (
b110 &
0$
#3944000
b1000 #
b1000 '
b1000 (
b111 &
0$
#3945000
b1001 #
b1001 '
b1001 (
b1000 &
0$
#3946000
b1010 #
b1010 '
b1010 (
b1001 &
0$
#3947000
b1011 #
b1011 '
b1011 (
b1010 &
0$
#3948000
b1100 #
b1100 '
b1100 (
b1011 &
0$
#3949000
b1101 #
b1101 '
b1101 (
b1100 &
0$
#3950000
b1110 #
b1110 '
b1110 (
b1101 &
0$
#3951000
b1111 #
b1111 '
b1111 (
b1110 &
0$
#3952000
b10000 #
b10000 '
b10000 (
b1111 &
0$
#3953000
b10001 #
b10001 '
b10001 (
b10000 &
0$
#3954000
b10010 #
b10010 '
b10010 (
b10001 &
0$
#3955000
b10011 #
b10011 '
b10011 (
b10010 &
0$
#3956000
b10100 #
b10100 '
b10100 (
b10011 &
0$
#3957000
b10101 #
b10101 '
b10101 (
b10100 &
0$
#3958000
b10110 #
b10110 '
b10110 (
b10101 &
0$
#3959000
b10111 #
b10111 '
b10111 (
b10110 &
0$
#3960000
b11000 #
b11000 '
b11000 (
b10111 &
0$
#3961000
b11001 #
b11001 '
b11001 (
b11000 &
0$
#3962000
b11010 #
b11010 '
b11010 (
b11001 &
0$
#3963000
b11011 #
b11011 '
b11011 (
b11010 &
0$
#3964000
b11100 #
b11100 '
b11100 (
b11011 &
0$
#3965000
b11101 #
b11101 '
b11101 (
b11100 &
0$
#3966000
b11110 #
b11110 '
b11110 (
b11101 &
0$
#3967000
b11111 #
b11111 '
b11111 (
b11110 &
0$
#3968000
b0 #
b0 '
b0 (
b11111 &
0$
#3969000
b1 #
b1 '
b1 (
b0 &
0$
#3970000
b10 #
b10 '
b10 (
b1 &
0$
#3971000
b11 #
b11 '
b11 (
b10 &
0$
#3972000
b100 #
b100 '
b100 (
b11 &
0$
#3973000
b101 #
b101 '
b101 (
b100 &
0$
#3974000
b110 #
b110 '
b110 (
b101 &
0$
#3975000
b111 #
b111 '
b111 (
b110 &
0$
#3976000
b1000 #
b1000 '
b1000 (
b111 &
0$
#3977000
b1001 #
b1001 '
b1001 (
b1000 &
0$
#3978000
b1010 #
b1010 '
b1010 (
b1001 &
0$
#3979000
b1011 #
b1011 '
b1011 (
b1010 &
0$
#3980000
b1100 #
b1100 '
b1100 (
b1011 &
0$
#3981000
b1101 #
b1101 '
b1101 (
b1100 &
0$
#3982000
b1110 #
b1110 '
b1110 (
b1101 &
0$
#3983000
b1111 #
b1111 '
b1111 (
b1110 &
0$
#3984000
b10000 #
b10000 '
b10000 (
b1111 &
0$
#3985000
b10001 #
b10001 '
b10001 (
b10000 &
0$
#3986000
b10010 #
b10010 '
b10010 (
b10001 &
0$
#3987000
b10011 #
b10011 '
b10011 (
b10010 &
0$
#3988000
b10100 #
b10100 '
b10100 (
b10011 &
0$
#3989000
b10101 #
b10101 '
b10101 (
b10100 &
0$
#3990000
b10110 #
b10110 '
b10110 (
b10101 &
0$
#3991000
b10111 #
b10111 '
b10111 (
b10110 &
0$
#3992000
b11000 #
b11000 '
b11000 (
b10111 &
0$
#3993000
b11001 #
b11001 '
b11001 (
b11000 &
0$
#3994000
b11010 #
b11010 '
b11010 (
b11001 &
0$
#3995000
b11011 #
b11011 '
b11011 (
b11010 &
0$
#3996000
b11100 #
b11100 '
b11100 (
b11011 &
0$
#3997000
b11101 #
b11101 '
b11101 (
b11100 &
0$
#3998000
b11110 #
b11110 '
b11110 (
b11101 &
0$
#3999000
b11111 #
b11111 '
b11111 (
b11110 &
0$
#4000000
b0 #
b0 '
b0 (
b11111 &
0$
#4001000
b1 #
b1 '
b1 (
b0 &
0$
#4002000
b10 #
b10 '
b10 (
b1 &
0$
#4003000
b11 #
b11 '
b11 (
b10 &
0$
#4004000
b100 #
b100 '
b100 (
b11 &
0$
#4005000
b101 #
b101 '
b101 (
b100 &
0$
#4006000
b110 #
b110 '
b110 (
b101 &
0$
#4007000
b111 #
b111 '
b111 (
b110 &
0$
#4008000
b1000 #
b1000 '
b1000 (
b111 &
0$
#4009000
b1001 #
b1001 '
b1001 (
b1000 &
0$
#4010000
b1010 #
b1010 '
b1010 (
b1001 &
0$
#4011000
b1011 #
b1011 '
b1011 (
b1010 &
0$
#4012000
b1100 #
b1100 '
b1100 (
b1011 &
0$
#4013000
b1101 #
b1101 '
b1101 (
b1100 &
0$
#4014000
b1110 #
b1110 '
b1110 (
b1101 &
0$
#4015000
b1111 #
b1111 '
b1111 (
b1110 &
0$
#4016000
b10000 #
b10000 '
b10000 (
b1111 &
0$
#4017000
b10001 #
b10001 '
b10001 (
b10000 &
0$
#4018000
b10010 #
b10010 '
b10010 (
b10001 &
0$
#4019000
b10011 #
b10011 '
b10011 (
b10010 &
0$
#4020000
b10100 #
b10100 '
b10100 (
b10011 &
0$
#4021000
b10101 #
b10101 '
b10101 (
b10100 &
0$
#4022000
b10110 #
b10110 '
b10110 (
b10101 &
0$
#4023000
b10111 #
b10111 '
b10111 (
b10110 &
0$
#4024000
b11000 #
b11000 '
b11000 (
b10111 &
0$
#4025000
b11001 #
b11001 '
b11001 (
b11000 &
0$
#4026000
b11010 #
b11010 '
b11010 (
b11001 &
0$
#4027000
b11011 #
b11011 '
b11011 (
b11010 &
0$
#4028000
b11100 #
b11100 '
b11100 (
b11011 &
0$
#4029000
b11101 #
b11101 '
b11101 (
b11100 &
0$
#4030000
b11110 #
b11110 '
b11110 (
b11101 &
0$
#4031000
b11111 #
b11111 '
b11111 (
b11110 &
0$
#4032000
b0 #
b0 '
b0 (
b11111 &
0$
#4033000
b1 #
b1 '
b1 (
b0 &
0$
#4034000
b10 #
b10 '
b10 (
b1 &
0$
#4035000
b11 #
b11 '
b11 (
b10 &
0$
#4036000
b100 #
b100 '
b100 (
b11 &
0$
#4037000
b101 #
b101 '
b101 (
b100 &
0$
#4038000
b110 #
b110 '
b110 (
b101 &
0$
#4039000
b111 #
b111 '
b111 (
b110 &
0$
#4040000
b1000 #
b1000 '
b1000 (
b111 &
0$
#4041000
b1001 #
b1001 '
b1001 (
b1000 &
0$
#4042000
b1010 #
b1010 '
b1010 (
b1001 &
0$
#4043000
b1011 #
b1011 '
b1011 (
b1010 &
0$
#4044000
b1100 #
b1100 '
b1100 (
b1011 &
0$
#4045000
b1101 #
b1101 '
b1101 (
b1100 &
0$
#4046000
b1110 #
b1110 '
b1110 (
b1101 &
0$
#4047000
b1111 #
b1111 '
b1111 (
b1110 &
0$
#4048000
b10000 #
b10000 '
b10000 (
b1111 &
0$
#4049000
b10001 #
b10001 '
b10001 (
b10000 &
0$
#4050000
b10010 #
b10010 '
b10010 (
b10001 &
0$
#4051000
b10011 #
b10011 '
b10011 (
b10010 &
0$
#4052000
b10100 #
b10100 '
b10100 (
b10011 &
0$
#4053000
b10101 #
b10101 '
b10101 (
b10100 &
0$
#4054000
b10110 #
b10110 '
b10110 (
b10101 &
0$
#4055000
b10111 #
b10111 '
b10111 (
b10110 &
0$
#4056000
b11000 #
b11000 '
b11000 (
b10111 &
0$
#4057000
b11001 #
b11001 '
b11001 (
b11000 &
0$
#4058000
b11010 #
b11010 '
b11010 (
b11001 &
0$
#4059000
b11011 #
b11011 '
b11011 (
b11010 &
0$
#4060000
b11100 #
b11100 '
b11100 (
b11011 &
0$
#4061000
b11101 #
b11101 '
b11101 (
b11100 &
0$
#4062000
b11110 #
b11110 '
b11110 (
b11101 &
0$
#4063000
b11111 #
b11111 '
b11111 (
b11110 &
0$
#4064000
b0 #
b0 '
b0 (
b11111 &
0$
#4065000
b1 #
b1 '
b1 (
b0 &
0$
#4066000
b10 #
b10 '
b10 (
b1 &
0$
#4067000
b11 #
b11 '
b11 (
b10 &
0$
#4068000
b100 #
b100 '
b100 (
b11 &
0$
#4069000
b101 #
b101 '
b101 (
b100 &
0$
#4070000
b110 #
b110 '
b110 (
b101 &
0$
#4071000
b111 #
b111 '
b111 (
b110 &
0$
#4072000
b1000 #
b1000 '
b1000 (
b111 &
0$
#4073000
b1001 #
b1001 '
b1001 (
b1000 &
0$
#4074000
b1010 #
b1010 '
b1010 (
b1001 &
0$
#4075000
b1011 #
b1011 '
b1011 (
b1010 &
0$
#4076000
b1100 #
b1100 '
b1100 (
b1011 &
0$
#4077000
b1101 #
b1101 '
b1101 (
b1100 &
0$
#4078000
b1110 #
b1110 '
b1110 (
b1101 &
0$
#4079000
b1111 #
b1111 '
b1111 (
b1110 &
0$
#4080000
b10000 #
b10000 '
b10000 (
b1111 &
0$
#4081000
b10001 #
b10001 '
b10001 (
b10000 &
0$
#4082000
b10010 #
b10010 '
b10010 (
b10001 &
0$
#4083000
b10011 #
b10011 '
b10011 (
b10010 &
0$
#4084000
b10100 #
b10100 '
b10100 (
b10011 &
0$
#4085000
b10101 #
b10101 '
b10101 (
b10100 &
0$
#4086000
b10110 #
b10110 '
b10110 (
b10101 &
0$
#4087000
b10111 #
b10111 '
b10111 (
b10110 &
0$
#4088000
b11000 #
b11000 '
b11000 (
b10111 &
0$
#4089000
b11001 #
b11001 '
b11001 (
b11000 &
0$
#4090000
b11010 #
b11010 '
b11010 (
b11001 &
0$
#4091000
b11011 #
b11011 '
b11011 (
b11010 &
0$
#4092000
b11100 #
b11100 '
b11100 (
b11011 &
0$
#4093000
b11101 #
b11101 '
b11101 (
b11100 &
0$
#4094000
b11110 #
b11110 '
b11110 (
b11101 &
0$
#4095000
b11111 #
b11111 '
b11111 (
b11110 &
0$
#4096000
b0 #
b0 '
b0 (
b11111 &
0$
#4097000
b1 #
b1 '
b1 (
b0 &
0$
#4098000
b10 #
b10 '
b10 (
b1 &
0$
#4099000
b11 #
b11 '
b11 (
b10 &
0$
#4100000
b100 #
b100 '
b100 (
b11 &
0$
#4101000
b101 #
b101 '
b101 (
b100 &
0$
#4102000
b110 #
b110 '
b110 (
b101 &
0$
#4103000
b111 #
b111 '
b111 (
b110 &
0$
#4104000
b1000 #
b1000 '
b1000 (
b111 &
0$
#4105000
b1001 #
b1001 '
b1001 (
b1000 &
0$
#4106000
b1010 #
b1010 '
b1010 (
b1001 &
0$
#4107000
b1011 #
b1011 '
b1011 (
b1010 &
0$
#4108000
b1100 #
b1100 '
b1100 (
b1011 &
0$
#4109000
b1101 #
b1101 '
b1101 (
b1100 &
0$
#4110000
b1110 #
b1110 '
b1110 (
b1101 &
0$
#4111000
b1111 #
b1111 '
b1111 (
b1110 &
0$
#4112000
b10000 #
b10000 '
b10000 (
b1111 &
0$
#4113000
b10001 #
b10001 '
b10001 (
b10000 &
0$
#4114000
b10010 #
b10010 '
b10010 (
b10001 &
0$
#4115000
b10011 #
b10011 '
b10011 (
b10010 &
0$
#4116000
b10100 #
b10100 '
b10100 (
b10011 &
0$
#4117000
b10101 #
b10101 '
b10101 (
b10100 &
0$
#4118000
b10110 #
b10110 '
b10110 (
b10101 &
0$
#4119000
b10111 #
b10111 '
b10111 (
b10110 &
0$
#4120000
b11000 #
b11000 '
b11000 (
b10111 &
0$
#4121000
b11001 #
b11001 '
b11001 (
b11000 &
0$
#4122000
b11010 #
b11010 '
b11010 (
b11001 &
0$
#4123000
b11011 #
b11011 '
b11011 (
b11010 &
0$
#4124000
b11100 #
b11100 '
b11100 (
b11011 &
0$
#4125000
b11101 #
b11101 '
b11101 (
b11100 &
0$
#4126000
b11110 #
b11110 '
b11110 (
b11101 &
0$
#4127000
b11111 #
b11111 '
b11111 (
b11110 &
0$
#4128000
b0 #
b0 '
b0 (
b11111 &
0$
#4129000
b1 #
b1 '
b1 (
b0 &
0$
#4130000
b10 #
b10 '
b10 (
b1 &
0$
#4131000
b11 #
b11 '
b11 (
b10 &
0$
#4132000
b100 #
b100 '
b100 (
b11 &
0$
#4133000
b101 #
b101 '
b101 (
b100 &
0$
#4134000
b110 #
b110 '
b110 (
b101 &
0$
#4135000
b111 #
b111 '
b111 (
b110 &
0$
#4136000
b1000 #
b1000 '
b1000 (
b111 &
0$
#4137000
b1001 #
b1001 '
b1001 (
b1000 &
0$
#4138000
b1010 #
b1010 '
b1010 (
b1001 &
0$
#4139000
b1011 #
b1011 '
b1011 (
b1010 &
0$
#4140000
b1100 #
b1100 '
b1100 (
b1011 &
0$
#4141000
b1101 #
b1101 '
b1101 (
b1100 &
0$
#4142000
b1110 #
b1110 '
b1110 (
b1101 &
0$
#4143000
b1111 #
b1111 '
b1111 (
b1110 &
0$
#4144000
b10000 #
b10000 '
b10000 (
b1111 &
0$
#4145000
b10001 #
b10001 '
b10001 (
b10000 &
0$
#4146000
b10010 #
b10010 '
b10010 (
b10001 &
0$
#4147000
b10011 #
b10011 '
b10011 (
b10010 &
0$
#4148000
b10100 #
b10100 '
b10100 (
b10011 &
0$
#4149000
b10101 #
b10101 '
b10101 (
b10100 &
0$
#4150000
b10110 #
b10110 '
b10110 (
b10101 &
0$
#4151000
b10111 #
b10111 '
b10111 (
b10110 &
0$
#4152000
b11000 #
b11000 '
b11000 (
b10111 &
0$
#4153000
b11001 #
b11001 '
b11001 (
b11000 &
0$
#4154000
b11010 #
b11010 '
b11010 (
b11001 &
0$
#4155000
b11011 #
b11011 '
b11011 (
b11010 &
0$
#4156000
b11100 #
b11100 '
b11100 (
b11011 &
0$
#4157000
b11101 #
b11101 '
b11101 (
b11100 &
0$
#4158000
b11110 #
b11110 '
b11110 (
b11101 &
0$
#4159000
b11111 #
b11111 '
b11111 (
b11110 &
0$
#4160000
b0 #
b0 '
b0 (
b11111 &
0$
#4161000
b1 #
b1 '
b1 (
b0 &
0$
#4162000
b10 #
b10 '
b10 (
b1 &
0$
#4163000
b11 #
b11 '
b11 (
b10 &
0$
#4164000
b100 #
b100 '
b100 (
b11 &
0$
#4165000
b101 #
b101 '
b101 (
b100 &
0$
#4166000
b110 #
b110 '
b110 (
b101 &
0$
#4167000
b111 #
b111 '
b111 (
b110 &
0$
#4168000
b1000 #
b1000 '
b1000 (
b111 &
0$
#4169000
b1001 #
b1001 '
b1001 (
b1000 &
0$
#4170000
b1010 #
b1010 '
b1010 (
b1001 &
0$
#4171000
b1011 #
b1011 '
b1011 (
b1010 &
0$
#4172000
b1100 #
b1100 '
b1100 (
b1011 &
0$
#4173000
b1101 #
b1101 '
b1101 (
b1100 &
0$
#4174000
b1110 #
b1110 '
b1110 (
b1101 &
0$
#4175000
b1111 #
b1111 '
b1111 (
b1110 &
0$
#4176000
b10000 #
b10000 '
b10000 (
b1111 &
0$
#4177000
b10001 #
b10001 '
b10001 (
b10000 &
0$
#4178000
b10010 #
b10010 '
b10010 (
b10001 &
0$
#4179000
b10011 #
b10011 '
b10011 (
b10010 &
0$
#4180000
b10100 #
b10100 '
b10100 (
b10011 &
0$
#4181000
b10101 #
b10101 '
b10101 (
b10100 &
0$
#4182000
b10110 #
b10110 '
b10110 (
b10101 &
0$
#4183000
b10111 #
b10111 '
b10111 (
b10110 &
0$
#4184000
b11000 #
b11000 '
b11000 (
b10111 &
0$
#4185000
b11001 #
b11001 '
b11001 (
b11000 &
0$
#4186000
b11010 #
b11010 '
b11010 (
b11001 &
0$
#4187000
b11011 #
b11011 '
b11011 (
b11010 &
0$
#4188000
b11100 #
b11100 '
b11100 (
b11011 &
0$
#4189000
b11101 #
b11101 '
b11101 (
b11100 &
0$
#4190000
b11110 #
b11110 '
b11110 (
b11101 &
0$
#4191000
b11111 #
b11111 '
b11111 (
b11110 &
0$
#4192000
b0 #
b0 '
b0 (
b11111 &
0$
#4193000
b1 #
b1 '
b1 (
b0 &
0$
#4194000
b10 #
b10 '
b10 (
b1 &
0$
#4195000
b11 #
b11 '
b11 (
b10 &
0$
#4196000
b100 #
b100 '
b100 (
b11 &
0$
#4197000
b101 #
b101 '
b101 (
b100 &
0$
#4198000
b110 #
b110 '
b110 (
b101 &
0$
#4199000
b111 #
b111 '
b111 (
b110 &
0$
#4200000
b1000 #
b1000 '
b1000 (
b111 &
0$
#4201000
b1001 #
b1001 '
b1001 (
b1000 &
0$
#4202000
b1010 #
b1010 '
b1010 (
b1001 &
0$
#4203000
b1011 #
b1011 '
b1011 (
b1010 &
0$
#4204000
b1100 #
b1100 '
b1100 (
b1011 &
0$
#4205000
b1101 #
b1101 '
b1101 (
b1100 &
0$
#4206000
b1110 #
b1110 '
b1110 (
b1101 &
0$
#4207000
b1111 #
b1111 '
b1111 (
b1110 &
0$
#4208000
b10000 #
b10000 '
b10000 (
b1111 &
0$
#4209000
b10001 #
b10001 '
b10001 (
b10000 &
0$
#4210000
b10010 #
b10010 '
b10010 (
b10001 &
0$
#4211000
b10011 #
b10011 '
b10011 (
b10010 &
0$
#4212000
b10100 #
b10100 '
b10100 (
b10011 &
0$
#4213000
b10101 #
b10101 '
b10101 (
b10100 &
0$
#4214000
b10110 #
b10110 '
b10110 (
b10101 &
0$
#4215000
b10111 #
b10111 '
b10111 (
b10110 &
0$
#4216000
b11000 #
b11000 '
b11000 (
b10111 &
0$
#4217000
b11001 #
b11001 '
b11001 (
b11000 &
0$
#4218000
b11010 #
b11010 '
b11010 (
b11001 &
0$
#4219000
b11011 #
b11011 '
b11011 (
b11010 &
0$
#4220000
b11100 #
b11100 '
b11100 (
b11011 &
0$
#4221000
b11101 #
b11101 '
b11101 (
b11100 &
0$
#4222000
b11110 #
b11110 '
b11110 (
b11101 &
0$
#4223000
b11111 #
b11111 '
b11111 (
b11110 &
0$
#4224000
b0 #
b0 '
b0 (
b11111 &
0$
#4225000
b1 #
b1 '
b1 (
b0 &
0$
#4226000
b10 #
b10 '
b10 (
b1 &
0$
#4227000
b11 #
b11 '
b11 (
b10 &
0$
#4228000
b100 #
b100 '
b100 (
b11 &
0$
#4229000
b101 #
b101 '
b101 (
b100 &
0$
#4230000
b110 #
b110 '
b110 (
b101 &
0$
#4231000
b111 #
b111 '
b111 (
b110 &
0$
#4232000
b1000 #
b1000 '
b1000 (
b111 &
0$
#4233000
b1001 #
b1001 '
b1001 (
b1000 &
0$
#4234000
b1010 #
b1010 '
b1010 (
b1001 &
0$
#4235000
b1011 #
b1011 '
b1011 (
b1010 &
0$
#4236000
b1100 #
b1100 '
b1100 (
b1011 &
0$
#4237000
b1101 #
b1101 '
b1101 (
b1100 &
0$
#4238000
b1110 #
b1110 '
b1110 (
b1101 &
0$
#4239000
b1111 #
b1111 '
b1111 (
b1110 &
0$
#4240000
b10000 #
b10000 '
b10000 (
b1111 &
0$
#4241000
b10001 #
b10001 '
b10001 (
b10000 &
0$
#4242000
b10010 #
b10010 '
b10010 (
b10001 &
0$
#4243000
b10011 #
b10011 '
b10011 (
b10010 &
0$
#4244000
b10100 #
b10100 '
b10100 (
b10011 &
0$
#4245000
b10101 #
b10101 '
b10101 (
b10100 &
0$
#4246000
b10110 #
b10110 '
b10110 (
b10101 &
0$
#4247000
b10111 #
b10111 '
b10111 (
b10110 &
0$
#4248000
b11000 #
b11000 '
b11000 (
b10111 &
0$
#4249000
b11001 #
b11001 '
b11001 (
b11000 &
0$
#4250000
b11010 #
b11010 '
b11010 (
b11001 &
0$
#4251000
b11011 #
b11011 '
b11011 (
b11010 &
0$
#4252000
b11100 #
b11100 '
b11100 (
b11011 &
0$
#4253000
b11101 #
b11101 '
b11101 (
b11100 &
0$
#4254000
b11110 #
b11110 '
b11110 (
b11101 &
0$
#4255000
b11111 #
b11111 '
b11111 (
b11110 &
0$
#4256000
b0 #
b0 '
b0 (
b11111 &
0$
#4257000
b1 #
b1 '
b1 (
b0 &
0$
#4258000
b10 #
b10 '
b10 (
b1 &
0$
#4259000
b11 #
b11 '
b11 (
b10 &
0$
#4260000
b100 #
b100 '
b100 (
b11 &
0$
#4261000
b101 #
b101 '
b101 (
b100 &
0$
#4262000
b110 #
b110 '
b110 (
b101 &
0$
#4263000
b111 #
b111 '
b111 (
b110 &
0$
#4264000
b1000 #
b1000 '
b1000 (
b111 &
0$
#4265000
b1001 #
b1001 '
b1001 (
b1000 &
0$
#4266000
b1010 #
b1010 '
b1010 (
b1001 &
0$
#4267000
b1011 #
b1011 '
b1011 (
b1010 &
0$
#4268000
b1100 #
b1100 '
b1100 (
b1011 &
0$
#4269000
b1101 #
b1101 '
b1101 (
b1100 &
0$
#4270000
b1110 #
b1110 '
b1110 (
b1101 &
0$
#4271000
b1111 #
b1111 '
b1111 (
b1110 &
0$
#4272000
b10000 #
b10000 '
b10000 (
b1111 &
0$
#4273000
b10001 #
b10001 '
b10001 (
b10000 &
0$
#4274000
b10010 #
b10010 '
b10010 (
b10001 &
0$
#4275000
b10011 #
b10011 '
b10011 (
b10010 &
0$
#4276000
b10100 #
b10100 '
b10100 (
b10011 &
0$
#4277000
b10101 #
b10101 '
b10101 (
b10100 &
0$
#4278000
b10110 #
b10110 '
b10110 (
b10101 &
0$
#4279000
b10111 #
b10111 '
b10111 (
b10110 &
0$
#4280000
b11000 #
b11000 '
b11000 (
b10111 &
0$
#4281000
b11001 #
b11001 '
b11001 (
b11000 &
0$
#4282000
b11010 #
b11010 '
b11010 (
b11001 &
0$
#4283000
b11011 #
b11011 '
b11011 (
b11010 &
0$
#4284000
b11100 #
b11100 '
b11100 (
b11011 &
0$
#4285000
b11101 #
b11101 '
b11101 (
b11100 &
0$
#4286000
b11110 #
b11110 '
b11110 (
b11101 &
0$
#4287000
b11111 #
b11111 '
b11111 (
b11110 &
0$
#4288000
b0 #
b0 '
b0 (
b11111 &
0$
#4289000
b1 #
b1 '
b1 (
b0 &
0$
#4290000
b10 #
b10 '
b10 (
b1 &
0$
#4291000
b11 #
b11 '
b11 (
b10 &
0$
#4292000
b100 #
b100 '
b100 (
b11 &
0$
#4293000
b101 #
b101 '
b101 (
b100 &
0$
#4294000
b110 #
b110 '
b110 (
b101 &
0$
#4295000
b111 #
b111 '
b111 (
b110 &
0$
#4296000
b1000 #
b1000 '
b1000 (
b111 &
0$
#4297000
b1001 #
b1001 '
b1001 (
b1000 &
0$
#4298000
b1010 #
b1010 '
b1010 (
b1001 &
0$
#4299000
b1011 #
b1011 '
b1011 (
b1010 &
0$
#4300000
b1100 #
b1100 '
b1100 (
b1011 &
0$
#4301000
b1101 #
b1101 '
b1101 (
b1100 &
0$
#4302000
b1110 #
b1110 '
b1110 (
b1101 &
0$
#4303000
b1111 #
b1111 '
b1111 (
b1110 &
0$
#4304000
b10000 #
b10000 '
b10000 (
b1111 &
0$
#4305000
b10001 #
b10001 '
b10001 (
b10000 &
0$
#4306000
b10010 #
b10010 '
b10010 (
b10001 &
0$
#4307000
b10011 #
b10011 '
b10011 (
b10010 &
0$
#4308000
b10100 #
b10100 '
b10100 (
b10011 &
0$
#4309000
b10101 #
b10101 '
b10101 (
b10100 &
0$
#4310000
b10110 #
b10110 '
b10110 (
b10101 &
0$
#4311000
b10111 #
b10111 '
b10111 (
b10110 &
0$
#4312000
b11000 #
b11000 '
b11000 (
b10111 &
0$
#4313000
b11001 #
b11001 '
b11001 (
b11000 &
0$
#4314000
b11010 #
b11010 '
b11010 (
b11001 &
0$
#4315000
b11011 #
b11011 '
b11011 (
b11010 &
0$
#4316000
b11100 #
b11100 '
b11100 (
b11011 &
0$
#4317000
b11101 #
b11101 '
b11101 (
b11100 &
0$
#4318000
b11110 #
b11110 '
b11110 (
b11101 &
0$
#4319000
b11111 #
b11111 '
b11111 (
b11110 &
0$
#4320000
b0 #
b0 '
b0 (
b11111 &
0$
#4321000
b1 #
b1 '
b1 (
b0 &
0$
#4322000
b10 #
b10 '
b10 (
b1 &
0$
#4323000
b11 #
b11 '
b11 (
b10 &
0$
#4324000
b100 #
b100 '
b100 (
b11 &
0$
#4325000
b101 #
b101 '
b101 (
b100 &
0$
#4326000
b110 #
b110 '
b110 (
b101 &
0$
#4327000
b111 #
b111 '
b111 (
b110 &
0$
#4328000
b1000 #
b1000 '
b1000 (
b111 &
0$
#4329000
b1001 #
b1001 '
b1001 (
b1000 &
0$
#4330000
b1010 #
b1010 '
b1010 (
b1001 &
0$
#4331000
b1011 #
b1011 '
b1011 (
b1010 &
0$
#4332000
b1100 #
b1100 '
b1100 (
b1011 &
0$
#4333000
b1101 #
b1101 '
b1101 (
b1100 &
0$
#4334000
b1110 #
b1110 '
b1110 (
b1101 &
0$
#4335000
b1111 #
b1111 '
b1111 (
b1110 &
0$
#4336000
b10000 #
b10000 '
b10000 (
b1111 &
0$
#4337000
b10001 #
b10001 '
b10001 (
b10000 &
0$
#4338000
b10010 #
b10010 '
b10010 (
b10001 &
0$
#4339000
b10011 #
b10011 '
b10011 (
b10010 &
0$
#4340000
b10100 #
b10100 '
b10100 (
b10011 &
0$
#4341000
b10101 #
b10101 '
b10101 (
b10100 &
0$
#4342000
b10110 #
b10110 '
b10110 (
b10101 &
0$
#4343000
b10111 #
b10111 '
b10111 (
b10110 &
0$
#4344000
b11000 #
b11000 '
b11000 (
b10111 &
0$
#4345000
b11001 #
b11001 '
b11001 (
b11000 &
0$
#4346000
b11010 #
b11010 '
b11010 (
b11001 &
0$
#4347000
b11011 #
b11011 '
b11011 (
b11010 &
0$
#4348000
b11100 #
b11100 '
b11100 (
b11011 &
0$
#4349000
b11101 #
b11101 '
b11101 (
b11100 &
0$
#4350000
b11110 #
b11110 '
b11110 (
b11101 &
0$
#4351000
b11111 #
b11111 '
b11111 (
b11110 &
0$
#4352000
b0 #
b0 '
b0 (
b11111 &
0$
#4353000
b1 #
b1 '
b1 (
b0 &
0$
#4354000
b10 #
b10 '
b10 (
b1 &
0$
#4355000
b11 #
b11 '
b11 (
b10 &
0$
#4356000
b100 #
b100 '
b100 (
b11 &
0$
#4357000
b101 #
b101 '
b101 (
b100 &
0$
#4358000
b110 #
b110 '
b110 (
b101 &
0$
#4359000
b111 #
b111 '
b111 (
b110 &
0$
#4360000
b1000 #
b1000 '
b1000 (
b111 &
0$
#4361000
b1001 #
b1001 '
b1001 (
b1000 &
0$
#4362000
b1010 #
b1010 '
b1010 (
b1001 &
0$
#4363000
b1011 #
b1011 '
b1011 (
b1010 &
0$
#4364000
b1100 #
b1100 '
b1100 (
b1011 &
0$
#4365000
b1101 #
b1101 '
b1101 (
b1100 &
0$
#4366000
b1110 #
b1110 '
b1110 (
b1101 &
0$
#4367000
b1111 #
b1111 '
b1111 (
b1110 &
0$
#4368000
b10000 #
b10000 '
b10000 (
b1111 &
0$
#4369000
b10001 #
b10001 '
b10001 (
b10000 &
0$
#4370000
b10010 #
b10010 '
b10010 (
b10001 &
0$
#4371000
b10011 #
b10011 '
b10011 (
b10010 &
0$
#4372000
b10100 #
b10100 '
b10100 (
b10011 &
0$
#4373000
b10101 #
b10101 '
b10101 (
b10100 &
0$
#4374000
b10110 #
b10110 '
b10110 (
b10101 &
0$
#4375000
b10111 #
b10111 '
b10111 (
b10110 &
0$
#4376000
b11000 #
b11000 '
b11000 (
b10111 &
0$
#4377000
b11001 #
b11001 '
b11001 (
b11000 &
0$
#4378000
b11010 #
b11010 '
b11010 (
b11001 &
0$
#4379000
b11011 #
b11011 '
b11011 (
b11010 &
0$
#4380000
b11100 #
b11100 '
b11100 (
b11011 &
0$
#4381000
b11101 #
b11101 '
b11101 (
b11100 &
0$
#4382000
b11110 #
b11110 '
b11110 (
b11101 &
0$
#4383000
b11111 #
b11111 '
b11111 (
b11110 &
0$
#4384000
b0 #
b0 '
b0 (
b11111 &
0$
#4385000
b1 #
b1 '
b1 (
b0 &
0$
#4386000
b10 #
b10 '
b10 (
b1 &
0$
#4387000
b11 #
b11 '
b11 (
b10 &
0$
#4388000
b100 #
b100 '
b100 (
b11 &
0$
#4389000
b101 #
b101 '
b101 (
b100 &
0$
#4390000
b110 #
b110 '
b110 (
b101 &
0$
#4391000
b111 #
b111 '
b111 (
b110 &
0$
#4392000
b1000 #
b1000 '
b1000 (
b111 &
0$
#4393000
b1001 #
b1001 '
b1001 (
b1000 &
0$
#4394000
b1010 #
b1010 '
b1010 (
b1001 &
0$
#4395000
b1011 #
b1011 '
b1011 (
b1010 &
0$
#4396000
b1100 #
b1100 '
b1100 (
b1011 &
0$
#4397000
b1101 #
b1101 '
b1101 (
b1100 &
0$
#4398000
b1110 #
b1110 '
b1110 (
b1101 &
0$
#4399000
b1111 #
b1111 '
b1111 (
b1110 &
0$
#4400000
b10000 #
b10000 '
b10000 (
b1111 &
0$
#4401000
b10001 #
b10001 '
b10001 (
b10000 &
0$
#4402000
b10010 #
b10010 '
b10010 (
b10001 &
0$
#4403000
b10011 #
b10011 '
b10011 (
b10010 &
0$
#4404000
b10100 #
b10100 '
b10100 (
b10011 &
0$
#4405000
b10101 #
b10101 '
b10101 (
b10100 &
0$
#4406000
b10110 #
b10110 '
b10110 (
b10101 &
0$
#4407000
b10111 #
b10111 '
b10111 (
b10110 &
0$
#4408000
b11000 #
b11000 '
b11000 (
b10111 &
0$
#4409000
b11001 #
b11001 '
b11001 (
b11000 &
0$
#4410000
b11010 #
b11010 '
b11010 (
b11001 &
0$
#4411000
b11011 #
b11011 '
b11011 (
b11010 &
0$
#4412000
b11100 #
b11100 '
b11100 (
b11011 &
0$
#4413000
b11101 #
b11101 '
b11101 (
b11100 &
0$
#4414000
b11110 #
b11110 '
b11110 (
b11101 &
0$
#4415000
b11111 #
b11111 '
b11111 (
b11110 &
0$
#4416000
b0 #
b0 '
b0 (
b11111 &
0$
#4417000
b1 #
b1 '
b1 (
b0 &
0$
#4418000
b10 #
b10 '
b10 (
b1 &
0$
#4419000
b11 #
b11 '
b11 (
b10 &
0$
#4420000
b100 #
b100 '
b100 (
b11 &
0$
#4421000
b101 #
b101 '
b101 (
b100 &
0$
#4422000
b110 #
b110 '
b110 (
b101 &
0$
#4423000
b111 #
b111 '
b111 (
b110 &
0$
#4424000
b1000 #
b1000 '
b1000 (
b111 &
0$
#4425000
b1001 #
b1001 '
b1001 (
b1000 &
0$
#4426000
b1010 #
b1010 '
b1010 (
b1001 &
0$
#4427000
b1011 #
b1011 '
b1011 (
b1010 &
0$
#4428000
b1100 #
b1100 '
b1100 (
b1011 &
0$
#4429000
b1101 #
b1101 '
b1101 (
b1100 &
0$
#4430000
b1110 #
b1110 '
b1110 (
b1101 &
0$
#4431000
b1111 #
b1111 '
b1111 (
b1110 &
0$
#4432000
b10000 #
b10000 '
b10000 (
b1111 &
0$
#4433000
b10001 #
b10001 '
b10001 (
b10000 &
0$
#4434000
b10010 #
b10010 '
b10010 (
b10001 &
0$
#4435000
b10011 #
b10011 '
b10011 (
b10010 &
0$
#4436000
b10100 #
b10100 '
b10100 (
b10011 &
0$
#4437000
b10101 #
b10101 '
b10101 (
b10100 &
0$
#4438000
b10110 #
b10110 '
b10110 (
b10101 &
0$
#4439000
b10111 #
b10111 '
b10111 (
b10110 &
0$
#4440000
b11000 #
b11000 '
b11000 (
b10111 &
0$
#4441000
b11001 #
b11001 '
b11001 (
b11000 &
0$
#4442000
b11010 #
b11010 '
b11010 (
b11001 &
0$
#4443000
b11011 #
b11011 '
b11011 (
b11010 &
0$
#4444000
b11100 #
b11100 '
b11100 (
b11011 &
0$
#4445000
b11101 #
b11101 '
b11101 (
b11100 &
0$
#4446000
b11110 #
b11110 '
b11110 (
b11101 &
0$
#4447000
b11111 #
b11111 '
b11111 (
b11110 &
0$
#4448000
b0 #
b0 '
b0 (
b11111 &
0$
#4449000
b1 #
b1 '
b1 (
b0 &
0$
#4450000
b10 #
b10 '
b10 (
b1 &
0$
#4451000
b11 #
b11 '
b11 (
b10 &
0$
#4452000
b100 #
b100 '
b100 (
b11 &
0$
#4453000
b101 #
b101 '
b101 (
b100 &
0$
#4454000
b110 #
b110 '
b110 (
b101 &
0$
#4455000
b111 #
b111 '
b111 (
b110 &
0$
#4456000
b1000 #
b1000 '
b1000 (
b111 &
0$
#4457000
b1001 #
b1001 '
b1001 (
b1000 &
0$
#4458000
b1010 #
b1010 '
b1010 (
b1001 &
0$
#4459000
b1011 #
b1011 '
b1011 (
b1010 &
0$
#4460000
b1100 #
b1100 '
b1100 (
b1011 &
0$
#4461000
b1101 #
b1101 '
b1101 (
b1100 &
0$
#4462000
b1110 #
b1110 '
b1110 (
b1101 &
0$
#4463000
b1111 #
b1111 '
b1111 (
b1110 &
0$
#4464000
b10000 #
b10000 '
b10000 (
b1111 &
0$
#4465000
b10001 #
b10001 '
b10001 (
b10000 &
0$
#4466000
b10010 #
b10010 '
b10010 (
b10001 &
0$
#4467000
b10011 #
b10011 '
b10011 (
b10010 &
0$
#4468000
b10100 #
b10100 '
b10100 (
b10011 &
0$
#4469000
b10101 #
b10101 '
b10101 (
b10100 &
0$
#4470000
b10110 #
b10110 '
b10110 (
b10101 &
0$
#4471000
b10111 #
b10111 '
b10111 (
b10110 &
0$
#4472000
b11000 #
b11000 '
b11000 (
b10111 &
0$
#4473000
b11001 #
b11001 '
b11001 (
b11000 &
0$
#4474000
b11010 #
b11010 '
b11010 (
b11001 &
0$
#4475000
b11011 #
b11011 '
b11011 (
b11010 &
0$
#4476000
b11100 #
b11100 '
b11100 (
b11011 &
0$
#4477000
b11101 #
b11101 '
b11101 (
b11100 &
0$
#4478000
b11110 #
b11110 '
b11110 (
b11101 &
0$
#4479000
b11111 #
b11111 '
b11111 (
b11110 &
0$
#4480000
b0 #
b0 '
b0 (
b11111 &
0$
#4481000
b1 #
b1 '
b1 (
b0 &
0$
#4482000
b10 #
b10 '
b10 (
b1 &
0$
#4483000
b11 #
b11 '
b11 (
b10 &
0$
#4484000
b100 #
b100 '
b100 (
b11 &
0$
#4485000
b101 #
b101 '
b101 (
b100 &
0$
#4486000
b110 #
b110 '
b110 (
b101 &
0$
#4487000
b111 #
b111 '
b111 (
b110 &
0$
#4488000
b1000 #
b1000 '
b1000 (
b111 &
0$
#4489000
b1001 #
b1001 '
b1001 (
b1000 &
0$
#4490000
b1010 #
b1010 '
b1010 (
b1001 &
0$
#4491000
b1011 #
b1011 '
b1011 (
b1010 &
0$
#4492000
b1100 #
b1100 '
b1100 (
b1011 &
0$
#4493000
b1101 #
b1101 '
b1101 (
b1100 &
0$
#4494000
b1110 #
b1110 '
b1110 (
b1101 &
0$
#4495000
b1111 #
b1111 '
b1111 (
b1110 &
0$
#4496000
b10000 #
b10000 '
b10000 (
b1111 &
0$
#4497000
b10001 #
b10001 '
b10001 (
b10000 &
0$
#4498000
b10010 #
b10010 '
b10010 (
b10001 &
0$
#4499000
b10011 #
b10011 '
b10011 (
b10010 &
0$
#4500000
b10100 #
b10100 '
b10100 (
b10011 &
0$
#4501000
b10101 #
b10101 '
b10101 (
b10100 &
0$
#4502000
b10110 #
b10110 '
b10110 (
b10101 &
0$
#4503000
b10111 #
b10111 '
b10111 (
b10110 &
0$
#4504000
b11000 #
b11000 '
b11000 (
b10111 &
0$
#4505000
b11001 #
b11001 '
b11001 (
b11000 &
0$
#4506000
b11010 #
b11010 '
b11010 (
b11001 &
0$
#4507000
b11011 #
b11011 '
b11011 (
b11010 &
0$
#4508000
b11100 #
b11100 '
b11100 (
b11011 &
0$
#4509000
b11101 #
b11101 '
b11101 (
b11100 &
0$
#4510000
b11110 #
b11110 '
b11110 (
b11101 &
0$
#4511000
b11111 #
b11111 '
b11111 (
b11110 &
0$
#4512000
b0 #
b0 '
b0 (
b11111 &
0$
#4513000
b1 #
b1 '
b1 (
b0 &
0$
#4514000
b10 #
b10 '
b10 (
b1 &
0$
#4515000
b11 #
b11 '
b11 (
b10 &
0$
#4516000
b100 #
b100 '
b100 (
b11 &
0$
#4517000
b101 #
b101 '
b101 (
b100 &
0$
#4518000
b110 #
b110 '
b110 (
b101 &
0$
#4519000
b111 #
b111 '
b111 (
b110 &
0$
#4520000
b1000 #
b1000 '
b1000 (
b111 &
0$
#4521000
b1001 #
b1001 '
b1001 (
b1000 &
0$
#4522000
b1010 #
b1010 '
b1010 (
b1001 &
0$
#4523000
b1011 #
b1011 '
b1011 (
b1010 &
0$
#4524000
b1100 #
b1100 '
b1100 (
b1011 &
0$
#4525000
b1101 #
b1101 '
b1101 (
b1100 &
0$
#4526000
b1110 #
b1110 '
b1110 (
b1101 &
0$
#4527000
b1111 #
b1111 '
b1111 (
b1110 &
0$
#4528000
b10000 #
b10000 '
b10000 (
b1111 &
0$
#4529000
b10001 #
b10001 '
b10001 (
b10000 &
0$
#4530000
b10010 #
b10010 '
b10010 (
b10001 &
0$
#4531000
b10011 #
b10011 '
b10011 (
b10010 &
0$
#4532000
b10100 #
b10100 '
b10100 (
b10011 &
0$
#4533000
b10101 #
b10101 '
b10101 (
b10100 &
0$
#4534000
b10110 #
b10110 '
b10110 (
b10101 &
0$
#4535000
b10111 #
b10111 '
b10111 (
b10110 &
0$
#4536000
b11000 #
b11000 '
b11000 (
b10111 &
0$
#4537000
b11001 #
b11001 '
b11001 (
b11000 &
0$
#4538000
b11010 #
b11010 '
b11010 (
b11001 &
0$
#4539000
b11011 #
b11011 '
b11011 (
b11010 &
0$
#4540000
b11100 #
b11100 '
b11100 (
b11011 &
0$
#4541000
b11101 #
b11101 '
b11101 (
b11100 &
0$
#4542000
b11110 #
b11110 '
b11110 (
b11101 &
0$
#4543000
b11111 #
b11111 '
b11111 (
b11110 &
0$
#4544000
b0 #
b0 '
b0 (
b11111 &
0$
#4545000
b1 #
b1 '
b1 (
b0 &
0$
#4546000
b10 #
b10 '
b10 (
b1 &
0$
#4547000
b11 #
b11 '
b11 (
b10 &
0$
#4548000
b100 #
b100 '
b100 (
b11 &
0$
#4549000
b101 #
b101 '
b101 (
b100 &
0$
#4550000
b110 #
b110 '
b110 (
b101 &
0$
#4551000
b111 #
b111 '
b111 (
b110 &
0$
#4552000
b1000 #
b1000 '
b1000 (
b111 &
0$
#4553000
b1001 #
b1001 '
b1001 (
b1000 &
0$
#4554000
b1010 #
b1010 '
b1010 (
b1001 &
0$
#4555000
b1011 #
b1011 '
b1011 (
b1010 &
0$
#4556000
b1100 #
b1100 '
b1100 (
b1011 &
0$
#4557000
b1101 #
b1101 '
b1101 (
b1100 &
0$
#4558000
b1110 #
b1110 '
b1110 (
b1101 &
0$
#4559000
b1111 #
b1111 '
b1111 (
b1110 &
0$
#4560000
b10000 #
b10000 '
b10000 (
b1111 &
0$
#4561000
b10001 #
b10001 '
b10001 (
b10000 &
0$
#4562000
b10010 #
b10010 '
b10010 (
b10001 &
0$
#4563000
b10011 #
b10011 '
b10011 (
b10010 &
0$
#4564000
b10100 #
b10100 '
b10100 (
b10011 &
0$
#4565000
b10101 #
b10101 '
b10101 (
b10100 &
0$
#4566000
b10110 #
b10110 '
b10110 (
b10101 &
0$
#4567000
b10111 #
b10111 '
b10111 (
b10110 &
0$
#4568000
b11000 #
b11000 '
b11000 (
b10111 &
0$
#4569000
b11001 #
b11001 '
b11001 (
b11000 &
0$
#4570000
b11010 #
b11010 '
b11010 (
b11001 &
0$
#4571000
b11011 #
b11011 '
b11011 (
b11010 &
0$
#4572000
b11100 #
b11100 '
b11100 (
b11011 &
0$
#4573000
b11101 #
b11101 '
b11101 (
b11100 &
0$
#4574000
b11110 #
b11110 '
b11110 (
b11101 &
0$
#4575000
b11111 #
b11111 '
b11111 (
b11110 &
0$
#4576000
b0 #
b0 '
b0 (
b11111 &
0$
#4577000
b1 #
b1 '
b1 (
b0 &
0$
#4578000
b10 #
b10 '
b10 (
b1 &
0$
#4579000
b11 #
b11 '
b11 (
b10 &
0$
#4580000
b100 #
b100 '
b100 (
b11 &
0$
#4581000
b101 #
b101 '
b101 (
b100 &
0$
#4582000
b110 #
b110 '
b110 (
b101 &
0$
#4583000
b111 #
b111 '
b111 (
b110 &
0$
#4584000
b1000 #
b1000 '
b1000 (
b111 &
0$
#4585000
b1001 #
b1001 '
b1001 (
b1000 &
0$
#4586000
b1010 #
b1010 '
b1010 (
b1001 &
0$
#4587000
b1011 #
b1011 '
b1011 (
b1010 &
0$
#4588000
b1100 #
b1100 '
b1100 (
b1011 &
0$
#4589000
b1101 #
b1101 '
b1101 (
b1100 &
0$
#4590000
b1110 #
b1110 '
b1110 (
b1101 &
0$
#4591000
b1111 #
b1111 '
b1111 (
b1110 &
0$
#4592000
b10000 #
b10000 '
b10000 (
b1111 &
0$
#4593000
b10001 #
b10001 '
b10001 (
b10000 &
0$
#4594000
b10010 #
b10010 '
b10010 (
b10001 &
0$
#4595000
b10011 #
b10011 '
b10011 (
b10010 &
0$
#4596000
b10100 #
b10100 '
b10100 (
b10011 &
0$
#4597000
b10101 #
b10101 '
b10101 (
b10100 &
0$
#4598000
b10110 #
b10110 '
b10110 (
b10101 &
0$
#4599000
b10111 #
b10111 '
b10111 (
b10110 &
0$
#4600000
b11000 #
b11000 '
b11000 (
b10111 &
0$
#4601000
b11001 #
b11001 '
b11001 (
b11000 &
0$
#4602000
b11010 #
b11010 '
b11010 (
b11001 &
0$
#4603000
b11011 #
b11011 '
b11011 (
b11010 &
0$
#4604000
b11100 #
b11100 '
b11100 (
b11011 &
0$
#4605000
b11101 #
b11101 '
b11101 (
b11100 &
0$
#4606000
b11110 #
b11110 '
b11110 (
b11101 &
0$
#4607000
b11111 #
b11111 '
b11111 (
b11110 &
0$
#4608000
b0 #
b0 '
b0 (
b11111 &
0$
#4609000
b1 #
b1 '
b1 (
b0 &
0$
#4610000
b10 #
b10 '
b10 (
b1 &
0$
#4611000
b11 #
b11 '
b11 (
b10 &
0$
#4612000
b100 #
b100 '
b100 (
b11 &
0$
#4613000
b101 #
b101 '
b101 (
b100 &
0$
#4614000
b110 #
b110 '
b110 (
b101 &
0$
#4615000
b111 #
b111 '
b111 (
b110 &
0$
#4616000
b1000 #
b1000 '
b1000 (
b111 &
0$
#4617000
b1001 #
b1001 '
b1001 (
b1000 &
0$
#4618000
b1010 #
b1010 '
b1010 (
b1001 &
0$
#4619000
b1011 #
b1011 '
b1011 (
b1010 &
0$
#4620000
b1100 #
b1100 '
b1100 (
b1011 &
0$
#4621000
b1101 #
b1101 '
b1101 (
b1100 &
0$
#4622000
b1110 #
b1110 '
b1110 (
b1101 &
0$
#4623000
b1111 #
b1111 '
b1111 (
b1110 &
0$
#4624000
b10000 #
b10000 '
b10000 (
b1111 &
0$
#4625000
b10001 #
b10001 '
b10001 (
b10000 &
0$
#4626000
b10010 #
b10010 '
b10010 (
b10001 &
0$
#4627000
b10011 #
b10011 '
b10011 (
b10010 &
0$
#4628000
b10100 #
b10100 '
b10100 (
b10011 &
0$
#4629000
b10101 #
b10101 '
b10101 (
b10100 &
0$
#4630000
b10110 #
b10110 '
b10110 (
b10101 &
0$
#4631000
b10111 #
b10111 '
b10111 (
b10110 &
0$
#4632000
b11000 #
b11000 '
b11000 (
b10111 &
0$
#4633000
b11001 #
b11001 '
b11001 (
b11000 &
0$
#4634000
b11010 #
b11010 '
b11010 (
b11001 &
0$
#4635000
b11011 #
b11011 '
b11011 (
b11010 &
0$
#4636000
b11100 #
b11100 '
b11100 (
b11011 &
0$
#4637000
b11101 #
b11101 '
b11101 (
b11100 &
0$
#4638000
b11110 #
b11110 '
b11110 (
b11101 &
0$
#4639000
b11111 #
b11111 '
b11111 (
b11110 &
0$
#4640000
b0 #
b0 '
b0 (
b11111 &
0$
#4641000
b1 #
b1 '
b1 (
b0 &
0$
#4642000
b10 #
b10 '
b10 (
b1 &
0$
#4643000
b11 #
b11 '
b11 (
b10 &
0$
#4644000
b100 #
b100 '
b100 (
b11 &
0$
#4645000
b101 #
b101 '
b101 (
b100 &
0$
#4646000
b110 #
b110 '
b110 (
b101 &
0$
#4647000
b111 #
b111 '
b111 (
b110 &
0$
#4648000
b1000 #
b1000 '
b1000 (
b111 &
0$
#4649000
b1001 #
b1001 '
b1001 (
b1000 &
0$
#4650000
b1010 #
b1010 '
b1010 (
b1001 &
0$
#4651000
b1011 #
b1011 '
b1011 (
b1010 &
0$
#4652000
b1100 #
b1100 '
b1100 (
b1011 &
0$
#4653000
b1101 #
b1101 '
b1101 (
b1100 &
0$
#4654000
b1110 #
b1110 '
b1110 (
b1101 &
0$
#4655000
b1111 #
b1111 '
b1111 (
b1110 &
0$
#4656000
b10000 #
b10000 '
b10000 (
b1111 &
0$
#4657000
b10001 #
b10001 '
b10001 (
b10000 &
0$
#4658000
b10010 #
b10010 '
b10010 (
b10001 &
0$
#4659000
b10011 #
b10011 '
b10011 (
b10010 &
0$
#4660000
b10100 #
b10100 '
b10100 (
b10011 &
0$
#4661000
b10101 #
b10101 '
b10101 (
b10100 &
0$
#4662000
b10110 #
b10110 '
b10110 (
b10101 &
0$
#4663000
b10111 #
b10111 '
b10111 (
b10110 &
0$
#4664000
b11000 #
b11000 '
b11000 (
b10111 &
0$
#4665000
b11001 #
b11001 '
b11001 (
b11000 &
0$
#4666000
b11010 #
b11010 '
b11010 (
b11001 &
0$
#4667000
b11011 #
b11011 '
b11011 (
b11010 &
0$
#4668000
b11100 #
b11100 '
b11100 (
b11011 &
0$
#4669000
b11101 #
b11101 '
b11101 (
b11100 &
0$
#4670000
b11110 #
b11110 '
b11110 (
b11101 &
0$
#4671000
b11111 #
b11111 '
b11111 (
b11110 &
0$
#4672000
b0 #
b0 '
b0 (
b11111 &
0$
#4673000
b1 #
b1 '
b1 (
b0 &
0$
#4674000
b10 #
b10 '
b10 (
b1 &
0$
#4675000
b11 #
b11 '
b11 (
b10 &
0$
#4676000
b100 #
b100 '
b100 (
b11 &
0$
#4677000
b101 #
b101 '
b101 (
b100 &
0$
#4678000
b110 #
b110 '
b110 (
b101 &
0$
#4679000
b111 #
b111 '
b111 (
b110 &
0$
#4680000
b1000 #
b1000 '
b1000 (
b111 &
0$
#4681000
b1001 #
b1001 '
b1001 (
b1000 &
0$
#4682000
b1010 #
b1010 '
b1010 (
b1001 &
0$
#4683000
b1011 #
b1011 '
b1011 (
b1010 &
0$
#4684000
b1100 #
b1100 '
b1100 (
b1011 &
0$
#4685000
b1101 #
b1101 '
b1101 (
b1100 &
0$
#4686000
b1110 #
b1110 '
b1110 (
b1101 &
0$
#4687000
b1111 #
b1111 '
b1111 (
b1110 &
0$
#4688000
b10000 #
b10000 '
b10000 (
b1111 &
0$
#4689000
b10001 #
b10001 '
b10001 (
b10000 &
0$
#4690000
b10010 #
b10010 '
b10010 (
b10001 &
0$
#4691000
b10011 #
b10011 '
b10011 (
b10010 &
0$
#4692000
b10100 #
b10100 '
b10100 (
b10011 &
0$
#4693000
b10101 #
b10101 '
b10101 (
b10100 &
0$
#4694000
b10110 #
b10110 '
b10110 (
b10101 &
0$
#4695000
b10111 #
b10111 '
b10111 (
b10110 &
0$
#4696000
b11000 #
b11000 '
b11000 (
b10111 &
0$
#4697000
b11001 #
b11001 '
b11001 (
b11000 &
0$
#4698000
b11010 #
b11010 '
b11010 (
b11001 &
0$
#4699000
b11011 #
b11011 '
b11011 (
b11010 &
0$
#4700000
b11100 #
b11100 '
b11100 (
b11011 &
0$
#4701000
b11101 #
b11101 '
b11101 (
b11100 &
0$
#4702000
b11110 #
b11110 '
b11110 (
b11101 &
0$
#4703000
b11111 #
b11111 '
b11111 (
b11110 &
0$
#4704000
b0 #
b0 '
b0 (
b11111 &
0$
#4705000
b1 #
b1 '
b1 (
b0 &
0$
#4706000
b10 #
b10 '
b10 (
b1 &
0$
#4707000
b11 #
b11 '
b11 (
b10 &
0$
#4708000
b100 #
b100 '
b100 (
b11 &
0$
#4709000
b101 #
b101 '
b101 (
b100 &
0$
#4710000
b110 #
b110 '
b110 (
b101 &
0$
#4711000
b111 #
b111 '
b111 (
b110 &
0$
#4712000
b1000 #
b1000 '
b1000 (
b111 &
0$
#4713000
b1001 #
b1001 '
b1001 (
b1000 &
0$
#4714000
b1010 #
b1010 '
b1010 (
b1001 &
0$
#4715000
b1011 #
b1011 '
b1011 (
b1010 &
0$
#4716000
b1100 #
b1100 '
b1100 (
b1011 &
0$
#4717000
b1101 #
b1101 '
b1101 (
b1100 &
0$
#4718000
b1110 #
b1110 '
b1110 (
b1101 &
0$
#4719000
b1111 #
b1111 '
b1111 (
b1110 &
0$
#4720000
b10000 #
b10000 '
b10000 (
b1111 &
0$
#4721000
b10001 #
b10001 '
b10001 (
b10000 &
0$
#4722000
b10010 #
b10010 '
b10010 (
b10001 &
0$
#4723000
b10011 #
b10011 '
b10011 (
b10010 &
0$
#4724000
b10100 #
b10100 '
b10100 (
b10011 &
0$
#4725000
b10101 #
b10101 '
b10101 (
b10100 &
0$
#4726000
b10110 #
b10110 '
b10110 (
b10101 &
0$
#4727000
b10111 #
b10111 '
b10111 (
b10110 &
0$
#4728000
b11000 #
b11000 '
b11000 (
b10111 &
0$
#4729000
b11001 #
b11001 '
b11001 (
b11000 &
0$
#4730000
b11010 #
b11010 '
b11010 (
b11001 &
0$
#4731000
b11011 #
b11011 '
b11011 (
b11010 &
0$
#4732000
b11100 #
b11100 '
b11100 (
b11011 &
0$
#4733000
b11101 #
b11101 '
b11101 (
b11100 &
0$
#4734000
b11110 #
b11110 '
b11110 (
b11101 &
0$
#4735000
b11111 #
b11111 '
b11111 (
b11110 &
0$
#4736000
b0 #
b0 '
b0 (
b11111 &
0$
#4737000
b1 #
b1 '
b1 (
b0 &
0$
#4738000
b10 #
b10 '
b10 (
b1 &
0$
#4739000
b11 #
b11 '
b11 (
b10 &
0$
#4740000
b100 #
b100 '
b100 (
b11 &
0$
#4741000
b101 #
b101 '
b101 (
b100 &
0$
#4742000
b110 #
b110 '
b110 (
b101 &
0$
#4743000
b111 #
b111 '
b111 (
b110 &
0$
#4744000
b1000 #
b1000 '
b1000 (
b111 &
0$
#4745000
b1001 #
b1001 '
b1001 (
b1000 &
0$
#4746000
b1010 #
b1010 '
b1010 (
b1001 &
0$
#4747000
b1011 #
b1011 '
b1011 (
b1010 &
0$
#4748000
b1100 #
b1100 '
b1100 (
b1011 &
0$
#4749000
b1101 #
b1101 '
b1101 (
b1100 &
0$
#4750000
b1110 #
b1110 '
b1110 (
b1101 &
0$
#4751000
b1111 #
b1111 '
b1111 (
b1110 &
0$
#4752000
b10000 #
b10000 '
b10000 (
b1111 &
0$
#4753000
b10001 #
b10001 '
b10001 (
b10000 &
0$
#4754000
b10010 #
b10010 '
b10010 (
b10001 &
0$
#4755000
b10011 #
b10011 '
b10011 (
b10010 &
0$
#4756000
b10100 #
b10100 '
b10100 (
b10011 &
0$
#4757000
b10101 #
b10101 '
b10101 (
b10100 &
0$
#4758000
b10110 #
b10110 '
b10110 (
b10101 &
0$
#4759000
b10111 #
b10111 '
b10111 (
b10110 &
0$
#4760000
b11000 #
b11000 '
b11000 (
b10111 &
0$
#4761000
b11001 #
b11001 '
b11001 (
b11000 &
0$
#4762000
b11010 #
b11010 '
b11010 (
b11001 &
0$
#4763000
b11011 #
b11011 '
b11011 (
b11010 &
0$
#4764000
b11100 #
b11100 '
b11100 (
b11011 &
0$
#4765000
b11101 #
b11101 '
b11101 (
b11100 &
0$
#4766000
b11110 #
b11110 '
b11110 (
b11101 &
0$
#4767000
b11111 #
b11111 '
b11111 (
b11110 &
0$
#4768000
b0 #
b0 '
b0 (
b11111 &
0$
#4769000
b1 #
b1 '
b1 (
b0 &
0$
#4770000
b10 #
b10 '
b10 (
b1 &
0$
#4771000
b11 #
b11 '
b11 (
b10 &
0$
#4772000
b100 #
b100 '
b100 (
b11 &
0$
#4773000
b101 #
b101 '
b101 (
b100 &
0$
#4774000
b110 #
b110 '
b110 (
b101 &
0$
#4775000
b111 #
b111 '
b111 (
b110 &
0$
#4776000
b1000 #
b1000 '
b1000 (
b111 &
0$
#4777000
b1001 #
b1001 '
b1001 (
b1000 &
0$
#4778000
b1010 #
b1010 '
b1010 (
b1001 &
0$
#4779000
b1011 #
b1011 '
b1011 (
b1010 &
0$
#4780000
b1100 #
b1100 '
b1100 (
b1011 &
0$
#4781000
b1101 #
b1101 '
b1101 (
b1100 &
0$
#4782000
b1110 #
b1110 '
b1110 (
b1101 &
0$
#4783000
b1111 #
b1111 '
b1111 (
b1110 &
0$
#4784000
b10000 #
b10000 '
b10000 (
b1111 &
0$
#4785000
b10001 #
b10001 '
b10001 (
b10000 &
0$
#4786000
b10010 #
b10010 '
b10010 (
b10001 &
0$
#4787000
b10011 #
b10011 '
b10011 (
b10010 &
0$
#4788000
b10100 #
b10100 '
b10100 (
b10011 &
0$
#4789000
b10101 #
b10101 '
b10101 (
b10100 &
0$
#4790000
b10110 #
b10110 '
b10110 (
b10101 &
0$
#4791000
b10111 #
b10111 '
b10111 (
b10110 &
0$
#4792000
b11000 #
b11000 '
b11000 (
b10111 &
0$
#4793000
b11001 #
b11001 '
b11001 (
b11000 &
0$
#4794000
b11010 #
b11010 '
b11010 (
b11001 &
0$
#4795000
b11011 #
b11011 '
b11011 (
b11010 &
0$
#4796000
b11100 #
b11100 '
b11100 (
b11011 &
0$
#4797000
b11101 #
b11101 '
b11101 (
b11100 &
0$
#4798000
b11110 #
b11110 '
b11110 (
b11101 &
0$
#4799000
b11111 #
b11111 '
b11111 (
b11110 &
0$
#4800000
b0 #
b0 '
b0 (
b11111 &
0$
#4801000
b1 #
b1 '
b1 (
b0 &
0$
#4802000
b10 #
b10 '
b10 (
b1 &
0$
#4803000
b11 #
b11 '
b11 (
b10 &
0$
#4804000
b100 #
b100 '
b100 (
b11 &
0$
#4805000
b101 #
b101 '
b101 (
b100 &
0$
#4806000
b110 #
b110 '
b110 (
b101 &
0$
#4807000
b111 #
b111 '
b111 (
b110 &
0$
#4808000
b1000 #
b1000 '
b1000 (
b111 &
0$
#4809000
b1001 #
b1001 '
b1001 (
b1000 &
0$
#4810000
b1010 #
b1010 '
b1010 (
b1001 &
0$
#4811000
b1011 #
b1011 '
b1011 (
b1010 &
0$
#4812000
b1100 #
b1100 '
b1100 (
b1011 &
0$
#4813000
b1101 #
b1101 '
b1101 (
b1100 &
0$
#4814000
b1110 #
b1110 '
b1110 (
b1101 &
0$
#4815000
b1111 #
b1111 '
b1111 (
b1110 &
0$
#4816000
b10000 #
b10000 '
b10000 (
b1111 &
0$
#4817000
b10001 #
b10001 '
b10001 (
b10000 &
0$
#4818000
b10010 #
b10010 '
b10010 (
b10001 &
0$
#4819000
b10011 #
b10011 '
b10011 (
b10010 &
0$
#4820000
b10100 #
b10100 '
b10100 (
b10011 &
0$
#4821000
b10101 #
b10101 '
b10101 (
b10100 &
0$
#4822000
b10110 #
b10110 '
b10110 (
b10101 &
0$
#4823000
b10111 #
b10111 '
b10111 (
b10110 &
0$
#4824000
b11000 #
b11000 '
b11000 (
b10111 &
0$
#4825000
b11001 #
b11001 '
b11001 (
b11000 &
0$
#4826000
b11010 #
b11010 '
b11010 (
b11001 &
0$
#4827000
b11011 #
b11011 '
b11011 (
b11010 &
0$
#4828000
b11100 #
b11100 '
b11100 (
b11011 &
0$
#4829000
b11101 #
b11101 '
b11101 (
b11100 &
0$
#4830000
b11110 #
b11110 '
b11110 (
b11101 &
0$
#4831000
b11111 #
b11111 '
b11111 (
b11110 &
0$
#4832000
b0 #
b0 '
b0 (
b11111 &
0$
#4833000
b1 #
b1 '
b1 (
b0 &
0$
#4834000
b10 #
b10 '
b10 (
b1 &
0$
#4835000
b11 #
b11 '
b11 (
b10 &
0$
#4836000
b100 #
b100 '
b100 (
b11 &
0$
#4837000
b101 #
b101 '
b101 (
b100 &
0$
#4838000
b110 #
b110 '
b110 (
b101 &
0$
#4839000
b111 #
b111 '
b111 (
b110 &
0$
#4840000
b1000 #
b1000 '
b1000 (
b111 &
0$
#4841000
b1001 #
b1001 '
b1001 (
b1000 &
0$
#4842000
b1010 #
b1010 '
b1010 (
b1001 &
0$
#4843000
b1011 #
b1011 '
b1011 (
b1010 &
0$
#4844000
b1100 #
b1100 '
b1100 (
b1011 &
0$
#4845000
b1101 #
b1101 '
b1101 (
b1100 &
0$
#4846000
b1110 #
b1110 '
b1110 (
b1101 &
0$
#4847000
b1111 #
b1111 '
b1111 (
b1110 &
0$
#4848000
b10000 #
b10000 '
b10000 (
b1111 &
0$
#4849000
b10001 #
b10001 '
b10001 (
b10000 &
0$
#4850000
b10010 #
b10010 '
b10010 (
b10001 &
0$
#4851000
b10011 #
b10011 '
b10011 (
b10010 &
0$
#4852000
b10100 #
b10100 '
b10100 (
b10011 &
0$
#4853000
b10101 #
b10101 '
b10101 (
b10100 &
0$
#4854000
b10110 #
b10110 '
b10110 (
b10101 &
0$
#4855000
b10111 #
b10111 '
b10111 (
b10110 &
0$
#4856000
b11000 #
b11000 '
b11000 (
b10111 &
0$
#4857000
b11001 #
b11001 '
b11001 (
b11000 &
0$
#4858000
b11010 #
b11010 '
b11010 (
b11001 &
0$
#4859000
b11011 #
b11011 '
b11011 (
b11010 &
0$
#4860000
b11100 #
b11100 '
b11100 (
b11011 &
0$
#4861000
b11101 #
b11101 '
b11101 (
b11100 &
0$
#4862000
b11110 #
b11110 '
b11110 (
b11101 &
0$
#4863000
b11111 #
b11111 '
b11111 (
b11110 &
0$
#4864000
b0 #
b0 '
b0 (
b11111 &
0$
#4865000
b1 #
b1 '
b1 (
b0 &
0$
#4866000
b10 #
b10 '
b10 (
b1 &
0$
#4867000
b11 #
b11 '
b11 (
b10 &
0$
#4868000
b100 #
b100 '
b100 (
b11 &
0$
#4869000
b101 #
b101 '
b101 (
b100 &
0$
#4870000
b110 #
b110 '
b110 (
b101 &
0$
#4871000
b111 #
b111 '
b111 (
b110 &
0$
#4872000
b1000 #
b1000 '
b1000 (
b111 &
0$
#4873000
b1001 #
b1001 '
b1001 (
b1000 &
0$
#4874000
b1010 #
b1010 '
b1010 (
b1001 &
0$
#4875000
b1011 #
b1011 '
b1011 (
b1010 &
0$
#4876000
b1100 #
b1100 '
b1100 (
b1011 &
0$
#4877000
b1101 #
b1101 '
b1101 (
b1100 &
0$
#4878000
b1110 #
b1110 '
b1110 (
b1101 &
0$
#4879000
b1111 #
b1111 '
b1111 (
b1110 &
0$
#4880000
b10000 #
b10000 '
b10000 (
b1111 &
0$
#4881000
b10001 #
b10001 '
b10001 (
b10000 &
0$
#4882000
b10010 #
b10010 '
b10010 (
b10001 &
0$
#4883000
b10011 #
b10011 '
b10011 (
b10010 &
0$
#4884000
b10100 #
b10100 '
b10100 (
b10011 &
0$
#4885000
b10101 #
b10101 '
b10101 (
b10100 &
0$
#4886000
b10110 #
b10110 '
b10110 (
b10101 &
0$
#4887000
b10111 #
b10111 '
b10111 (
b10110 &
0$
#4888000
b11000 #
b11000 '
b11000 (
b10111 &
0$
#4889000
b11001 #
b11001 '
b11001 (
b11000 &
0$
#4890000
b11010 #
b11010 '
b11010 (
b11001 &
0$
#4891000
b11011 #
b11011 '
b11011 (
b11010 &
0$
#4892000
b11100 #
b11100 '
b11100 (
b11011 &
0$
#4893000
b11101 #
b11101 '
b11101 (
b11100 &
0$
#4894000
b11110 #
b11110 '
b11110 (
b11101 &
0$
#4895000
b11111 #
b11111 '
b11111 (
b11110 &
0$
#4896000
b0 #
b0 '
b0 (
b11111 &
0$
#4897000
b1 #
b1 '
b1 (
b0 &
0$
#4898000
b10 #
b10 '
b10 (
b1 &
0$
#4899000
b11 #
b11 '
b11 (
b10 &
0$
#4900000
b100 #
b100 '
b100 (
b11 &
0$
#4901000
b101 #
b101 '
b101 (
b100 &
0$
#4902000
b110 #
b110 '
b110 (
b101 &
0$
#4903000
b111 #
b111 '
b111 (
b110 &
0$
#4904000
b1000 #
b1000 '
b1000 (
b111 &
0$
#4905000
b1001 #
b1001 '
b1001 (
b1000 &
0$
#4906000
b1010 #
b1010 '
b1010 (
b1001 &
0$
#4907000
b1011 #
b1011 '
b1011 (
b1010 &
0$
#4908000
b1100 #
b1100 '
b1100 (
b1011 &
0$
#4909000
b1101 #
b1101 '
b1101 (
b1100 &
0$
#4910000
b1110 #
b1110 '
b1110 (
b1101 &
0$
#4911000
b1111 #
b1111 '
b1111 (
b1110 &
0$
#4912000
b10000 #
b10000 '
b10000 (
b1111 &
0$
#4913000
b10001 #
b10001 '
b10001 (
b10000 &
0$
#4914000
b10010 #
b10010 '
b10010 (
b10001 &
0$
#4915000
b10011 #
b10011 '
b10011 (
b10010 &
0$
#4916000
b10100 #
b10100 '
b10100 (
b10011 &
0$
#4917000
b10101 #
b10101 '
b10101 (
b10100 &
0$
#4918000
b10110 #
b10110 '
b10110 (
b10101 &
0$
#4919000
b10111 #
b10111 '
b10111 (
b10110 &
0$
#4920000
b11000 #
b11000 '
b11000 (
b10111 &
0$
#4921000
b11001 #
b11001 '
b11001 (
b11000 &
0$
#4922000
b11010 #
b11010 '
b11010 (
b11001 &
0$
#4923000
b11011 #
b11011 '
b11011 (
b11010 &
0$
#4924000
b11100 #
b11100 '
b11100 (
b11011 &
0$
#4925000
b11101 #
b11101 '
b11101 (
b11100 &
0$
#4926000
b11110 #
b11110 '
b11110 (
b11101 &
0$
#4927000
b11111 #
b11111 '
b11111 (
b11110 &
0$
#4928000
b0 #
b0 '
b0 (
b11111 &
0$
#4929000
b1 #
b1 '
b1 (
b0 &
0$
#4930000
b10 #
b10 '
b10 (
b1 &
0$
#4931000
b11 #
b11 '
b11 (
b10 &
0$
#4932000
b100 #
b100 '
b100 (
b11 &
0$
#4933000
b101 #
b101 '
b101 (
b100 &
0$
#4934000
b110 #
b110 '
b110 (
b101 &
0$
#4935000
b111 #
b111 '
b111 (
b110 &
0$
#4936000
b1000 #
b1000 '
b1000 (
b111 &
0$
#4937000
b1001 #
b1001 '
b1001 (
b1000 &
0$
#4938000
b1010 #
b1010 '
b1010 (
b1001 &
0$
#4939000
b1011 #
b1011 '
b1011 (
b1010 &
0$
#4940000
b1100 #
b1100 '
b1100 (
b1011 &
0$
#4941000
b1101 #
b1101 '
b1101 (
b1100 &
0$
#4942000
b1110 #
b1110 '
b1110 (
b1101 &
0$
#4943000
b1111 #
b1111 '
b1111 (
b1110 &
0$
#4944000
b10000 #
b10000 '
b10000 (
b1111 &
0$
#4945000
b10001 #
b10001 '
b10001 (
b10000 &
0$
#4946000
b10010 #
b10010 '
b10010 (
b10001 &
0$
#4947000
b10011 #
b10011 '
b10011 (
b10010 &
0$
#4948000
b10100 #
b10100 '
b10100 (
b10011 &
0$
#4949000
b10101 #
b10101 '
b10101 (
b10100 &
0$
#4950000
b10110 #
b10110 '
b10110 (
b10101 &
0$
#4951000
b10111 #
b10111 '
b10111 (
b10110 &
0$
#4952000
b11000 #
b11000 '
b11000 (
b10111 &
0$
#4953000
b11001 #
b11001 '
b11001 (
b11000 &
0$
#4954000
b11010 #
b11010 '
b11010 (
b11001 &
0$
#4955000
b11011 #
b11011 '
b11011 (
b11010 &
0$
#4956000
b11100 #
b11100 '
b11100 (
b11011 &
0$
#4957000
b11101 #
b11101 '
b11101 (
b11100 &
0$
#4958000
b11110 #
b11110 '
b11110 (
b11101 &
0$
#4959000
b11111 #
b11111 '
b11111 (
b11110 &
0$
#4960000
b0 #
b0 '
b0 (
b11111 &
0$
#4961000
b1 #
b1 '
b1 (
b0 &
0$
#4962000
b10 #
b10 '
b10 (
b1 &
0$
#4963000
b11 #
b11 '
b11 (
b10 &
0$
#4964000
b100 #
b100 '
b100 (
b11 &
0$
#4965000
b101 #
b101 '
b101 (
b100 &
0$
#4966000
b110 #
b110 '
b110 (
b101 &
0$
#4967000
b111 #
b111 '
b111 (
b110 &
0$
#4968000
b1000 #
b1000 '
b1000 (
b111 &
0$
#4969000
b1001 #
b1001 '
b1001 (
b1000 &
0$
#4970000
b1010 #
b1010 '
b1010 (
b1001 &
0$
#4971000
b1011 #
b1011 '
b1011 (
b1010 &
0$
#4972000
b1100 #
b1100 '
b1100 (
b1011 &
0$
#4973000
b1101 #
b1101 '
b1101 (
b1100 &
0$
#4974000
b1110 #
b1110 '
b1110 (
b1101 &
0$
#4975000
b1111 #
b1111 '
b1111 (
b1110 &
0$
#4976000
b10000 #
b10000 '
b10000 (
b1111 &
0$
#4977000
b10001 #
b10001 '
b10001 (
b10000 &
0$
#4978000
b10010 #
b10010 '
b10010 (
b10001 &
0$
#4979000
b10011 #
b10011 '
b10011 (
b10010 &
0$
#4980000
b10100 #
b10100 '
b10100 (
b10011 &
0$
#4981000
b10101 #
b10101 '
b10101 (
b10100 &
0$
#4982000
b10110 #
b10110 '
b10110 (
b10101 &
0$
#4983000
b10111 #
b10111 '
b10111 (
b10110 &
0$
#4984000
b11000 #
b11000 '
b11000 (
b10111 &
0$
#4985000
b11001 #
b11001 '
b11001 (
b11000 &
0$
#4986000
b11010 #
b11010 '
b11010 (
b11001 &
0$
#4987000
b11011 #
b11011 '
b11011 (
b11010 &
0$
#4988000
b11100 #
b11100 '
b11100 (
b11011 &
0$
#4989000
b11101 #
b11101 '
b11101 (
b11100 &
0$
#4990000
b11110 #
b11110 '
b11110 (
b11101 &
0$
#4991000
b11111 #
b11111 '
b11111 (
b11110 &
0$
#4992000
b0 #
b0 '
b0 (
b11111 &
0$
#4993000
b1 #
b1 '
b1 (
b0 &
0$
#4994000
b10 #
b10 '
b10 (
b1 &
0$
#4995000
b11 #
b11 '
b11 (
b10 &
0$
#4996000
b100 #
b100 '
b100 (
b11 &
0$
#4997000
b101 #
b101 '
b101 (
b100 &
0$
#4998000
b110 #
b110 '
b110 (
b101 &
0$
#4999000
b111 #
b111 '
b111 (
b110 &
0$
#5000000
b1000 #
b1000 '
b1000 (
b111 &
0$
#5001000
b1001 #
b1001 '
b1001 (
b1000 &
0$
#5002000
b1010 #
b1010 '
b1010 (
b1001 &
0$
#5003000
b1011 #
b1011 '
b1011 (
b1010 &
0$
#5004000
b1100 #
b1100 '
b1100 (
b1011 &
0$
#5005000
b1101 #
b1101 '
b1101 (
b1100 &
0$
#5006000
b1110 #
b1110 '
b1110 (
b1101 &
0$
#5007000
b1111 #
b1111 '
b1111 (
b1110 &
0$
#5008000
b10000 #
b10000 '
b10000 (
b1111 &
0$
#5009000
b10001 #
b10001 '
b10001 (
b10000 &
0$
#5010000
b10010 #
b10010 '
b10010 (
b10001 &
0$
#5011000
b10011 #
b10011 '
b10011 (
b10010 &
0$
#5012000
b10100 #
b10100 '
b10100 (
b10011 &
0$
#5013000
b10101 #
b10101 '
b10101 (
b10100 &
0$
#5014000
b10110 #
b10110 '
b10110 (
b10101 &
0$
#5015000
b10111 #
b10111 '
b10111 (
b10110 &
0$
#5016000
b11000 #
b11000 '
b11000 (
b10111 &
0$
#5017000
b11001 #
b11001 '
b11001 (
b11000 &
0$
#5018000
b11010 #
b11010 '
b11010 (
b11001 &
0$
#5019000
b11011 #
b11011 '
b11011 (
b11010 &
0$
#5020000
b11100 #
b11100 '
b11100 (
b11011 &
0$
#5021000
b11101 #
b11101 '
b11101 (
b11100 &
0$
#5022000
b11110 #
b11110 '
b11110 (
b11101 &
0$
#5023000
b11111 #
b11111 '
b11111 (
b11110 &
0$
#5024000
b0 #
b0 '
b0 (
b11111 &
0$
#5025000
b1 #
b1 '
b1 (
b0 &
0$
#5026000
b10 #
b10 '
b10 (
b1 &
0$
#5027000
b11 #
b11 '
b11 (
b10 &
0$
#5028000
b100 #
b100 '
b100 (
b11 &
0$
#5029000
b101 #
b101 '
b101 (
b100 &
0$
#5030000
b110 #
b110 '
b110 (
b101 &
0$
#5031000
b111 #
b111 '
b111 (
b110 &
0$
#5032000
b1000 #
b1000 '
b1000 (
b111 &
0$
#5033000
b1001 #
b1001 '
b1001 (
b1000 &
0$
#5034000
b1010 #
b1010 '
b1010 (
b1001 &
0$
#5035000
b1011 #
b1011 '
b1011 (
b1010 &
0$
#5036000
b1100 #
b1100 '
b1100 (
b1011 &
0$
#5037000
b1101 #
b1101 '
b1101 (
b1100 &
0$
#5038000
b1110 #
b1110 '
b1110 (
b1101 &
0$
#5039000
b1111 #
b1111 '
b1111 (
b1110 &
0$
#5040000
b10000 #
b10000 '
b10000 (
b1111 &
0$
#5041000
b10001 #
b10001 '
b10001 (
b10000 &
0$
#5042000
b10010 #
b10010 '
b10010 (
b10001 &
0$
#5043000
b10011 #
b10011 '
b10011 (
b10010 &
0$
#5044000
b10100 #
b10100 '
b10100 (
b10011 &
0$
#5045000
b10101 #
b10101 '
b10101 (
b10100 &
0$
#5046000
b10110 #
b10110 '
b10110 (
b10101 &
0$
#5047000
b10111 #
b10111 '
b10111 (
b10110 &
0$
#5048000
b11000 #
b11000 '
b11000 (
b10111 &
0$
#5049000
b11001 #
b11001 '
b11001 (
b11000 &
0$
#5050000
b11010 #
b11010 '
b11010 (
b11001 &
0$
#5051000
b11011 #
b11011 '
b11011 (
b11010 &
0$
#5052000
b11100 #
b11100 '
b11100 (
b11011 &
0$
#5053000
b11101 #
b11101 '
b11101 (
b11100 &
0$
#5054000
b11110 #
b11110 '
b11110 (
b11101 &
0$
#5055000
b11111 #
b11111 '
b11111 (
b11110 &
0$
#5056000
b0 #
b0 '
b0 (
b11111 &
0$
#5057000
b1 #
b1 '
b1 (
b0 &
0$
#5058000
b10 #
b10 '
b10 (
b1 &
0$
#5059000
b11 #
b11 '
b11 (
b10 &
0$
#5060000
b100 #
b100 '
b100 (
b11 &
0$
#5061000
b101 #
b101 '
b101 (
b100 &
0$
#5062000
b110 #
b110 '
b110 (
b101 &
0$
#5063000
b111 #
b111 '
b111 (
b110 &
0$
#5064000
b1000 #
b1000 '
b1000 (
b111 &
0$
#5065000
b1001 #
b1001 '
b1001 (
b1000 &
0$
#5066000
b1010 #
b1010 '
b1010 (
b1001 &
0$
#5067000
b1011 #
b1011 '
b1011 (
b1010 &
0$
#5068000
b1100 #
b1100 '
b1100 (
b1011 &
0$
#5069000
b1101 #
b1101 '
b1101 (
b1100 &
0$
#5070000
b1110 #
b1110 '
b1110 (
b1101 &
0$
#5071000
b1111 #
b1111 '
b1111 (
b1110 &
0$
#5072000
b10000 #
b10000 '
b10000 (
b1111 &
0$
#5073000
b10001 #
b10001 '
b10001 (
b10000 &
0$
#5074000
b10010 #
b10010 '
b10010 (
b10001 &
0$
#5075000
b10011 #
b10011 '
b10011 (
b10010 &
0$
#5076000
b10100 #
b10100 '
b10100 (
b10011 &
0$
#5077000
b10101 #
b10101 '
b10101 (
b10100 &
0$
#5078000
b10110 #
b10110 '
b10110 (
b10101 &
0$
#5079000
b10111 #
b10111 '
b10111 (
b10110 &
0$
#5080000
b11000 #
b11000 '
b11000 (
b10111 &
0$
#5081000
b11001 #
b11001 '
b11001 (
b11000 &
0$
#5082000
b11010 #
b11010 '
b11010 (
b11001 &
0$
#5083000
b11011 #
b11011 '
b11011 (
b11010 &
0$
#5084000
b11100 #
b11100 '
b11100 (
b11011 &
0$
#5085000
b11101 #
b11101 '
b11101 (
b11100 &
0$
#5086000
b11110 #
b11110 '
b11110 (
b11101 &
0$
#5087000
b11111 #
b11111 '
b11111 (
b11110 &
0$
#5088000
b0 #
b0 '
b0 (
b11111 &
0$
#5089000
b1 #
b1 '
b1 (
b0 &
0$
#5090000
b10 #
b10 '
b10 (
b1 &
0$
#5091000
b11 #
b11 '
b11 (
b10 &
0$
#5092000
b100 #
b100 '
b100 (
b11 &
0$
#5093000
b101 #
b101 '
b101 (
b100 &
0$
#5094000
b110 #
b110 '
b110 (
b101 &
0$
#5095000
b111 #
b111 '
b111 (
b110 &
0$
#5096000
b1000 #
b1000 '
b1000 (
b111 &
0$
#5097000
b1001 #
b1001 '
b1001 (
b1000 &
0$
#5098000
b1010 #
b1010 '
b1010 (
b1001 &
0$
#5099000
b1011 #
b1011 '
b1011 (
b1010 &
0$
#5100000
b1100 #
b1100 '
b1100 (
b1011 &
0$
#5101000
b1101 #
b1101 '
b1101 (
b1100 &
0$
#5102000
b1110 #
b1110 '
b1110 (
b1101 &
0$
#5103000
b1111 #
b1111 '
b1111 (
b1110 &
0$
#5104000
b10000 #
b10000 '
b10000 (
b1111 &
0$
#5105000
b10001 #
b10001 '
b10001 (
b10000 &
0$
#5106000
b10010 #
b10010 '
b10010 (
b10001 &
0$
#5107000
b10011 #
b10011 '
b10011 (
b10010 &
0$
#5108000
b10100 #
b10100 '
b10100 (
b10011 &
0$
#5109000
b10101 #
b10101 '
b10101 (
b10100 &
0$
#5110000
b10110 #
b10110 '
b10110 (
b10101 &
0$
#5111000
b10111 #
b10111 '
b10111 (
b10110 &
0$
#5112000
b11000 #
b11000 '
b11000 (
b10111 &
0$
#5113000
b11001 #
b11001 '
b11001 (
b11000 &
0$
#5114000
b11010 #
b11010 '
b11010 (
b11001 &
0$
#5115000
b11011 #
b11011 '
b11011 (
b11010 &
0$
#5116000
b11100 #
b11100 '
b11100 (
b11011 &
0$
#5117000
b11101 #
b11101 '
b11101 (
b11100 &
0$
#5118000
b11110 #
b11110 '
b11110 (
b11101 &
0$
#5119000
b11111 #
b11111 '
b11111 (
b11110 &
0$
#5120000
b0 #
b0 '
b0 (
b11111 &
0$
#5121000
b1 #
b1 '
b1 (
b0 &
0$
#5122000
b10 #
b10 '
b10 (
b1 &
0$
#5123000
b11 #
b11 '
b11 (
b10 &
0$
#5124000
b100 #
b100 '
b100 (
b11 &
0$
#5125000
b101 #
b101 '
b101 (
b100 &
0$
#5126000
b110 #
b110 '
b110 (
b101 &
0$
#5127000
b111 #
b111 '
b111 (
b110 &
0$
#5128000
b1000 #
b1000 '
b1000 (
b111 &
0$
#5129000
b1001 #
b1001 '
b1001 (
b1000 &
0$
#5130000
b1010 #
b1010 '
b1010 (
b1001 &
0$
#5131000
b1011 #
b1011 '
b1011 (
b1010 &
0$
#5132000
b1100 #
b1100 '
b1100 (
b1011 &
0$
#5133000
b1101 #
b1101 '
b1101 (
b1100 &
0$
#5134000
b1110 #
b1110 '
b1110 (
b1101 &
0$
#5135000
b1111 #
b1111 '
b1111 (
b1110 &
0$
#5136000
b10000 #
b10000 '
b10000 (
b1111 &
0$
#5137000
b10001 #
b10001 '
b10001 (
b10000 &
0$
#5138000
b10010 #
b10010 '
b10010 (
b10001 &
0$
#5139000
b10011 #
b10011 '
b10011 (
b10010 &
0$
#5140000
b10100 #
b10100 '
b10100 (
b10011 &
0$
#5141000
b10101 #
b10101 '
b10101 (
b10100 &
0$
#5142000
b10110 #
b10110 '
b10110 (
b10101 &
0$
#5143000
b10111 #
b10111 '
b10111 (
b10110 &
0$
#5144000
b11000 #
b11000 '
b11000 (
b10111 &
0$
#5145000
b11001 #
b11001 '
b11001 (
b11000 &
0$
#5146000
b11010 #
b11010 '
b11010 (
b11001 &
0$
#5147000
b11011 #
b11011 '
b11011 (
b11010 &
0$
#5148000
b11100 #
b11100 '
b11100 (
b11011 &
0$
#5149000
b11101 #
b11101 '
b11101 (
b11100 &
0$
#5150000
b11110 #
b11110 '
b11110 (
b11101 &
0$
#5151000
b11111 #
b11111 '
b11111 (
b11110 &
0$
#5152000
b0 #
b0 '
b0 (
b11111 &
0$
#5153000
b1 #
b1 '
b1 (
b0 &
0$
#5154000
b10 #
b10 '
b10 (
b1 &
0$
#5155000
b11 #
b11 '
b11 (
b10 &
0$
#5156000
b100 #
b100 '
b100 (
b11 &
0$
#5157000
b101 #
b101 '
b101 (
b100 &
0$
#5158000
b110 #
b110 '
b110 (
b101 &
0$
#5159000
b111 #
b111 '
b111 (
b110 &
0$
#5160000
b1000 #
b1000 '
b1000 (
b111 &
0$
#5161000
b1001 #
b1001 '
b1001 (
b1000 &
0$
#5162000
b1010 #
b1010 '
b1010 (
b1001 &
0$
#5163000
b1011 #
b1011 '
b1011 (
b1010 &
0$
#5164000
b1100 #
b1100 '
b1100 (
b1011 &
0$
#5165000
b1101 #
b1101 '
b1101 (
b1100 &
0$
#5166000
b1110 #
b1110 '
b1110 (
b1101 &
0$
#5167000
b1111 #
b1111 '
b1111 (
b1110 &
0$
#5168000
b10000 #
b10000 '
b10000 (
b1111 &
0$
#5169000
b10001 #
b10001 '
b10001 (
b10000 &
0$
#5170000
b10010 #
b10010 '
b10010 (
b10001 &
0$
#5171000
b10011 #
b10011 '
b10011 (
b10010 &
0$
#5172000
b10100 #
b10100 '
b10100 (
b10011 &
0$
#5173000
b10101 #
b10101 '
b10101 (
b10100 &
0$
#5174000
b10110 #
b10110 '
b10110 (
b10101 &
0$
#5175000
b10111 #
b10111 '
b10111 (
b10110 &
0$
#5176000
b11000 #
b11000 '
b11000 (
b10111 &
0$
#5177000
b11001 #
b11001 '
b11001 (
b11000 &
0$
#5178000
b11010 #
b11010 '
b11010 (
b11001 &
0$
#5179000
b11011 #
b11011 '
b11011 (
b11010 &
0$
#5180000
b11100 #
b11100 '
b11100 (
b11011 &
0$
#5181000
b11101 #
b11101 '
b11101 (
b11100 &
0$
#5182000
b11110 #
b11110 '
b11110 (
b11101 &
0$
#5183000
b11111 #
b11111 '
b11111 (
b11110 &
0$
#5184000
b0 #
b0 '
b0 (
b11111 &
0$
#5185000
b1 #
b1 '
b1 (
b0 &
0$
#5186000
b10 #
b10 '
b10 (
b1 &
0$
#5187000
b11 #
b11 '
b11 (
b10 &
0$
#5188000
b100 #
b100 '
b100 (
b11 &
0$
#5189000
b101 #
b101 '
b101 (
b100 &
0$
#5190000
b110 #
b110 '
b110 (
b101 &
0$
#5191000
b111 #
b111 '
b111 (
b110 &
0$
#5192000
b1000 #
b1000 '
b1000 (
b111 &
0$
#5193000
b1001 #
b1001 '
b1001 (
b1000 &
0$
#5194000
b1010 #
b1010 '
b1010 (
b1001 &
0$
#5195000
b1011 #
b1011 '
b1011 (
b1010 &
0$
#5196000
b1100 #
b1100 '
b1100 (
b1011 &
0$
#5197000
b1101 #
b1101 '
b1101 (
b1100 &
0$
#5198000
b1110 #
b1110 '
b1110 (
b1101 &
0$
#5199000
b1111 #
b1111 '
b1111 (
b1110 &
0$
#5200000
b10000 #
b10000 '
b10000 (
b1111 &
0$
#5201000
b10001 #
b10001 '
b10001 (
b10000 &
0$
#5202000
b10010 #
b10010 '
b10010 (
b10001 &
0$
#5203000
b10011 #
b10011 '
b10011 (
b10010 &
0$
#5204000
b10100 #
b10100 '
b10100 (
b10011 &
0$
#5205000
b10101 #
b10101 '
b10101 (
b10100 &
0$
#5206000
b10110 #
b10110 '
b10110 (
b10101 &
0$
#5207000
b10111 #
b10111 '
b10111 (
b10110 &
0$
#5208000
b11000 #
b11000 '
b11000 (
b10111 &
0$
#5209000
b11001 #
b11001 '
b11001 (
b11000 &
0$
#5210000
b11010 #
b11010 '
b11010 (
b11001 &
0$
#5211000
b11011 #
b11011 '
b11011 (
b11010 &
0$
#5212000
b11100 #
b11100 '
b11100 (
b11011 &
0$
#5213000
b11101 #
b11101 '
b11101 (
b11100 &
0$
#5214000
b11110 #
b11110 '
b11110 (
b11101 &
0$
#5215000
b11111 #
b11111 '
b11111 (
b11110 &
0$
#5216000
b0 #
b0 '
b0 (
b11111 &
0$
#5217000
b1 #
b1 '
b1 (
b0 &
0$
#5218000
b10 #
b10 '
b10 (
b1 &
0$
#5219000
b11 #
b11 '
b11 (
b10 &
0$
#5220000
b100 #
b100 '
b100 (
b11 &
0$
#5221000
b101 #
b101 '
b101 (
b100 &
0$
#5222000
b110 #
b110 '
b110 (
b101 &
0$
#5223000
b111 #
b111 '
b111 (
b110 &
0$
#5224000
b1000 #
b1000 '
b1000 (
b111 &
0$
#5225000
b1001 #
b1001 '
b1001 (
b1000 &
0$
#5226000
b1010 #
b1010 '
b1010 (
b1001 &
0$
#5227000
b1011 #
b1011 '
b1011 (
b1010 &
0$
#5228000
b1100 #
b1100 '
b1100 (
b1011 &
0$
#5229000
b1101 #
b1101 '
b1101 (
b1100 &
0$
#5230000
b1110 #
b1110 '
b1110 (
b1101 &
0$
#5231000
b1111 #
b1111 '
b1111 (
b1110 &
0$
#5232000
b10000 #
b10000 '
b10000 (
b1111 &
0$
#5233000
b10001 #
b10001 '
b10001 (
b10000 &
0$
#5234000
b10010 #
b10010 '
b10010 (
b10001 &
0$
#5235000
b10011 #
b10011 '
b10011 (
b10010 &
0$
#5236000
b10100 #
b10100 '
b10100 (
b10011 &
0$
#5237000
b10101 #
b10101 '
b10101 (
b10100 &
0$
#5238000
b10110 #
b10110 '
b10110 (
b10101 &
0$
#5239000
b10111 #
b10111 '
b10111 (
b10110 &
0$
#5240000
b11000 #
b11000 '
b11000 (
b10111 &
0$
#5241000
b11001 #
b11001 '
b11001 (
b11000 &
0$
#5242000
b11010 #
b11010 '
b11010 (
b11001 &
0$
#5243000
b11011 #
b11011 '
b11011 (
b11010 &
0$
#5244000
b11100 #
b11100 '
b11100 (
b11011 &
0$
#5245000
b11101 #
b11101 '
b11101 (
b11100 &
0$
#5246000
b11110 #
b11110 '
b11110 (
b11101 &
0$
#5247000
b11111 #
b11111 '
b11111 (
b11110 &
0$
#5248000
b0 #
b0 '
b0 (
b11111 &
0$
#5249000
b1 #
b1 '
b1 (
b0 &
0$
#5250000
b10 #
b10 '
b10 (
b1 &
0$
#5251000
b11 #
b11 '
b11 (
b10 &
0$
#5252000
b100 #
b100 '
b100 (
b11 &
0$
#5253000
b101 #
b101 '
b101 (
b100 &
0$
#5254000
b110 #
b110 '
b110 (
b101 &
0$
#5255000
b111 #
b111 '
b111 (
b110 &
0$
#5256000
b1000 #
b1000 '
b1000 (
b111 &
0$
#5257000
b1001 #
b1001 '
b1001 (
b1000 &
0$
#5258000
b1010 #
b1010 '
b1010 (
b1001 &
0$
#5259000
b1011 #
b1011 '
b1011 (
b1010 &
0$
#5260000
b1100 #
b1100 '
b1100 (
b1011 &
0$
#5261000
b1101 #
b1101 '
b1101 (
b1100 &
0$
#5262000
b1110 #
b1110 '
b1110 (
b1101 &
0$
#5263000
b1111 #
b1111 '
b1111 (
b1110 &
0$
#5264000
b10000 #
b10000 '
b10000 (
b1111 &
0$
#5265000
b10001 #
b10001 '
b10001 (
b10000 &
0$
#5266000
b10010 #
b10010 '
b10010 (
b10001 &
0$
#5267000
b10011 #
b10011 '
b10011 (
b10010 &
0$
#5268000
b10100 #
b10100 '
b10100 (
b10011 &
0$
#5269000
b10101 #
b10101 '
b10101 (
b10100 &
0$
#5270000
b10110 #
b10110 '
b10110 (
b10101 &
0$
#5271000
b10111 #
b10111 '
b10111 (
b10110 &
0$
#5272000
b11000 #
b11000 '
b11000 (
b10111 &
0$
#5273000
b11001 #
b11001 '
b11001 (
b11000 &
0$
#5274000
b11010 #
b11010 '
b11010 (
b11001 &
0$
#5275000
b11011 #
b11011 '
b11011 (
b11010 &
0$
#5276000
b11100 #
b11100 '
b11100 (
b11011 &
0$
#5277000
b11101 #
b11101 '
b11101 (
b11100 &
0$
#5278000
b11110 #
b11110 '
b11110 (
b11101 &
0$
#5279000
b11111 #
b11111 '
b11111 (
b11110 &
0$
#5280000
b0 #
b0 '
b0 (
b11111 &
0$
#5281000
b1 #
b1 '
b1 (
b0 &
0$
#5282000
b10 #
b10 '
b10 (
b1 &
0$
#5283000
b11 #
b11 '
b11 (
b10 &
0$
#5284000
b100 #
b100 '
b100 (
b11 &
0$
#5285000
b101 #
b101 '
b101 (
b100 &
0$
#5286000
b110 #
b110 '
b110 (
b101 &
0$
#5287000
b111 #
b111 '
b111 (
b110 &
0$
#5288000
b1000 #
b1000 '
b1000 (
b111 &
0$
#5289000
b1001 #
b1001 '
b1001 (
b1000 &
0$
#5290000
b1010 #
b1010 '
b1010 (
b1001 &
0$
#5291000
b1011 #
b1011 '
b1011 (
b1010 &
0$
#5292000
b1100 #
b1100 '
b1100 (
b1011 &
0$
#5293000
b1101 #
b1101 '
b1101 (
b1100 &
0$
#5294000
b1110 #
b1110 '
b1110 (
b1101 &
0$
#5295000
b1111 #
b1111 '
b1111 (
b1110 &
0$
#5296000
b10000 #
b10000 '
b10000 (
b1111 &
0$
#5297000
b10001 #
b10001 '
b10001 (
b10000 &
0$
#5298000
b10010 #
b10010 '
b10010 (
b10001 &
0$
#5299000
b10011 #
b10011 '
b10011 (
b10010 &
0$
#5300000
b10100 #
b10100 '
b10100 (
b10011 &
0$
#5301000
b10101 #
b10101 '
b10101 (
b10100 &
0$
#5302000
b10110 #
b10110 '
b10110 (
b10101 &
0$
#5303000
b10111 #
b10111 '
b10111 (
b10110 &
0$
#5304000
b11000 #
b11000 '
b11000 (
b10111 &
0$
#5305000
b11001 #
b11001 '
b11001 (
b11000 &
0$
#5306000
b11010 #
b11010 '
b11010 (
b11001 &
0$
#5307000
b11011 #
b11011 '
b11011 (
b11010 &
0$
#5308000
b11100 #
b11100 '
b11100 (
b11011 &
0$
#5309000
b11101 #
b11101 '
b11101 (
b11100 &
0$
#5310000
b11110 #
b11110 '
b11110 (
b11101 &
0$
#5311000
b11111 #
b11111 '
b11111 (
b11110 &
0$
#5312000
b0 #
b0 '
b0 (
b11111 &
0$
#5313000
b1 #
b1 '
b1 (
b0 &
0$
#5314000
b10 #
b10 '
b10 (
b1 &
0$
#5315000
b11 #
b11 '
b11 (
b10 &
0$
#5316000
b100 #
b100 '
b100 (
b11 &
0$
#5317000
b101 #
b101 '
b101 (
b100 &
0$
#5318000
b110 #
b110 '
b110 (
b101 &
0$
#5319000
b111 #
b111 '
b111 (
b110 &
0$
#5320000
b1000 #
b1000 '
b1000 (
b111 &
0$
#5321000
b1001 #
b1001 '
b1001 (
b1000 &
0$
#5322000
b1010 #
b1010 '
b1010 (
b1001 &
0$
#5323000
b1011 #
b1011 '
b1011 (
b1010 &
0$
#5324000
b1100 #
b1100 '
b1100 (
b1011 &
0$
#5325000
b1101 #
b1101 '
b1101 (
b1100 &
0$
#5326000
b1110 #
b1110 '
b1110 (
b1101 &
0$
#5327000
b1111 #
b1111 '
b1111 (
b1110 &
0$
#5328000
b10000 #
b10000 '
b10000 (
b1111 &
0$
#5329000
b10001 #
b10001 '
b10001 (
b10000 &
0$
#5330000
b10010 #
b10010 '
b10010 (
b10001 &
0$
#5331000
b10011 #
b10011 '
b10011 (
b10010 &
0$
#5332000
b10100 #
b10100 '
b10100 (
b10011 &
0$
#5333000
b10101 #
b10101 '
b10101 (
b10100 &
0$
#5334000
b10110 #
b10110 '
b10110 (
b10101 &
0$
#5335000
b10111 #
b10111 '
b10111 (
b10110 &
0$
#5336000
b11000 #
b11000 '
b11000 (
b10111 &
0$
#5337000
b11001 #
b11001 '
b11001 (
b11000 &
0$
#5338000
b11010 #
b11010 '
b11010 (
b11001 &
0$
#5339000
b11011 #
b11011 '
b11011 (
b11010 &
0$
#5340000
b11100 #
b11100 '
b11100 (
b11011 &
0$
#5341000
b11101 #
b11101 '
b11101 (
b11100 &
0$
#5342000
b11110 #
b11110 '
b11110 (
b11101 &
0$
#5343000
b11111 #
b11111 '
b11111 (
b11110 &
0$
#5344000
b0 #
b0 '
b0 (
b11111 &
0$
#5345000
b1 #
b1 '
b1 (
b0 &
0$
#5346000
b10 #
b10 '
b10 (
b1 &
0$
#5347000
b11 #
b11 '
b11 (
b10 &
0$
#5348000
b100 #
b100 '
b100 (
b11 &
0$
#5349000
b101 #
b101 '
b101 (
b100 &
0$
#5350000
b110 #
b110 '
b110 (
b101 &
0$
#5351000
b111 #
b111 '
b111 (
b110 &
0$
#5352000
b1000 #
b1000 '
b1000 (
b111 &
0$
#5353000
b1001 #
b1001 '
b1001 (
b1000 &
0$
#5354000
b1010 #
b1010 '
b1010 (
b1001 &
0$
#5355000
b1011 #
b1011 '
b1011 (
b1010 &
0$
#5356000
b1100 #
b1100 '
b1100 (
b1011 &
0$
#5357000
b1101 #
b1101 '
b1101 (
b1100 &
0$
#5358000
b1110 #
b1110 '
b1110 (
b1101 &
0$
#5359000
b1111 #
b1111 '
b1111 (
b1110 &
0$
#5360000
b10000 #
b10000 '
b10000 (
b1111 &
0$
#5361000
b10001 #
b10001 '
b10001 (
b10000 &
0$
#5362000
b10010 #
b10010 '
b10010 (
b10001 &
0$
#5363000
b10011 #
b10011 '
b10011 (
b10010 &
0$
#5364000
b10100 #
b10100 '
b10100 (
b10011 &
0$
#5365000
b10101 #
b10101 '
b10101 (
b10100 &
0$
#5366000
b10110 #
b10110 '
b10110 (
b10101 &
0$
#5367000
b10111 #
b10111 '
b10111 (
b10110 &
0$
#5368000
b11000 #
b11000 '
b11000 (
b10111 &
0$
#5369000
b11001 #
b11001 '
b11001 (
b11000 &
0$
#5370000
b11010 #
b11010 '
b11010 (
b11001 &
0$
#5371000
b11011 #
b11011 '
b11011 (
b11010 &
0$
#5372000
b11100 #
b11100 '
b11100 (
b11011 &
0$
#5373000
b11101 #
b11101 '
b11101 (
b11100 &
0$
#5374000
b11110 #
b11110 '
b11110 (
b11101 &
0$
#5375000
b11111 #
b11111 '
b11111 (
b11110 &
0$
#5376000
b0 #
b0 '
b0 (
b11111 &
0$
#5377000
b1 #
b1 '
b1 (
b0 &
0$
#5378000
b10 #
b10 '
b10 (
b1 &
0$
#5379000
b11 #
b11 '
b11 (
b10 &
0$
#5380000
b100 #
b100 '
b100 (
b11 &
0$
#5381000
b101 #
b101 '
b101 (
b100 &
0$
#5382000
b110 #
b110 '
b110 (
b101 &
0$
#5383000
b111 #
b111 '
b111 (
b110 &
0$
#5384000
b1000 #
b1000 '
b1000 (
b111 &
0$
#5385000
b1001 #
b1001 '
b1001 (
b1000 &
0$
#5386000
b1010 #
b1010 '
b1010 (
b1001 &
0$
#5387000
b1011 #
b1011 '
b1011 (
b1010 &
0$
#5388000
b1100 #
b1100 '
b1100 (
b1011 &
0$
#5389000
b1101 #
b1101 '
b1101 (
b1100 &
0$
#5390000
b1110 #
b1110 '
b1110 (
b1101 &
0$
#5391000
b1111 #
b1111 '
b1111 (
b1110 &
0$
#5392000
b10000 #
b10000 '
b10000 (
b1111 &
0$
#5393000
b10001 #
b10001 '
b10001 (
b10000 &
0$
#5394000
b10010 #
b10010 '
b10010 (
b10001 &
0$
#5395000
b10011 #
b10011 '
b10011 (
b10010 &
0$
#5396000
b10100 #
b10100 '
b10100 (
b10011 &
0$
#5397000
b10101 #
b10101 '
b10101 (
b10100 &
0$
#5398000
b10110 #
b10110 '
b10110 (
b10101 &
0$
#5399000
b10111 #
b10111 '
b10111 (
b10110 &
0$
#5400000
b11000 #
b11000 '
b11000 (
b10111 &
0$
#5401000
b11001 #
b11001 '
b11001 (
b11000 &
0$
#5402000
b11010 #
b11010 '
b11010 (
b11001 &
0$
#5403000
b11011 #
b11011 '
b11011 (
b11010 &
0$
#5404000
b11100 #
b11100 '
b11100 (
b11011 &
0$
#5405000
b11101 #
b11101 '
b11101 (
b11100 &
0$
#5406000
b11110 #
b11110 '
b11110 (
b11101 &
0$
#5407000
b11111 #
b11111 '
b11111 (
b11110 &
0$
#5408000
b0 #
b0 '
b0 (
b11111 &
0$
#5409000
b1 #
b1 '
b1 (
b0 &
0$
#5410000
b10 #
b10 '
b10 (
b1 &
0$
#5411000
b11 #
b11 '
b11 (
b10 &
0$
#5412000
b100 #
b100 '
b100 (
b11 &
0$
#5413000
b101 #
b101 '
b101 (
b100 &
0$
#5414000
b110 #
b110 '
b110 (
b101 &
0$
#5415000
b111 #
b111 '
b111 (
b110 &
0$
#5416000
b1000 #
b1000 '
b1000 (
b111 &
0$
#5417000
b1001 #
b1001 '
b1001 (
b1000 &
0$
#5418000
b1010 #
b1010 '
b1010 (
b1001 &
0$
#5419000
b1011 #
b1011 '
b1011 (
b1010 &
0$
#5420000
b1100 #
b1100 '
b1100 (
b1011 &
0$
#5421000
b1101 #
b1101 '
b1101 (
b1100 &
0$
#5422000
b1110 #
b1110 '
b1110 (
b1101 &
0$
#5423000
b1111 #
b1111 '
b1111 (
b1110 &
0$
#5424000
b10000 #
b10000 '
b10000 (
b1111 &
0$
#5425000
b10001 #
b10001 '
b10001 (
b10000 &
0$
#5426000
b10010 #
b10010 '
b10010 (
b10001 &
0$
#5427000
b10011 #
b10011 '
b10011 (
b10010 &
0$
#5428000
b10100 #
b10100 '
b10100 (
b10011 &
0$
#5429000
b10101 #
b10101 '
b10101 (
b10100 &
0$
#5430000
b10110 #
b10110 '
b10110 (
b10101 &
0$
#5431000
b10111 #
b10111 '
b10111 (
b10110 &
0$
#5432000
b11000 #
b11000 '
b11000 (
b10111 &
0$
#5433000
b11001 #
b11001 '
b11001 (
b11000 &
0$
#5434000
b11010 #
b11010 '
b11010 (
b11001 &
0$
#5435000
b11011 #
b11011 '
b11011 (
b11010 &
0$
#5436000
b11100 #
b11100 '
b11100 (
b11011 &
0$
#5437000
b11101 #
b11101 '
b11101 (
b11100 &
0$
#5438000
b11110 #
b11110 '
b11110 (
b11101 &
0$
#5439000
b11111 #
b11111 '
b11111 (
b11110 &
0$
#5440000
b0 #
b0 '
b0 (
b11111 &
0$
#5441000
b1 #
b1 '
b1 (
b0 &
0$
#5442000
b10 #
b10 '
b10 (
b1 &
0$
#5443000
b11 #
b11 '
b11 (
b10 &
0$
#5444000
b100 #
b100 '
b100 (
b11 &
0$
#5445000
b101 #
b101 '
b101 (
b100 &
0$
#5446000
b110 #
b110 '
b110 (
b101 &
0$
#5447000
b111 #
b111 '
b111 (
b110 &
0$
#5448000
b1000 #
b1000 '
b1000 (
b111 &
0$
#5449000
b1001 #
b1001 '
b1001 (
b1000 &
0$
#5450000
b1010 #
b1010 '
b1010 (
b1001 &
0$
#5451000
b1011 #
b1011 '
b1011 (
b1010 &
0$
#5452000
b1100 #
b1100 '
b1100 (
b1011 &
0$
#5453000
b1101 #
b1101 '
b1101 (
b1100 &
0$
#5454000
b1110 #
b1110 '
b1110 (
b1101 &
0$
#5455000
b1111 #
b1111 '
b1111 (
b1110 &
0$
#5456000
b10000 #
b10000 '
b10000 (
b1111 &
0$
#5457000
b10001 #
b10001 '
b10001 (
b10000 &
0$
#5458000
b10010 #
b10010 '
b10010 (
b10001 &
0$
#5459000
b10011 #
b10011 '
b10011 (
b10010 &
0$
#5460000
b10100 #
b10100 '
b10100 (
b10011 &
0$
#5461000
b10101 #
b10101 '
b10101 (
b10100 &
0$
#5462000
b10110 #
b10110 '
b10110 (
b10101 &
0$
#5463000
b10111 #
b10111 '
b10111 (
b10110 &
0$
#5464000
b11000 #
b11000 '
b11000 (
b10111 &
0$
#5465000
b11001 #
b11001 '
b11001 (
b11000 &
0$
#5466000
b11010 #
b11010 '
b11010 (
b11001 &
0$
#5467000
b11011 #
b11011 '
b11011 (
b11010 &
0$
#5468000
b11100 #
b11100 '
b11100 (
b11011 &
0$
#5469000
b11101 #
b11101 '
b11101 (
b11100 &
0$
#5470000
b11110 #
b11110 '
b11110 (
b11101 &
0$
#5471000
b11111 #
b11111 '
b11111 (
b11110 &
0$
#5472000
b0 #
b0 '
b0 (
b11111 &
0$
#5473000
b1 #
b1 '
b1 (
b0 &
0$
#5474000
b10 #
b10 '
b10 (
b1 &
0$
#5475000
b11 #
b11 '
b11 (
b10 &
0$
#5476000
b100 #
b100 '
b100 (
b11 &
0$
#5477000
b101 #
b101 '
b101 (
b100 &
0$
#5478000
b110 #
b110 '
b110 (
b101 &
0$
#5479000
b111 #
b111 '
b111 (
b110 &
0$
#5480000
b1000 #
b1000 '
b1000 (
b111 &
0$
#5481000
b1001 #
b1001 '
b1001 (
b1000 &
0$
#5482000
b1010 #
b1010 '
b1010 (
b1001 &
0$
#5483000
b1011 #
b1011 '
b1011 (
b1010 &
0$
#5484000
b1100 #
b1100 '
b1100 (
b1011 &
0$
#5485000
b1101 #
b1101 '
b1101 (
b1100 &
0$
#5486000
b1110 #
b1110 '
b1110 (
b1101 &
0$
#5487000
b1111 #
b1111 '
b1111 (
b1110 &
0$
#5488000
b10000 #
b10000 '
b10000 (
b1111 &
0$
#5489000
b10001 #
b10001 '
b10001 (
b10000 &
0$
#5490000
b10010 #
b10010 '
b10010 (
b10001 &
0$
#5491000
b10011 #
b10011 '
b10011 (
b10010 &
0$
#5492000
b10100 #
b10100 '
b10100 (
b10011 &
0$
#5493000
b10101 #
b10101 '
b10101 (
b10100 &
0$
#5494000
b10110 #
b10110 '
b10110 (
b10101 &
0$
#5495000
b10111 #
b10111 '
b10111 (
b10110 &
0$
#5496000
b11000 #
b11000 '
b11000 (
b10111 &
0$
#5497000
b11001 #
b11001 '
b11001 (
b11000 &
0$
#5498000
b11010 #
b11010 '
b11010 (
b11001 &
0$
#5499000
b11011 #
b11011 '
b11011 (
b11010 &
0$
#5500000
b11100 #
b11100 '
b11100 (
b11011 &
0$
#5501000
b11101 #
b11101 '
b11101 (
b11100 &
0$
#5502000
b11110 #
b11110 '
b11110 (
b11101 &
0$
#5503000
b11111 #
b11111 '
b11111 (
b11110 &
0$
#5504000
b0 #
b0 '
b0 (
b11111 &
0$
#5505000
b1 #
b1 '
b1 (
b0 &
0$
#5506000
b10 #
b10 '
b10 (
b1 &
0$
#5507000
b11 #
b11 '
b11 (
b10 &
0$
#5508000
b100 #
b100 '
b100 (
b11 &
0$
#5509000
b101 #
b101 '
b101 (
b100 &
0$
#5510000
b110 #
b110 '
b110 (
b101 &
0$
#5511000
b111 #
b111 '
b111 (
b110 &
0$
#5512000
b1000 #
b1000 '
b1000 (
b111 &
0$
#5513000
b1001 #
b1001 '
b1001 (
b1000 &
0$
#5514000
b1010 #
b1010 '
b1010 (
b1001 &
0$
#5515000
b1011 #
b1011 '
b1011 (
b1010 &
0$
#5516000
b1100 #
b1100 '
b1100 (
b1011 &
0$
#5517000
b1101 #
b1101 '
b1101 (
b1100 &
0$
#5518000
b1110 #
b1110 '
b1110 (
b1101 &
0$
#5519000
b1111 #
b1111 '
b1111 (
b1110 &
0$
#5520000
b10000 #
b10000 '
b10000 (
b1111 &
0$
#5521000
b10001 #
b10001 '
b10001 (
b10000 &
0$
#5522000
b10010 #
b10010 '
b10010 (
b10001 &
0$
#5523000
b10011 #
b10011 '
b10011 (
b10010 &
0$
#5524000
b10100 #
b10100 '
b10100 (
b10011 &
0$
#5525000
b10101 #
b10101 '
b10101 (
b10100 &
0$
#5526000
b10110 #
b10110 '
b10110 (
b10101 &
0$
#5527000
b10111 #
b10111 '
b10111 (
b10110 &
0$
#5528000
b11000 #
b11000 '
b11000 (
b10111 &
0$
#5529000
b11001 #
b11001 '
b11001 (
b11000 &
0$
#5530000
b11010 #
b11010 '
b11010 (
b11001 &
0$
#5531000
b11011 #
b11011 '
b11011 (
b11010 &
0$
#5532000
b11100 #
b11100 '
b11100 (
b11011 &
0$
#5533000
b11101 #
b11101 '
b11101 (
b11100 &
0$
#5534000
b11110 #
b11110 '
b11110 (
b11101 &
0$
#5535000
b11111 #
b11111 '
b11111 (
b11110 &
0$
#5536000
b0 #
b0 '
b0 (
b11111 &
0$
#5537000
b1 #
b1 '
b1 (
b0 &
0$
#5538000
b10 #
b10 '
b10 (
b1 &
0$
#5539000
b11 #
b11 '
b11 (
b10 &
0$
#5540000
b100 #
b100 '
b100 (
b11 &
0$
#5541000
b101 #
b101 '
b101 (
b100 &
0$
#5542000
b110 #
b110 '
b110 (
b101 &
0$
#5543000
b111 #
b111 '
b111 (
b110 &
0$
#5544000
b1000 #
b1000 '
b1000 (
b111 &
0$
#5545000
b1001 #
b1001 '
b1001 (
b1000 &
0$
#5546000
b1010 #
b1010 '
b1010 (
b1001 &
0$
#5547000
b1011 #
b1011 '
b1011 (
b1010 &
0$
#5548000
b1100 #
b1100 '
b1100 (
b1011 &
0$
#5549000
b1101 #
b1101 '
b1101 (
b1100 &
0$
#5550000
b1110 #
b1110 '
b1110 (
b1101 &
0$
#5551000
b1111 #
b1111 '
b1111 (
b1110 &
0$
#5552000
b10000 #
b10000 '
b10000 (
b1111 &
0$
#5553000
b10001 #
b10001 '
b10001 (
b10000 &
0$
#5554000
b10010 #
b10010 '
b10010 (
b10001 &
0$
#5555000
b10011 #
b10011 '
b10011 (
b10010 &
0$
#5556000
b10100 #
b10100 '
b10100 (
b10011 &
0$
#5557000
b10101 #
b10101 '
b10101 (
b10100 &
0$
#5558000
b10110 #
b10110 '
b10110 (
b10101 &
0$
#5559000
b10111 #
b10111 '
b10111 (
b10110 &
0$
#5560000
b11000 #
b11000 '
b11000 (
b10111 &
0$
#5561000
b11001 #
b11001 '
b11001 (
b11000 &
0$
#5562000
b11010 #
b11010 '
b11010 (
b11001 &
0$
#5563000
b11011 #
b11011 '
b11011 (
b11010 &
0$
#5564000
b11100 #
b11100 '
b11100 (
b11011 &
0$
#5565000
b11101 #
b11101 '
b11101 (
b11100 &
0$
#5566000
b11110 #
b11110 '
b11110 (
b11101 &
0$
#5567000
b11111 #
b11111 '
b11111 (
b11110 &
0$
#5568000
b0 #
b0 '
b0 (
b11111 &
0$
#5569000
b1 #
b1 '
b1 (
b0 &
0$
#5570000
b10 #
b10 '
b10 (
b1 &
0$
#5571000
b11 #
b11 '
b11 (
b10 &
0$
#5572000
b100 #
b100 '
b100 (
b11 &
0$
#5573000
b101 #
b101 '
b101 (
b100 &
0$
#5574000
b110 #
b110 '
b110 (
b101 &
0$
#5575000
b111 #
b111 '
b111 (
b110 &
0$
#5576000
b1000 #
b1000 '
b1000 (
b111 &
0$
#5577000
b1001 #
b1001 '
b1001 (
b1000 &
0$
#5578000
b1010 #
b1010 '
b1010 (
b1001 &
0$
#5579000
b1011 #
b1011 '
b1011 (
b1010 &
0$
#5580000
b1100 #
b1100 '
b1100 (
b1011 &
0$
#5581000
b1101 #
b1101 '
b1101 (
b1100 &
0$
#5582000
b1110 #
b1110 '
b1110 (
b1101 &
0$
#5583000
b1111 #
b1111 '
b1111 (
b1110 &
0$
#5584000
b10000 #
b10000 '
b10000 (
b1111 &
0$
#5585000
b10001 #
b10001 '
b10001 (
b10000 &
0$
#5586000
b10010 #
b10010 '
b10010 (
b10001 &
0$
#5587000
b10011 #
b10011 '
b10011 (
b10010 &
0$
#5588000
b10100 #
b10100 '
b10100 (
b10011 &
0$
#5589000
b10101 #
b10101 '
b10101 (
b10100 &
0$
#5590000
b10110 #
b10110 '
b10110 (
b10101 &
0$
#5591000
b10111 #
b10111 '
b10111 (
b10110 &
0$
#5592000
b11000 #
b11000 '
b11000 (
b10111 &
0$
#5593000
b11001 #
b11001 '
b11001 (
b11000 &
0$
#5594000
b11010 #
b11010 '
b11010 (
b11001 &
0$
#5595000
b11011 #
b11011 '
b11011 (
b11010 &
0$
#5596000
b11100 #
b11100 '
b11100 (
b11011 &
0$
#5597000
b11101 #
b11101 '
b11101 (
b11100 &
0$
#5598000
b11110 #
b11110 '
b11110 (
b11101 &
0$
#5599000
b11111 #
b11111 '
b11111 (
b11110 &
0$
#5600000
b0 #
b0 '
b0 (
b11111 &
0$
#5601000
b1 #
b1 '
b1 (
b0 &
0$
#5602000
b10 #
b10 '
b10 (
b1 &
0$
#5603000
b11 #
b11 '
b11 (
b10 &
0$
#5604000
b100 #
b100 '
b100 (
b11 &
0$
#5605000
b101 #
b101 '
b101 (
b100 &
0$
#5606000
b110 #
b110 '
b110 (
b101 &
0$
#5607000
b111 #
b111 '
b111 (
b110 &
0$
#5608000
b1000 #
b1000 '
b1000 (
b111 &
0$
#5609000
b1001 #
b1001 '
b1001 (
b1000 &
0$
#5610000
b1010 #
b1010 '
b1010 (
b1001 &
0$
#5611000
b1011 #
b1011 '
b1011 (
b1010 &
0$
#5612000
b1100 #
b1100 '
b1100 (
b1011 &
0$
#5613000
b1101 #
b1101 '
b1101 (
b1100 &
0$
#5614000
b1110 #
b1110 '
b1110 (
b1101 &
0$
#5615000
b1111 #
b1111 '
b1111 (
b1110 &
0$
#5616000
b10000 #
b10000 '
b10000 (
b1111 &
0$
#5617000
b10001 #
b10001 '
b10001 (
b10000 &
0$
#5618000
b10010 #
b10010 '
b10010 (
b10001 &
0$
#5619000
b10011 #
b10011 '
b10011 (
b10010 &
0$
#5620000
b10100 #
b10100 '
b10100 (
b10011 &
0$
#5621000
b10101 #
b10101 '
b10101 (
b10100 &
0$
#5622000
b10110 #
b10110 '
b10110 (
b10101 &
0$
#5623000
b10111 #
b10111 '
b10111 (
b10110 &
0$
#5624000
b11000 #
b11000 '
b11000 (
b10111 &
0$
#5625000
b11001 #
b11001 '
b11001 (
b11000 &
0$
#5626000
b11010 #
b11010 '
b11010 (
b11001 &
0$
#5627000
b11011 #
b11011 '
b11011 (
b11010 &
0$
#5628000
b11100 #
b11100 '
b11100 (
b11011 &
0$
#5629000
b11101 #
b11101 '
b11101 (
b11100 &
0$
#5630000
b11110 #
b11110 '
b11110 (
b11101 &
0$
#5631000
b11111 #
b11111 '
b11111 (
b11110 &
0$
#5632000
b0 #
b0 '
b0 (
b11111 &
0$
#5633000
b1 #
b1 '
b1 (
b0 &
0$
#5634000
b10 #
b10 '
b10 (
b1 &
0$
#5635000
b11 #
b11 '
b11 (
b10 &
0$
#5636000
b100 #
b100 '
b100 (
b11 &
0$
#5637000
b101 #
b101 '
b101 (
b100 &
0$
#5638000
b110 #
b110 '
b110 (
b101 &
0$
#5639000
b111 #
b111 '
b111 (
b110 &
0$
#5640000
b1000 #
b1000 '
b1000 (
b111 &
0$
#5641000
b1001 #
b1001 '
b1001 (
b1000 &
0$
#5642000
b1010 #
b1010 '
b1010 (
b1001 &
0$
#5643000
b1011 #
b1011 '
b1011 (
b1010 &
0$
#5644000
b1100 #
b1100 '
b1100 (
b1011 &
0$
#5645000
b1101 #
b1101 '
b1101 (
b1100 &
0$
#5646000
b1110 #
b1110 '
b1110 (
b1101 &
0$
#5647000
b1111 #
b1111 '
b1111 (
b1110 &
0$
#5648000
b10000 #
b10000 '
b10000 (
b1111 &
0$
#5649000
b10001 #
b10001 '
b10001 (
b10000 &
0$
#5650000
b10010 #
b10010 '
b10010 (
b10001 &
0$
#5651000
b10011 #
b10011 '
b10011 (
b10010 &
0$
#5652000
b10100 #
b10100 '
b10100 (
b10011 &
0$
#5653000
b10101 #
b10101 '
b10101 (
b10100 &
0$
#5654000
b10110 #
b10110 '
b10110 (
b10101 &
0$
#5655000
b10111 #
b10111 '
b10111 (
b10110 &
0$
#5656000
b11000 #
b11000 '
b11000 (
b10111 &
0$
#5657000
b11001 #
b11001 '
b11001 (
b11000 &
0$
#5658000
b11010 #
b11010 '
b11010 (
b11001 &
0$
#5659000
b11011 #
b11011 '
b11011 (
b11010 &
0$
#5660000
b11100 #
b11100 '
b11100 (
b11011 &
0$
#5661000
b11101 #
b11101 '
b11101 (
b11100 &
0$
#5662000
b11110 #
b11110 '
b11110 (
b11101 &
0$
#5663000
b11111 #
b11111 '
b11111 (
b11110 &
0$
#5664000
b0 #
b0 '
b0 (
b11111 &
0$
#5665000
b1 #
b1 '
b1 (
b0 &
0$
#5666000
b10 #
b10 '
b10 (
b1 &
0$
#5667000
b11 #
b11 '
b11 (
b10 &
0$
#5668000
b100 #
b100 '
b100 (
b11 &
0$
#5669000
b101 #
b101 '
b101 (
b100 &
0$
#5670000
b110 #
b110 '
b110 (
b101 &
0$
#5671000
b111 #
b111 '
b111 (
b110 &
0$
#5672000
b1000 #
b1000 '
b1000 (
b111 &
0$
#5673000
b1001 #
b1001 '
b1001 (
b1000 &
0$
#5674000
b1010 #
b1010 '
b1010 (
b1001 &
0$
#5675000
b1011 #
b1011 '
b1011 (
b1010 &
0$
#5676000
b1100 #
b1100 '
b1100 (
b1011 &
0$
#5677000
b1101 #
b1101 '
b1101 (
b1100 &
0$
#5678000
b1110 #
b1110 '
b1110 (
b1101 &
0$
#5679000
b1111 #
b1111 '
b1111 (
b1110 &
0$
#5680000
b10000 #
b10000 '
b10000 (
b1111 &
0$
#5681000
b10001 #
b10001 '
b10001 (
b10000 &
0$
#5682000
b10010 #
b10010 '
b10010 (
b10001 &
0$
#5683000
b10011 #
b10011 '
b10011 (
b10010 &
0$
#5684000
b10100 #
b10100 '
b10100 (
b10011 &
0$
#5685000
b10101 #
b10101 '
b10101 (
b10100 &
0$
#5686000
b10110 #
b10110 '
b10110 (
b10101 &
0$
#5687000
b10111 #
b10111 '
b10111 (
b10110 &
0$
#5688000
b11000 #
b11000 '
b11000 (
b10111 &
0$
#5689000
b11001 #
b11001 '
b11001 (
b11000 &
0$
#5690000
b11010 #
b11010 '
b11010 (
b11001 &
0$
#5691000
b11011 #
b11011 '
b11011 (
b11010 &
0$
#5692000
b11100 #
b11100 '
b11100 (
b11011 &
0$
#5693000
b11101 #
b11101 '
b11101 (
b11100 &
0$
#5694000
b11110 #
b11110 '
b11110 (
b11101 &
0$
#5695000
b11111 #
b11111 '
b11111 (
b11110 &
0$
#5696000
b0 #
b0 '
b0 (
b11111 &
0$
#5697000
b1 #
b1 '
b1 (
b0 &
0$
#5698000
b10 #
b10 '
b10 (
b1 &
0$
#5699000
b11 #
b11 '
b11 (
b10 &
0$
#5700000
b100 #
b100 '
b100 (
b11 &
0$
#5701000
b101 #
b101 '
b101 (
b100 &
0$
#5702000
b110 #
b110 '
b110 (
b101 &
0$
#5703000
b111 #
b111 '
b111 (
b110 &
0$
#5704000
b1000 #
b1000 '
b1000 (
b111 &
0$
#5705000
b1001 #
b1001 '
b1001 (
b1000 &
0$
#5706000
b1010 #
b1010 '
b1010 (
b1001 &
0$
#5707000
b1011 #
b1011 '
b1011 (
b1010 &
0$
#5708000
b1100 #
b1100 '
b1100 (
b1011 &
0$
#5709000
b1101 #
b1101 '
b1101 (
b1100 &
0$
#5710000
b1110 #
b1110 '
b1110 (
b1101 &
0$
#5711000
b1111 #
b1111 '
b1111 (
b1110 &
0$
#5712000
b10000 #
b10000 '
b10000 (
b1111 &
0$
#5713000
b10001 #
b10001 '
b10001 (
b10000 &
0$
#5714000
b10010 #
b10010 '
b10010 (
b10001 &
0$
#5715000
b10011 #
b10011 '
b10011 (
b10010 &
0$
#5716000
b10100 #
b10100 '
b10100 (
b10011 &
0$
#5717000
b10101 #
b10101 '
b10101 (
b10100 &
0$
#5718000
b10110 #
b10110 '
b10110 (
b10101 &
0$
#5719000
b10111 #
b10111 '
b10111 (
b10110 &
0$
#5720000
b11000 #
b11000 '
b11000 (
b10111 &
0$
#5721000
b11001 #
b11001 '
b11001 (
b11000 &
0$
#5722000
b11010 #
b11010 '
b11010 (
b11001 &
0$
#5723000
b11011 #
b11011 '
b11011 (
b11010 &
0$
#5724000
b11100 #
b11100 '
b11100 (
b11011 &
0$
#5725000
b11101 #
b11101 '
b11101 (
b11100 &
0$
#5726000
b11110 #
b11110 '
b11110 (
b11101 &
0$
#5727000
b11111 #
b11111 '
b11111 (
b11110 &
0$
#5728000
b0 #
b0 '
b0 (
b11111 &
0$
#5729000
b1 #
b1 '
b1 (
b0 &
0$
#5730000
b10 #
b10 '
b10 (
b1 &
0$
#5731000
b11 #
b11 '
b11 (
b10 &
0$
#5732000
b100 #
b100 '
b100 (
b11 &
0$
#5733000
b101 #
b101 '
b101 (
b100 &
0$
#5734000
b110 #
b110 '
b110 (
b101 &
0$
#5735000
b111 #
b111 '
b111 (
b110 &
0$
#5736000
b1000 #
b1000 '
b1000 (
b111 &
0$
#5737000
b1001 #
b1001 '
b1001 (
b1000 &
0$
#5738000
b1010 #
b1010 '
b1010 (
b1001 &
0$
#5739000
b1011 #
b1011 '
b1011 (
b1010 &
0$
#5740000
b1100 #
b1100 '
b1100 (
b1011 &
0$
#5741000
b1101 #
b1101 '
b1101 (
b1100 &
0$
#5742000
b1110 #
b1110 '
b1110 (
b1101 &
0$
#5743000
b1111 #
b1111 '
b1111 (
b1110 &
0$
#5744000
b10000 #
b10000 '
b10000 (
b1111 &
0$
#5745000
b10001 #
b10001 '
b10001 (
b10000 &
0$
#5746000
b10010 #
b10010 '
b10010 (
b10001 &
0$
#5747000
b10011 #
b10011 '
b10011 (
b10010 &
0$
#5748000
b10100 #
b10100 '
b10100 (
b10011 &
0$
#5749000
b10101 #
b10101 '
b10101 (
b10100 &
0$
#5750000
b10110 #
b10110 '
b10110 (
b10101 &
0$
#5751000
b10111 #
b10111 '
b10111 (
b10110 &
0$
#5752000
b11000 #
b11000 '
b11000 (
b10111 &
0$
#5753000
b11001 #
b11001 '
b11001 (
b11000 &
0$
#5754000
b11010 #
b11010 '
b11010 (
b11001 &
0$
#5755000
b11011 #
b11011 '
b11011 (
b11010 &
0$
#5756000
b11100 #
b11100 '
b11100 (
b11011 &
0$
#5757000
b11101 #
b11101 '
b11101 (
b11100 &
0$
#5758000
b11110 #
b11110 '
b11110 (
b11101 &
0$
#5759000
b11111 #
b11111 '
b11111 (
b11110 &
0$
#5760000
b0 #
b0 '
b0 (
b11111 &
0$
#5761000
b1 #
b1 '
b1 (
b0 &
0$
#5762000
b10 #
b10 '
b10 (
b1 &
0$
#5763000
b11 #
b11 '
b11 (
b10 &
0$
#5764000
b100 #
b100 '
b100 (
b11 &
0$
#5765000
b101 #
b101 '
b101 (
b100 &
0$
#5766000
b110 #
b110 '
b110 (
b101 &
0$
#5767000
b111 #
b111 '
b111 (
b110 &
0$
#5768000
b1000 #
b1000 '
b1000 (
b111 &
0$
#5769000
b1001 #
b1001 '
b1001 (
b1000 &
0$
#5770000
b1010 #
b1010 '
b1010 (
b1001 &
0$
#5771000
b1011 #
b1011 '
b1011 (
b1010 &
0$
#5772000
b1100 #
b1100 '
b1100 (
b1011 &
0$
#5773000
b1101 #
b1101 '
b1101 (
b1100 &
0$
#5774000
b1110 #
b1110 '
b1110 (
b1101 &
0$
#5775000
b1111 #
b1111 '
b1111 (
b1110 &
0$
#5776000
b10000 #
b10000 '
b10000 (
b1111 &
0$
#5777000
b10001 #
b10001 '
b10001 (
b10000 &
0$
#5778000
b10010 #
b10010 '
b10010 (
b10001 &
0$
#5779000
b10011 #
b10011 '
b10011 (
b10010 &
0$
#5780000
b10100 #
b10100 '
b10100 (
b10011 &
0$
#5781000
b10101 #
b10101 '
b10101 (
b10100 &
0$
#5782000
b10110 #
b10110 '
b10110 (
b10101 &
0$
#5783000
b10111 #
b10111 '
b10111 (
b10110 &
0$
#5784000
b11000 #
b11000 '
b11000 (
b10111 &
0$
#5785000
b11001 #
b11001 '
b11001 (
b11000 &
0$
#5786000
b11010 #
b11010 '
b11010 (
b11001 &
0$
#5787000
b11011 #
b11011 '
b11011 (
b11010 &
0$
#5788000
b11100 #
b11100 '
b11100 (
b11011 &
0$
#5789000
b11101 #
b11101 '
b11101 (
b11100 &
0$
#5790000
b11110 #
b11110 '
b11110 (
b11101 &
0$
#5791000
b11111 #
b11111 '
b11111 (
b11110 &
0$
#5792000
b0 #
b0 '
b0 (
b11111 &
0$
#5793000
b1 #
b1 '
b1 (
b0 &
0$
#5794000
b10 #
b10 '
b10 (
b1 &
0$
#5795000
b11 #
b11 '
b11 (
b10 &
0$
#5796000
b100 #
b100 '
b100 (
b11 &
0$
#5797000
b101 #
b101 '
b101 (
b100 &
0$
#5798000
b110 #
b110 '
b110 (
b101 &
0$
#5799000
b111 #
b111 '
b111 (
b110 &
0$
#5800000
b1000 #
b1000 '
b1000 (
b111 &
0$
#5801000
b1001 #
b1001 '
b1001 (
b1000 &
0$
#5802000
b1010 #
b1010 '
b1010 (
b1001 &
0$
#5803000
b1011 #
b1011 '
b1011 (
b1010 &
0$
#5804000
b1100 #
b1100 '
b1100 (
b1011 &
0$
#5805000
b1101 #
b1101 '
b1101 (
b1100 &
0$
#5806000
b1110 #
b1110 '
b1110 (
b1101 &
0$
#5807000
b1111 #
b1111 '
b1111 (
b1110 &
0$
#5808000
b10000 #
b10000 '
b10000 (
b1111 &
0$
#5809000
b10001 #
b10001 '
b10001 (
b10000 &
0$
#5810000
b10010 #
b10010 '
b10010 (
b10001 &
0$
#5811000
b10011 #
b10011 '
b10011 (
b10010 &
0$
#5812000
b10100 #
b10100 '
b10100 (
b10011 &
0$
#5813000
b10101 #
b10101 '
b10101 (
b10100 &
0$
#5814000
b10110 #
b10110 '
b10110 (
b10101 &
0$
#5815000
b10111 #
b10111 '
b10111 (
b10110 &
0$
#5816000
b11000 #
b11000 '
b11000 (
b10111 &
0$
#5817000
b11001 #
b11001 '
b11001 (
b11000 &
0$
#5818000
b11010 #
b11010 '
b11010 (
b11001 &
0$
#5819000
b11011 #
b11011 '
b11011 (
b11010 &
0$
#5820000
b11100 #
b11100 '
b11100 (
b11011 &
0$
#5821000
b11101 #
b11101 '
b11101 (
b11100 &
0$
#5822000
b11110 #
b11110 '
b11110 (
b11101 &
0$
#5823000
b11111 #
b11111 '
b11111 (
b11110 &
0$
#5824000
b0 #
b0 '
b0 (
b11111 &
0$
#5825000
b1 #
b1 '
b1 (
b0 &
0$
#5826000
b10 #
b10 '
b10 (
b1 &
0$
#5827000
b11 #
b11 '
b11 (
b10 &
0$
#5828000
b100 #
b100 '
b100 (
b11 &
0$
#5829000
b101 #
b101 '
b101 (
b100 &
0$
#5830000
b110 #
b110 '
b110 (
b101 &
0$
#5831000
b111 #
b111 '
b111 (
b110 &
0$
#5832000
b1000 #
b1000 '
b1000 (
b111 &
0$
#5833000
b1001 #
b1001 '
b1001 (
b1000 &
0$
#5834000
b1010 #
b1010 '
b1010 (
b1001 &
0$
#5835000
b1011 #
b1011 '
b1011 (
b1010 &
0$
#5836000
b1100 #
b1100 '
b1100 (
b1011 &
0$
#5837000
b1101 #
b1101 '
b1101 (
b1100 &
0$
#5838000
b1110 #
b1110 '
b1110 (
b1101 &
0$
#5839000
b1111 #
b1111 '
b1111 (
b1110 &
0$
#5840000
b10000 #
b10000 '
b10000 (
b1111 &
0$
#5841000
b10001 #
b10001 '
b10001 (
b10000 &
0$
#5842000
b10010 #
b10010 '
b10010 (
b10001 &
0$
#5843000
b10011 #
b10011 '
b10011 (
b10010 &
0$
#5844000
b10100 #
b10100 '
b10100 (
b10011 &
0$
#5845000
b10101 #
b10101 '
b10101 (
b10100 &
0$
#5846000
b10110 #
b10110 '
b10110 (
b10101 &
0$
#5847000
b10111 #
b10111 '
b10111 (
b10110 &
0$
#5848000
b11000 #
b11000 '
b11000 (
b10111 &
0$
#5849000
b11001 #
b11001 '
b11001 (
b11000 &
0$
#5850000
b11010 #
b11010 '
b11010 (
b11001 &
0$
#5851000
b11011 #
b11011 '
b11011 (
b11010 &
0$
#5852000
b11100 #
b11100 '
b11100 (
b11011 &
0$
#5853000
b11101 #
b11101 '
b11101 (
b11100 &
0$
#5854000
b11110 #
b11110 '
b11110 (
b11101 &
0$
#5855000
b11111 #
b11111 '
b11111 (
b11110 &
0$
#5856000
b0 #
b0 '
b0 (
b11111 &
0$
#5857000
b1 #
b1 '
b1 (
b0 &
0$
#5858000
b10 #
b10 '
b10 (
b1 &
0$
#5859000
b11 #
b11 '
b11 (
b10 &
0$
#5860000
b100 #
b100 '
b100 (
b11 &
0$
#5861000
b101 #
b101 '
b101 (
b100 &
0$
#5862000
b110 #
b110 '
b110 (
b101 &
0$
#5863000
b111 #
b111 '
b111 (
b110 &
0$
#5864000
b1000 #
b1000 '
b1000 (
b111 &
0$
#5865000
b1001 #
b1001 '
b1001 (
b1000 &
0$
#5866000
b1010 #
b1010 '
b1010 (
b1001 &
0$
#5867000
b1011 #
b1011 '
b1011 (
b1010 &
0$
#5868000
b1100 #
b1100 '
b1100 (
b1011 &
0$
#5869000
b1101 #
b1101 '
b1101 (
b1100 &
0$
#5870000
b1110 #
b1110 '
b1110 (
b1101 &
0$
#5871000
b1111 #
b1111 '
b1111 (
b1110 &
0$
#5872000
b10000 #
b10000 '
b10000 (
b1111 &
0$
#5873000
b10001 #
b10001 '
b10001 (
b10000 &
0$
#5874000
b10010 #
b10010 '
b10010 (
b10001 &
0$
#5875000
b10011 #
b10011 '
b10011 (
b10010 &
0$
#5876000
b10100 #
b10100 '
b10100 (
b10011 &
0$
#5877000
b10101 #
b10101 '
b10101 (
b10100 &
0$
#5878000
b10110 #
b10110 '
b10110 (
b10101 &
0$
#5879000
b10111 #
b10111 '
b10111 (
b10110 &
0$
#5880000
b11000 #
b11000 '
b11000 (
b10111 &
0$
#5881000
b11001 #
b11001 '
b11001 (
b11000 &
0$
#5882000
b11010 #
b11010 '
b11010 (
b11001 &
0$
#5883000
b11011 #
b11011 '
b11011 (
b11010 &
0$
#5884000
b11100 #
b11100 '
b11100 (
b11011 &
0$
#5885000
b11101 #
b11101 '
b11101 (
b11100 &
0$
#5886000
b11110 #
b11110 '
b11110 (
b11101 &
0$
#5887000
b11111 #
b11111 '
b11111 (
b11110 &
0$
#5888000
b0 #
b0 '
b0 (
b11111 &
0$
#5889000
b1 #
b1 '
b1 (
b0 &
0$
#5890000
b10 #
b10 '
b10 (
b1 &
0$
#5891000
b11 #
b11 '
b11 (
b10 &
0$
#5892000
b100 #
b100 '
b100 (
b11 &
0$
#5893000
b101 #
b101 '
b101 (
b100 &
0$
#5894000
b110 #
b110 '
b110 (
b101 &
0$
#5895000
b111 #
b111 '
b111 (
b110 &
0$
#5896000
b1000 #
b1000 '
b1000 (
b111 &
0$
#5897000
b1001 #
b1001 '
b1001 (
b1000 &
0$
#5898000
b1010 #
b1010 '
b1010 (
b1001 &
0$
#5899000
b1011 #
b1011 '
b1011 (
b1010 &
0$
#5900000
b1100 #
b1100 '
b1100 (
b1011 &
0$
#5901000
b1101 #
b1101 '
b1101 (
b1100 &
0$
#5902000
b1110 #
b1110 '
b1110 (
b1101 &
0$
#5903000
b1111 #
b1111 '
b1111 (
b1110 &
0$
#5904000
b10000 #
b10000 '
b10000 (
b1111 &
0$
#5905000
b10001 #
b10001 '
b10001 (
b10000 &
0$
#5906000
b10010 #
b10010 '
b10010 (
b10001 &
0$
#5907000
b10011 #
b10011 '
b10011 (
b10010 &
0$
#5908000
b10100 #
b10100 '
b10100 (
b10011 &
0$
#5909000
b10101 #
b10101 '
b10101 (
b10100 &
0$
#5910000
b10110 #
b10110 '
b10110 (
b10101 &
0$
#5911000
b10111 #
b10111 '
b10111 (
b10110 &
0$
#5912000
b11000 #
b11000 '
b11000 (
b10111 &
0$
#5913000
b11001 #
b11001 '
b11001 (
b11000 &
0$
#5914000
b11010 #
b11010 '
b11010 (
b11001 &
0$
#5915000
b11011 #
b11011 '
b11011 (
b11010 &
0$
#5916000
b11100 #
b11100 '
b11100 (
b11011 &
0$
#5917000
b11101 #
b11101 '
b11101 (
b11100 &
0$
#5918000
b11110 #
b11110 '
b11110 (
b11101 &
0$
#5919000
b11111 #
b11111 '
b11111 (
b11110 &
0$
#5920000
b0 #
b0 '
b0 (
b11111 &
0$
#5921000
b1 #
b1 '
b1 (
b0 &
0$
#5922000
b10 #
b10 '
b10 (
b1 &
0$
#5923000
b11 #
b11 '
b11 (
b10 &
0$
#5924000
b100 #
b100 '
b100 (
b11 &
0$
#5925000
b101 #
b101 '
b101 (
b100 &
0$
#5926000
b110 #
b110 '
b110 (
b101 &
0$
#5927000
b111 #
b111 '
b111 (
b110 &
0$
#5928000
b1000 #
b1000 '
b1000 (
b111 &
0$
#5929000
b1001 #
b1001 '
b1001 (
b1000 &
0$
#5930000
b1010 #
b1010 '
b1010 (
b1001 &
0$
#5931000
b1011 #
b1011 '
b1011 (
b1010 &
0$
#5932000
b1100 #
b1100 '
b1100 (
b1011 &
0$
#5933000
b1101 #
b1101 '
b1101 (
b1100 &
0$
#5934000
b1110 #
b1110 '
b1110 (
b1101 &
0$
#5935000
b1111 #
b1111 '
b1111 (
b1110 &
0$
#5936000
b10000 #
b10000 '
b10000 (
b1111 &
0$
#5937000
b10001 #
b10001 '
b10001 (
b10000 &
0$
#5938000
b10010 #
b10010 '
b10010 (
b10001 &
0$
#5939000
b10011 #
b10011 '
b10011 (
b10010 &
0$
#5940000
b10100 #
b10100 '
b10100 (
b10011 &
0$
#5941000
b10101 #
b10101 '
b10101 (
b10100 &
0$
#5942000
b10110 #
b10110 '
b10110 (
b10101 &
0$
#5943000
b10111 #
b10111 '
b10111 (
b10110 &
0$
#5944000
b11000 #
b11000 '
b11000 (
b10111 &
0$
#5945000
b11001 #
b11001 '
b11001 (
b11000 &
0$
#5946000
b11010 #
b11010 '
b11010 (
b11001 &
0$
#5947000
b11011 #
b11011 '
b11011 (
b11010 &
0$
#5948000
b11100 #
b11100 '
b11100 (
b11011 &
0$
#5949000
b11101 #
b11101 '
b11101 (
b11100 &
0$
#5950000
b11110 #
b11110 '
b11110 (
b11101 &
0$
#5951000
b11111 #
b11111 '
b11111 (
b11110 &
0$
#5952000
b0 #
b0 '
b0 (
b11111 &
0$
#5953000
b1 #
b1 '
b1 (
b0 &
0$
#5954000
b10 #
b10 '
b10 (
b1 &
0$
#5955000
b11 #
b11 '
b11 (
b10 &
0$
#5956000
b100 #
b100 '
b100 (
b11 &
0$
#5957000
b101 #
b101 '
b101 (
b100 &
0$
#5958000
b110 #
b110 '
b110 (
b101 &
0$
#5959000
b111 #
b111 '
b111 (
b110 &
0$
#5960000
b1000 #
b1000 '
b1000 (
b111 &
0$
#5961000
b1001 #
b1001 '
b1001 (
b1000 &
0$
#5962000
b1010 #
b1010 '
b1010 (
b1001 &
0$
#5963000
b1011 #
b1011 '
b1011 (
b1010 &
0$
#5964000
b1100 #
b1100 '
b1100 (
b1011 &
0$
#5965000
b1101 #
b1101 '
b1101 (
b1100 &
0$
#5966000
b1110 #
b1110 '
b1110 (
b1101 &
0$
#5967000
b1111 #
b1111 '
b1111 (
b1110 &
0$
#5968000
b10000 #
b10000 '
b10000 (
b1111 &
0$
#5969000
b10001 #
b10001 '
b10001 (
b10000 &
0$
#5970000
b10010 #
b10010 '
b10010 (
b10001 &
0$
#5971000
b10011 #
b10011 '
b10011 (
b10010 &
0$
#5972000
b10100 #
b10100 '
b10100 (
b10011 &
0$
#5973000
b10101 #
b10101 '
b10101 (
b10100 &
0$
#5974000
b10110 #
b10110 '
b10110 (
b10101 &
0$
#5975000
b10111 #
b10111 '
b10111 (
b10110 &
0$
#5976000
b11000 #
b11000 '
b11000 (
b10111 &
0$
#5977000
b11001 #
b11001 '
b11001 (
b11000 &
0$
#5978000
b11010 #
b11010 '
b11010 (
b11001 &
0$
#5979000
b11011 #
b11011 '
b11011 (
b11010 &
0$
#5980000
b11100 #
b11100 '
b11100 (
b11011 &
0$
#5981000
b11101 #
b11101 '
b11101 (
b11100 &
0$
#5982000
b11110 #
b11110 '
b11110 (
b11101 &
0$
#5983000
b11111 #
b11111 '
b11111 (
b11110 &
0$
#5984000
b0 #
b0 '
b0 (
b11111 &
0$
#5985000
b1 #
b1 '
b1 (
b0 &
0$
#5986000
b10 #
b10 '
b10 (
b1 &
0$
#5987000
b11 #
b11 '
b11 (
b10 &
0$
#5988000
b100 #
b100 '
b100 (
b11 &
0$
#5989000
b101 #
b101 '
b101 (
b100 &
0$
#5990000
b110 #
b110 '
b110 (
b101 &
0$
#5991000
b111 #
b111 '
b111 (
b110 &
0$
#5992000
b1000 #
b1000 '
b1000 (
b111 &
0$
#5993000
b1001 #
b1001 '
b1001 (
b1000 &
0$
#5994000
b1010 #
b1010 '
b1010 (
b1001 &
0$
#5995000
b1011 #
b1011 '
b1011 (
b1010 &
0$
#5996000
b1100 #
b1100 '
b1100 (
b1011 &
0$
#5997000
b1101 #
b1101 '
b1101 (
b1100 &
0$
#5998000
b1110 #
b1110 '
b1110 (
b1101 &
0$
#5999000
b1111 #
b1111 '
b1111 (
b1110 &
0$
#6000000
b10000 #
b10000 '
b10000 (
b1111 &
0$
#6001000
b10001 #
b10001 '
b10001 (
b10000 &
0$
#6002000
b10010 #
b10010 '
b10010 (
b10001 &
0$
#6003000
b10011 #
b10011 '
b10011 (
b10010 &
0$
#6004000
b10100 #
b10100 '
b10100 (
b10011 &
0$
#6005000
b10101 #
b10101 '
b10101 (
b10100 &
0$
#6006000
b10110 #
b10110 '
b10110 (
b10101 &
0$
#6007000
b10111 #
b10111 '
b10111 (
b10110 &
0$
#6008000
b11000 #
b11000 '
b11000 (
b10111 &
0$
#6009000
b11001 #
b11001 '
b11001 (
b11000 &
0$
#6010000
b11010 #
b11010 '
b11010 (
b11001 &
0$
#6011000
b11011 #
b11011 '
b11011 (
b11010 &
0$
#6012000
b11100 #
b11100 '
b11100 (
b11011 &
0$
#6013000
b11101 #
b11101 '
b11101 (
b11100 &
0$
#6014000
b11110 #
b11110 '
b11110 (
b11101 &
0$
#6015000
b11111 #
b11111 '
b11111 (
b11110 &
0$
#6016000
b0 #
b0 '
b0 (
b11111 &
0$
#6017000
b1 #
b1 '
b1 (
b0 &
0$
#6018000
b10 #
b10 '
b10 (
b1 &
0$
#6019000
b11 #
b11 '
b11 (
b10 &
0$
#6020000
b100 #
b100 '
b100 (
b11 &
0$
#6021000
b101 #
b101 '
b101 (
b100 &
0$
#6022000
b110 #
b110 '
b110 (
b101 &
0$
#6023000
b111 #
b111 '
b111 (
b110 &
0$
#6024000
b1000 #
b1000 '
b1000 (
b111 &
0$
#6025000
b1001 #
b1001 '
b1001 (
b1000 &
0$
#6026000
b1010 #
b1010 '
b1010 (
b1001 &
0$
#6027000
b1011 #
b1011 '
b1011 (
b1010 &
0$
#6028000
b1100 #
b1100 '
b1100 (
b1011 &
0$
#6029000
b1101 #
b1101 '
b1101 (
b1100 &
0$
#6030000
b1110 #
b1110 '
b1110 (
b1101 &
0$
#6031000
b1111 #
b1111 '
b1111 (
b1110 &
0$
#6032000
b10000 #
b10000 '
b10000 (
b1111 &
0$
#6033000
b10001 #
b10001 '
b10001 (
b10000 &
0$
#6034000
b10010 #
b10010 '
b10010 (
b10001 &
0$
#6035000
b10011 #
b10011 '
b10011 (
b10010 &
0$
#6036000
b10100 #
b10100 '
b10100 (
b10011 &
0$
#6037000
b10101 #
b10101 '
b10101 (
b10100 &
0$
#6038000
b10110 #
b10110 '
b10110 (
b10101 &
0$
#6039000
b10111 #
b10111 '
b10111 (
b10110 &
0$
#6040000
b11000 #
b11000 '
b11000 (
b10111 &
0$
#6041000
b11001 #
b11001 '
b11001 (
b11000 &
0$
#6042000
b11010 #
b11010 '
b11010 (
b11001 &
0$
#6043000
b11011 #
b11011 '
b11011 (
b11010 &
0$
#6044000
b11100 #
b11100 '
b11100 (
b11011 &
0$
#6045000
b11101 #
b11101 '
b11101 (
b11100 &
0$
#6046000
b11110 #
b11110 '
b11110 (
b11101 &
0$
#6047000
b11111 #
b11111 '
b11111 (
b11110 &
0$
#6048000
b0 #
b0 '
b0 (
b11111 &
0$
#6049000
b1 #
b1 '
b1 (
b0 &
0$
#6050000
b10 #
b10 '
b10 (
b1 &
0$
#6051000
b11 #
b11 '
b11 (
b10 &
0$
#6052000
b100 #
b100 '
b100 (
b11 &
0$
#6053000
b101 #
b101 '
b101 (
b100 &
0$
#6054000
b110 #
b110 '
b110 (
b101 &
0$
#6055000
b111 #
b111 '
b111 (
b110 &
0$
#6056000
b1000 #
b1000 '
b1000 (
b111 &
0$
#6057000
b1001 #
b1001 '
b1001 (
b1000 &
0$
#6058000
b1010 #
b1010 '
b1010 (
b1001 &
0$
#6059000
b1011 #
b1011 '
b1011 (
b1010 &
0$
#6060000
b1100 #
b1100 '
b1100 (
b1011 &
0$
#6061000
b1101 #
b1101 '
b1101 (
b1100 &
0$
#6062000
b1110 #
b1110 '
b1110 (
b1101 &
0$
#6063000
b1111 #
b1111 '
b1111 (
b1110 &
0$
#6064000
b10000 #
b10000 '
b10000 (
b1111 &
0$
#6065000
b10001 #
b10001 '
b10001 (
b10000 &
0$
#6066000
b10010 #
b10010 '
b10010 (
b10001 &
0$
#6067000
b10011 #
b10011 '
b10011 (
b10010 &
0$
#6068000
b10100 #
b10100 '
b10100 (
b10011 &
0$
#6069000
b10101 #
b10101 '
b10101 (
b10100 &
0$
#6070000
b10110 #
b10110 '
b10110 (
b10101 &
0$
#6071000
b10111 #
b10111 '
b10111 (
b10110 &
0$
#6072000
b11000 #
b11000 '
b11000 (
b10111 &
0$
#6073000
b11001 #
b11001 '
b11001 (
b11000 &
0$
#6074000
b11010 #
b11010 '
b11010 (
b11001 &
0$
#6075000
b11011 #
b11011 '
b11011 (
b11010 &
0$
#6076000
b11100 #
b11100 '
b11100 (
b11011 &
0$
#6077000
b11101 #
b11101 '
b11101 (
b11100 &
0$
#6078000
b11110 #
b11110 '
b11110 (
b11101 &
0$
#6079000
b11111 #
b11111 '
b11111 (
b11110 &
0$
#6080000
b0 #
b0 '
b0 (
b11111 &
0$
#6081000
b1 #
b1 '
b1 (
b0 &
0$
#6082000
b10 #
b10 '
b10 (
b1 &
0$
#6083000
b11 #
b11 '
b11 (
b10 &
0$
#6084000
b100 #
b100 '
b100 (
b11 &
0$
#6085000
b101 #
b101 '
b101 (
b100 &
0$
#6086000
b110 #
b110 '
b110 (
b101 &
0$
#6087000
b111 #
b111 '
b111 (
b110 &
0$
#6088000
b1000 #
b1000 '
b1000 (
b111 &
0$
#6089000
b1001 #
b1001 '
b1001 (
b1000 &
0$
#6090000
b1010 #
b1010 '
b1010 (
b1001 &
0$
#6091000
b1011 #
b1011 '
b1011 (
b1010 &
0$
#6092000
b1100 #
b1100 '
b1100 (
b1011 &
0$
#6093000
b1101 #
b1101 '
b1101 (
b1100 &
0$
#6094000
b1110 #
b1110 '
b1110 (
b1101 &
0$
#6095000
b1111 #
b1111 '
b1111 (
b1110 &
0$
#6096000
b10000 #
b10000 '
b10000 (
b1111 &
0$
#6097000
b10001 #
b10001 '
b10001 (
b10000 &
0$
#6098000
b10010 #
b10010 '
b10010 (
b10001 &
0$
#6099000
b10011 #
b10011 '
b10011 (
b10010 &
0$
#6100000
b10100 #
b10100 '
b10100 (
b10011 &
0$
#6101000
b10101 #
b10101 '
b10101 (
b10100 &
0$
#6102000
b10110 #
b10110 '
b10110 (
b10101 &
0$
#6103000
b10111 #
b10111 '
b10111 (
b10110 &
0$
#6104000
b11000 #
b11000 '
b11000 (
b10111 &
0$
#6105000
b11001 #
b11001 '
b11001 (
b11000 &
0$
#6106000
b11010 #
b11010 '
b11010 (
b11001 &
0$
#6107000
b11011 #
b11011 '
b11011 (
b11010 &
0$
#6108000
b11100 #
b11100 '
b11100 (
b11011 &
0$
#6109000
b11101 #
b11101 '
b11101 (
b11100 &
0$
#6110000
b11110 #
b11110 '
b11110 (
b11101 &
0$
#6111000
b11111 #
b11111 '
b11111 (
b11110 &
0$
#6112000
b0 #
b0 '
b0 (
b11111 &
0$
#6113000
b1 #
b1 '
b1 (
b0 &
0$
#6114000
b10 #
b10 '
b10 (
b1 &
0$
#6115000
b11 #
b11 '
b11 (
b10 &
0$
#6116000
b100 #
b100 '
b100 (
b11 &
0$
#6117000
b101 #
b101 '
b101 (
b100 &
0$
#6118000
b110 #
b110 '
b110 (
b101 &
0$
#6119000
b111 #
b111 '
b111 (
b110 &
0$
#6120000
b1000 #
b1000 '
b1000 (
b111 &
0$
#6121000
b1001 #
b1001 '
b1001 (
b1000 &
0$
#6122000
b1010 #
b1010 '
b1010 (
b1001 &
0$
#6123000
b1011 #
b1011 '
b1011 (
b1010 &
0$
#6124000
b1100 #
b1100 '
b1100 (
b1011 &
0$
#6125000
b1101 #
b1101 '
b1101 (
b1100 &
0$
#6126000
b1110 #
b1110 '
b1110 (
b1101 &
0$
#6127000
b1111 #
b1111 '
b1111 (
b1110 &
0$
#6128000
b10000 #
b10000 '
b10000 (
b1111 &
0$
#6129000
b10001 #
b10001 '
b10001 (
b10000 &
0$
#6130000
b10010 #
b10010 '
b10010 (
b10001 &
0$
#6131000
b10011 #
b10011 '
b10011 (
b10010 &
0$
#6132000
b10100 #
b10100 '
b10100 (
b10011 &
0$
#6133000
b10101 #
b10101 '
b10101 (
b10100 &
0$
#6134000
b10110 #
b10110 '
b10110 (
b10101 &
0$
#6135000
b10111 #
b10111 '
b10111 (
b10110 &
0$
#6136000
b11000 #
b11000 '
b11000 (
b10111 &
0$
#6137000
b11001 #
b11001 '
b11001 (
b11000 &
0$
#6138000
b11010 #
b11010 '
b11010 (
b11001 &
0$
#6139000
b11011 #
b11011 '
b11011 (
b11010 &
0$
#6140000
b11100 #
b11100 '
b11100 (
b11011 &
0$
#6141000
b11101 #
b11101 '
b11101 (
b11100 &
0$
#6142000
b11110 #
b11110 '
b11110 (
b11101 &
0$
#6143000
b11111 #
b11111 '
b11111 (
b11110 &
0$
#6144000
b0 #
b0 '
b0 (
b11111 &
0$
#6145000
b1 #
b1 '
b1 (
b0 &
0$
#6146000
b10 #
b10 '
b10 (
b1 &
0$
#6147000
b11 #
b11 '
b11 (
b10 &
0$
#6148000
b100 #
b100 '
b100 (
b11 &
0$
#6149000
b101 #
b101 '
b101 (
b100 &
0$
#6150000
b110 #
b110 '
b110 (
b101 &
0$
#6151000
b111 #
b111 '
b111 (
b110 &
0$
#6152000
b1000 #
b1000 '
b1000 (
b111 &
0$
#6153000
b1001 #
b1001 '
b1001 (
b1000 &
0$
#6154000
b1010 #
b1010 '
b1010 (
b1001 &
0$
#6155000
b1011 #
b1011 '
b1011 (
b1010 &
0$
#6156000
b1100 #
b1100 '
b1100 (
b1011 &
0$
#6157000
b1101 #
b1101 '
b1101 (
b1100 &
0$
#6158000
b1110 #
b1110 '
b1110 (
b1101 &
0$
#6159000
b1111 #
b1111 '
b1111 (
b1110 &
0$
#6160000
b10000 #
b10000 '
b10000 (
b1111 &
0$
#6161000
b10001 #
b10001 '
b10001 (
b10000 &
0$
#6162000
b10010 #
b10010 '
b10010 (
b10001 &
0$
#6163000
b10011 #
b10011 '
b10011 (
b10010 &
0$
#6164000
b10100 #
b10100 '
b10100 (
b10011 &
0$
#6165000
b10101 #
b10101 '
b10101 (
b10100 &
0$
#6166000
b10110 #
b10110 '
b10110 (
b10101 &
0$
#6167000
b10111 #
b10111 '
b10111 (
b10110 &
0$
#6168000
b11000 #
b11000 '
b11000 (
b10111 &
0$
#6169000
b11001 #
b11001 '
b11001 (
b11000 &
0$
#6170000
b11010 #
b11010 '
b11010 (
b11001 &
0$
#6171000
b11011 #
b11011 '
b11011 (
b11010 &
0$
#6172000
b11100 #
b11100 '
b11100 (
b11011 &
0$
#6173000
b11101 #
b11101 '
b11101 (
b11100 &
0$
#6174000
b11110 #
b11110 '
b11110 (
b11101 &
0$
#6175000
b11111 #
b11111 '
b11111 (
b11110 &
0$
#6176000
b0 #
b0 '
b0 (
b11111 &
0$
#6177000
b1 #
b1 '
b1 (
b0 &
0$
#6178000
b10 #
b10 '
b10 (
b1 &
0$
#6179000
b11 #
b11 '
b11 (
b10 &
0$
#6180000
b100 #
b100 '
b100 (
b11 &
0$
#6181000
b101 #
b101 '
b101 (
b100 &
0$
#6182000
b110 #
b110 '
b110 (
b101 &
0$
#6183000
b111 #
b111 '
b111 (
b110 &
0$
#6184000
b1000 #
b1000 '
b1000 (
b111 &
0$
#6185000
b1001 #
b1001 '
b1001 (
b1000 &
0$
#6186000
b1010 #
b1010 '
b1010 (
b1001 &
0$
#6187000
b1011 #
b1011 '
b1011 (
b1010 &
0$
#6188000
b1100 #
b1100 '
b1100 (
b1011 &
0$
#6189000
b1101 #
b1101 '
b1101 (
b1100 &
0$
#6190000
b1110 #
b1110 '
b1110 (
b1101 &
0$
#6191000
b1111 #
b1111 '
b1111 (
b1110 &
0$
#6192000
b10000 #
b10000 '
b10000 (
b1111 &
0$
#6193000
b10001 #
b10001 '
b10001 (
b10000 &
0$
#6194000
b10010 #
b10010 '
b10010 (
b10001 &
0$
#6195000
b10011 #
b10011 '
b10011 (
b10010 &
0$
#6196000
b10100 #
b10100 '
b10100 (
b10011 &
0$
#6197000
b10101 #
b10101 '
b10101 (
b10100 &
0$
#6198000
b10110 #
b10110 '
b10110 (
b10101 &
0$
#6199000
b10111 #
b10111 '
b10111 (
b10110 &
0$
#6200000
b11000 #
b11000 '
b11000 (
b10111 &
0$
#6201000
b11001 #
b11001 '
b11001 (
b11000 &
0$
#6202000
b11010 #
b11010 '
b11010 (
b11001 &
0$
#6203000
b11011 #
b11011 '
b11011 (
b11010 &
0$
#6204000
b11100 #
b11100 '
b11100 (
b11011 &
0$
#6205000
b11101 #
b11101 '
b11101 (
b11100 &
0$
#6206000
b11110 #
b11110 '
b11110 (
b11101 &
0$
#6207000
b11111 #
b11111 '
b11111 (
b11110 &
0$
#6208000
b0 #
b0 '
b0 (
b11111 &
0$
#6209000
b1 #
b1 '
b1 (
b0 &
0$
#6210000
b10 #
b10 '
b10 (
b1 &
0$
#6211000
b11 #
b11 '
b11 (
b10 &
0$
#6212000
b100 #
b100 '
b100 (
b11 &
0$
#6213000
b101 #
b101 '
b101 (
b100 &
0$
#6214000
b110 #
b110 '
b110 (
b101 &
0$
#6215000
b111 #
b111 '
b111 (
b110 &
0$
#6216000
b1000 #
b1000 '
b1000 (
b111 &
0$
#6217000
b1001 #
b1001 '
b1001 (
b1000 &
0$
#6218000
b1010 #
b1010 '
b1010 (
b1001 &
0$
#6219000
b1011 #
b1011 '
b1011 (
b1010 &
0$
#6220000
b1100 #
b1100 '
b1100 (
b1011 &
0$
#6221000
b1101 #
b1101 '
b1101 (
b1100 &
0$
#6222000
b1110 #
b1110 '
b1110 (
b1101 &
0$
#6223000
b1111 #
b1111 '
b1111 (
b1110 &
0$
#6224000
b10000 #
b10000 '
b10000 (
b1111 &
0$
#6225000
b10001 #
b10001 '
b10001 (
b10000 &
0$
#6226000
b10010 #
b10010 '
b10010 (
b10001 &
0$
#6227000
b10011 #
b10011 '
b10011 (
b10010 &
0$
#6228000
b10100 #
b10100 '
b10100 (
b10011 &
0$
#6229000
b10101 #
b10101 '
b10101 (
b10100 &
0$
#6230000
b10110 #
b10110 '
b10110 (
b10101 &
0$
#6231000
b10111 #
b10111 '
b10111 (
b10110 &
0$
#6232000
b11000 #
b11000 '
b11000 (
b10111 &
0$
#6233000
b11001 #
b11001 '
b11001 (
b11000 &
0$
#6234000
b11010 #
b11010 '
b11010 (
b11001 &
0$
#6235000
b11011 #
b11011 '
b11011 (
b11010 &
0$
#6236000
b11100 #
b11100 '
b11100 (
b11011 &
0$
#6237000
b11101 #
b11101 '
b11101 (
b11100 &
0$
#6238000
b11110 #
b11110 '
b11110 (
b11101 &
0$
#6239000
b11111 #
b11111 '
b11111 (
b11110 &
0$
#6240000
b0 #
b0 '
b0 (
b11111 &
0$
#6241000
b1 #
b1 '
b1 (
b0 &
0$
#6242000
b10 #
b10 '
b10 (
b1 &
0$
#6243000
b11 #
b11 '
b11 (
b10 &
0$
#6244000
b100 #
b100 '
b100 (
b11 &
0$
#6245000
b101 #
b101 '
b101 (
b100 &
0$
#6246000
b110 #
b110 '
b110 (
b101 &
0$
#6247000
b111 #
b111 '
b111 (
b110 &
0$
#6248000
b1000 #
b1000 '
b1000 (
b111 &
0$
#6249000
b1001 #
b1001 '
b1001 (
b1000 &
0$
#6250000
b1010 #
b1010 '
b1010 (
b1001 &
0$
#6251000
b1011 #
b1011 '
b1011 (
b1010 &
0$
#6252000
b1100 #
b1100 '
b1100 (
b1011 &
0$
#6253000
b1101 #
b1101 '
b1101 (
b1100 &
0$
#6254000
b1110 #
b1110 '
b1110 (
b1101 &
0$
#6255000
b1111 #
b1111 '
b1111 (
b1110 &
0$
#6256000
b10000 #
b10000 '
b10000 (
b1111 &
0$
#6257000
b10001 #
b10001 '
b10001 (
b10000 &
0$
#6258000
b10010 #
b10010 '
b10010 (
b10001 &
0$
#6259000
b10011 #
b10011 '
b10011 (
b10010 &
0$
#6260000
b10100 #
b10100 '
b10100 (
b10011 &
0$
#6261000
b10101 #
b10101 '
b10101 (
b10100 &
0$
#6262000
b10110 #
b10110 '
b10110 (
b10101 &
0$
#6263000
b10111 #
b10111 '
b10111 (
b10110 &
0$
#6264000
b11000 #
b11000 '
b11000 (
b10111 &
0$
#6265000
b11001 #
b11001 '
b11001 (
b11000 &
0$
#6266000
b11010 #
b11010 '
b11010 (
b11001 &
0$
#6267000
b11011 #
b11011 '
b11011 (
b11010 &
0$
#6268000
b11100 #
b11100 '
b11100 (
b11011 &
0$
#6269000
b11101 #
b11101 '
b11101 (
b11100 &
0$
#6270000
b11110 #
b11110 '
b11110 (
b11101 &
0$
#6271000
b11111 #
b11111 '
b11111 (
b11110 &
0$
#6272000
b0 #
b0 '
b0 (
b11111 &
0$
#6273000
b1 #
b1 '
b1 (
b0 &
0$
#6274000
b10 #
b10 '
b10 (
b1 &
0$
#6275000
b11 #
b11 '
b11 (
b10 &
0$
#6276000
b100 #
b100 '
b100 (
b11 &
0$
#6277000
b101 #
b101 '
b101 (
b100 &
0$
#6278000
b110 #
b110 '
b110 (
b101 &
0$
#6279000
b111 #
b111 '
b111 (
b110 &
0$
#6280000
b1000 #
b1000 '
b1000 (
b111 &
0$
#6281000
b1001 #
b1001 '
b1001 (
b1000 &
0$
#6282000
b1010 #
b1010 '
b1010 (
b1001 &
0$
#6283000
b1011 #
b1011 '
b1011 (
b1010 &
0$
#6284000
b1100 #
b1100 '
b1100 (
b1011 &
0$
#6285000
b1101 #
b1101 '
b1101 (
b1100 &
0$
#6286000
b1110 #
b1110 '
b1110 (
b1101 &
0$
#6287000
b1111 #
b1111 '
b1111 (
b1110 &
0$
#6288000
b10000 #
b10000 '
b10000 (
b1111 &
0$
#6289000
b10001 #
b10001 '
b10001 (
b10000 &
0$
#6290000
b10010 #
b10010 '
b10010 (
b10001 &
0$
#6291000
b10011 #
b10011 '
b10011 (
b10010 &
0$
#6292000
b10100 #
b10100 '
b10100 (
b10011 &
0$
#6293000
b10101 #
b10101 '
b10101 (
b10100 &
0$
#6294000
b10110 #
b10110 '
b10110 (
b10101 &
0$
#6295000
b10111 #
b10111 '
b10111 (
b10110 &
0$
#6296000
b11000 #
b11000 '
b11000 (
b10111 &
0$
#6297000
b11001 #
b11001 '
b11001 (
b11000 &
0$
#6298000
b11010 #
b11010 '
b11010 (
b11001 &
0$
#6299000
b11011 #
b11011 '
b11011 (
b11010 &
0$
#6300000
b11100 #
b11100 '
b11100 (
b11011 &
0$
#6301000
b11101 #
b11101 '
b11101 (
b11100 &
0$
#6302000
b11110 #
b11110 '
b11110 (
b11101 &
0$
#6303000
b11111 #
b11111 '
b11111 (
b11110 &
0$
#6304000
b0 #
b0 '
b0 (
b11111 &
0$
#6305000
b1 #
b1 '
b1 (
b0 &
0$
#6306000
b10 #
b10 '
b10 (
b1 &
0$
#6307000
b11 #
b11 '
b11 (
b10 &
0$
#6308000
b100 #
b100 '
b100 (
b11 &
0$
#6309000
b101 #
b101 '
b101 (
b100 &
0$
#6310000
b110 #
b110 '
b110 (
b101 &
0$
#6311000
b111 #
b111 '
b111 (
b110 &
0$
#6312000
b1000 #
b1000 '
b1000 (
b111 &
0$
#6313000
b1001 #
b1001 '
b1001 (
b1000 &
0$
#6314000
b1010 #
b1010 '
b1010 (
b1001 &
0$
#6315000
b1011 #
b1011 '
b1011 (
b1010 &
0$
#6316000
b1100 #
b1100 '
b1100 (
b1011 &
0$
#6317000
b1101 #
b1101 '
b1101 (
b1100 &
0$
#6318000
b1110 #
b1110 '
b1110 (
b1101 &
0$
#6319000
b1111 #
b1111 '
b1111 (
b1110 &
0$
#6320000
b10000 #
b10000 '
b10000 (
b1111 &
0$
#6321000
b10001 #
b10001 '
b10001 (
b10000 &
0$
#6322000
b10010 #
b10010 '
b10010 (
b10001 &
0$
#6323000
b10011 #
b10011 '
b10011 (
b10010 &
0$
#6324000
b10100 #
b10100 '
b10100 (
b10011 &
0$
#6325000
b10101 #
b10101 '
b10101 (
b10100 &
0$
#6326000
b10110 #
b10110 '
b10110 (
b10101 &
0$
#6327000
b10111 #
b10111 '
b10111 (
b10110 &
0$
#6328000
b11000 #
b11000 '
b11000 (
b10111 &
0$
#6329000
b11001 #
b11001 '
b11001 (
b11000 &
0$
#6330000
b11010 #
b11010 '
b11010 (
b11001 &
0$
#6331000
b11011 #
b11011 '
b11011 (
b11010 &
0$
#6332000
b11100 #
b11100 '
b11100 (
b11011 &
0$
#6333000
b11101 #
b11101 '
b11101 (
b11100 &
0$
#6334000
b11110 #
b11110 '
b11110 (
b11101 &
0$
#6335000
b11111 #
b11111 '
b11111 (
b11110 &
0$
#6336000
b0 #
b0 '
b0 (
b11111 &
0$
#6337000
b1 #
b1 '
b1 (
b0 &
0$
#6338000
b10 #
b10 '
b10 (
b1 &
0$
#6339000
b11 #
b11 '
b11 (
b10 &
0$
#6340000
b100 #
b100 '
b100 (
b11 &
0$
#6341000
b101 #
b101 '
b101 (
b100 &
0$
#6342000
b110 #
b110 '
b110 (
b101 &
0$
#6343000
b111 #
b111 '
b111 (
b110 &
0$
#6344000
b1000 #
b1000 '
b1000 (
b111 &
0$
#6345000
b1001 #
b1001 '
b1001 (
b1000 &
0$
#6346000
b1010 #
b1010 '
b1010 (
b1001 &
0$
#6347000
b1011 #
b1011 '
b1011 (
b1010 &
0$
#6348000
b1100 #
b1100 '
b1100 (
b1011 &
0$
#6349000
b1101 #
b1101 '
b1101 (
b1100 &
0$
#6350000
b1110 #
b1110 '
b1110 (
b1101 &
0$
#6351000
b1111 #
b1111 '
b1111 (
b1110 &
0$
#6352000
b10000 #
b10000 '
b10000 (
b1111 &
0$
#6353000
b10001 #
b10001 '
b10001 (
b10000 &
0$
#6354000
b10010 #
b10010 '
b10010 (
b10001 &
0$
#6355000
b10011 #
b10011 '
b10011 (
b10010 &
0$
#6356000
b10100 #
b10100 '
b10100 (
b10011 &
0$
#6357000
b10101 #
b10101 '
b10101 (
b10100 &
0$
#6358000
b10110 #
b10110 '
b10110 (
b10101 &
0$
#6359000
b10111 #
b10111 '
b10111 (
b10110 &
0$
#6360000
b11000 #
b11000 '
b11000 (
b10111 &
0$
#6361000
b11001 #
b11001 '
b11001 (
b11000 &
0$
#6362000
b11010 #
b11010 '
b11010 (
b11001 &
0$
#6363000
b11011 #
b11011 '
b11011 (
b11010 &
0$
#6364000
b11100 #
b11100 '
b11100 (
b11011 &
0$
#6365000
b11101 #
b11101 '
b11101 (
b11100 &
0$
#6366000
b11110 #
b11110 '
b11110 (
b11101 &
0$
#6367000
b11111 #
b11111 '
b11111 (
b11110 &
0$
#6368000
b0 #
b0 '
b0 (
b11111 &
0$
#6369000
b1 #
b1 '
b1 (
b0 &
0$
#6370000
b10 #
b10 '
b10 (
b1 &
0$
#6371000
b11 #
b11 '
b11 (
b10 &
0$
#6372000
b100 #
b100 '
b100 (
b11 &
0$
#6373000
b101 #
b101 '
b101 (
b100 &
0$
#6374000
b110 #
b110 '
b110 (
b101 &
0$
#6375000
b111 #
b111 '
b111 (
b110 &
0$
#6376000
b1000 #
b1000 '
b1000 (
b111 &
0$
#6377000
b1001 #
b1001 '
b1001 (
b1000 &
0$
#6378000
b1010 #
b1010 '
b1010 (
b1001 &
0$
#6379000
b1011 #
b1011 '
b1011 (
b1010 &
0$
#6380000
b1100 #
b1100 '
b1100 (
b1011 &
0$
#6381000
b1101 #
b1101 '
b1101 (
b1100 &
0$
#6382000
b1110 #
b1110 '
b1110 (
b1101 &
0$
#6383000
b1111 #
b1111 '
b1111 (
b1110 &
0$
#6384000
b10000 #
b10000 '
b10000 (
b1111 &
0$
#6385000
b10001 #
b10001 '
b10001 (
b10000 &
0$
#6386000
b10010 #
b10010 '
b10010 (
b10001 &
0$
#6387000
b10011 #
b10011 '
b10011 (
b10010 &
0$
#6388000
b10100 #
b10100 '
b10100 (
b10011 &
0$
#6389000
b10101 #
b10101 '
b10101 (
b10100 &
0$
#6390000
b10110 #
b10110 '
b10110 (
b10101 &
0$
#6391000
b10111 #
b10111 '
b10111 (
b10110 &
0$
#6392000
b11000 #
b11000 '
b11000 (
b10111 &
0$
#6393000
b11001 #
b11001 '
b11001 (
b11000 &
0$
#6394000
b11010 #
b11010 '
b11010 (
b11001 &
0$
#6395000
b11011 #
b11011 '
b11011 (
b11010 &
0$
#6396000
b11100 #
b11100 '
b11100 (
b11011 &
0$
#6397000
b11101 #
b11101 '
b11101 (
b11100 &
0$
#6398000
b11110 #
b11110 '
b11110 (
b11101 &
0$
#6399000
b11111 #
b11111 '
b11111 (
b11110 &
0$
#6400000
b0 #
b0 '
b0 (
b11111 &
0$
#6401000
b1 #
b1 '
b1 (
b0 &
0$
#6402000
b10 #
b10 '
b10 (
b1 &
0$
#6403000
b11 #
b11 '
b11 (
b10 &
0$
#6404000
b100 #
b100 '
b100 (
b11 &
0$
#6405000
b101 #
b101 '
b101 (
b100 &
0$
#6406000
b110 #
b110 '
b110 (
b101 &
0$
#6407000
b111 #
b111 '
b111 (
b110 &
0$
#6408000
b1000 #
b1000 '
b1000 (
b111 &
0$
#6409000
b1001 #
b1001 '
b1001 (
b1000 &
0$
#6410000
b1010 #
b1010 '
b1010 (
b1001 &
0$
#6411000
b1011 #
b1011 '
b1011 (
b1010 &
0$
#6412000
b1100 #
b1100 '
b1100 (
b1011 &
0$
#6413000
b1101 #
b1101 '
b1101 (
b1100 &
0$
#6414000
b1110 #
b1110 '
b1110 (
b1101 &
0$
#6415000
b1111 #
b1111 '
b1111 (
b1110 &
0$
#6416000
b10000 #
b10000 '
b10000 (
b1111 &
0$
#6417000
b10001 #
b10001 '
b10001 (
b10000 &
0$
#6418000
b10010 #
b10010 '
b10010 (
b10001 &
0$
#6419000
b10011 #
b10011 '
b10011 (
b10010 &
0$
#6420000
b10100 #
b10100 '
b10100 (
b10011 &
0$
#6421000
b10101 #
b10101 '
b10101 (
b10100 &
0$
#6422000
b10110 #
b10110 '
b10110 (
b10101 &
0$
#6423000
b10111 #
b10111 '
b10111 (
b10110 &
0$
#6424000
b11000 #
b11000 '
b11000 (
b10111 &
0$
#6425000
b11001 #
b11001 '
b11001 (
b11000 &
0$
#6426000
b11010 #
b11010 '
b11010 (
b11001 &
0$
#6427000
b11011 #
b11011 '
b11011 (
b11010 &
0$
#6428000
b11100 #
b11100 '
b11100 (
b11011 &
0$
#6429000
b11101 #
b11101 '
b11101 (
b11100 &
0$
#6430000
b11110 #
b11110 '
b11110 (
b11101 &
0$
#6431000
b11111 #
b11111 '
b11111 (
b11110 &
0$
#6432000
b0 #
b0 '
b0 (
b11111 &
0$
#6433000
b1 #
b1 '
b1 (
b0 &
0$
#6434000
b10 #
b10 '
b10 (
b1 &
0$
#6435000
b11 #
b11 '
b11 (
b10 &
0$
#6436000
b100 #
b100 '
b100 (
b11 &
0$
#6437000
b101 #
b101 '
b101 (
b100 &
0$
#6438000
b110 #
b110 '
b110 (
b101 &
0$
#6439000
b111 #
b111 '
b111 (
b110 &
0$
#6440000
b1000 #
b1000 '
b1000 (
b111 &
0$
#6441000
b1001 #
b1001 '
b1001 (
b1000 &
0$
#6442000
b1010 #
b1010 '
b1010 (
b1001 &
0$
#6443000
b1011 #
b1011 '
b1011 (
b1010 &
0$
#6444000
b1100 #
b1100 '
b1100 (
b1011 &
0$
#6445000
b1101 #
b1101 '
b1101 (
b1100 &
0$
#6446000
b1110 #
b1110 '
b1110 (
b1101 &
0$
#6447000
b1111 #
b1111 '
b1111 (
b1110 &
0$
#6448000
b10000 #
b10000 '
b10000 (
b1111 &
0$
#6449000
b10001 #
b10001 '
b10001 (
b10000 &
0$
#6450000
b10010 #
b10010 '
b10010 (
b10001 &
0$
#6451000
b10011 #
b10011 '
b10011 (
b10010 &
0$
#6452000
b10100 #
b10100 '
b10100 (
b10011 &
0$
#6453000
b10101 #
b10101 '
b10101 (
b10100 &
0$
#6454000
b10110 #
b10110 '
b10110 (
b10101 &
0$
#6455000
b10111 #
b10111 '
b10111 (
b10110 &
0$
#6456000
b11000 #
b11000 '
b11000 (
b10111 &
0$
#6457000
b11001 #
b11001 '
b11001 (
b11000 &
0$
#6458000
b11010 #
b11010 '
b11010 (
b11001 &
0$
#6459000
b11011 #
b11011 '
b11011 (
b11010 &
0$
#6460000
b11100 #
b11100 '
b11100 (
b11011 &
0$
#6461000
b11101 #
b11101 '
b11101 (
b11100 &
0$
#6462000
b11110 #
b11110 '
b11110 (
b11101 &
0$
#6463000
b11111 #
b11111 '
b11111 (
b11110 &
0$
#6464000
b0 #
b0 '
b0 (
b11111 &
0$
#6465000
b1 #
b1 '
b1 (
b0 &
0$
#6466000
b10 #
b10 '
b10 (
b1 &
0$
#6467000
b11 #
b11 '
b11 (
b10 &
0$
#6468000
b100 #
b100 '
b100 (
b11 &
0$
#6469000
b101 #
b101 '
b101 (
b100 &
0$
#6470000
b110 #
b110 '
b110 (
b101 &
0$
#6471000
b111 #
b111 '
b111 (
b110 &
0$
#6472000
b1000 #
b1000 '
b1000 (
b111 &
0$
#6473000
b1001 #
b1001 '
b1001 (
b1000 &
0$
#6474000
b1010 #
b1010 '
b1010 (
b1001 &
0$
#6475000
b1011 #
b1011 '
b1011 (
b1010 &
0$
#6476000
b1100 #
b1100 '
b1100 (
b1011 &
0$
#6477000
b1101 #
b1101 '
b1101 (
b1100 &
0$
#6478000
b1110 #
b1110 '
b1110 (
b1101 &
0$
#6479000
b1111 #
b1111 '
b1111 (
b1110 &
0$
#6480000
b10000 #
b10000 '
b10000 (
b1111 &
0$
#6481000
b10001 #
b10001 '
b10001 (
b10000 &
0$
#6482000
b10010 #
b10010 '
b10010 (
b10001 &
0$
#6483000
b10011 #
b10011 '
b10011 (
b10010 &
0$
#6484000
b10100 #
b10100 '
b10100 (
b10011 &
0$
#6485000
b10101 #
b10101 '
b10101 (
b10100 &
0$
#6486000
b10110 #
b10110 '
b10110 (
b10101 &
0$
#6487000
b10111 #
b10111 '
b10111 (
b10110 &
0$
#6488000
b11000 #
b11000 '
b11000 (
b10111 &
0$
#6489000
b11001 #
b11001 '
b11001 (
b11000 &
0$
#6490000
b11010 #
b11010 '
b11010 (
b11001 &
0$
#6491000
b11011 #
b11011 '
b11011 (
b11010 &
0$
#6492000
b11100 #
b11100 '
b11100 (
b11011 &
0$
#6493000
b11101 #
b11101 '
b11101 (
b11100 &
0$
#6494000
b11110 #
b11110 '
b11110 (
b11101 &
0$
#6495000
b11111 #
b11111 '
b11111 (
b11110 &
0$
#6496000
b0 #
b0 '
b0 (
b11111 &
0$
#6497000
b1 #
b1 '
b1 (
b0 &
0$
#6498000
b10 #
b10 '
b10 (
b1 &
0$
#6499000
b11 #
b11 '
b11 (
b10 &
0$
#6500000
b100 #
b100 '
b100 (
b11 &
0$
#6501000
b101 #
b101 '
b101 (
b100 &
0$
#6502000
b110 #
b110 '
b110 (
b101 &
0$
#6503000
b111 #
b111 '
b111 (
b110 &
0$
#6504000
b1000 #
b1000 '
b1000 (
b111 &
0$
#6505000
b1001 #
b1001 '
b1001 (
b1000 &
0$
#6506000
b1010 #
b1010 '
b1010 (
b1001 &
0$
#6507000
b1011 #
b1011 '
b1011 (
b1010 &
0$
#6508000
b1100 #
b1100 '
b1100 (
b1011 &
0$
#6509000
b1101 #
b1101 '
b1101 (
b1100 &
0$
#6510000
b1110 #
b1110 '
b1110 (
b1101 &
0$
#6511000
b1111 #
b1111 '
b1111 (
b1110 &
0$
#6512000
b10000 #
b10000 '
b10000 (
b1111 &
0$
#6513000
b10001 #
b10001 '
b10001 (
b10000 &
0$
#6514000
b10010 #
b10010 '
b10010 (
b10001 &
0$
#6515000
b10011 #
b10011 '
b10011 (
b10010 &
0$
#6516000
b10100 #
b10100 '
b10100 (
b10011 &
0$
#6517000
b10101 #
b10101 '
b10101 (
b10100 &
0$
#6518000
b10110 #
b10110 '
b10110 (
b10101 &
0$
#6519000
b10111 #
b10111 '
b10111 (
b10110 &
0$
#6520000
b11000 #
b11000 '
b11000 (
b10111 &
0$
#6521000
b11001 #
b11001 '
b11001 (
b11000 &
0$
#6522000
b11010 #
b11010 '
b11010 (
b11001 &
0$
#6523000
b11011 #
b11011 '
b11011 (
b11010 &
0$
#6524000
b11100 #
b11100 '
b11100 (
b11011 &
0$
#6525000
b11101 #
b11101 '
b11101 (
b11100 &
0$
#6526000
b11110 #
b11110 '
b11110 (
b11101 &
0$
#6527000
b11111 #
b11111 '
b11111 (
b11110 &
0$
#6528000
b0 #
b0 '
b0 (
b11111 &
0$
#6529000
b1 #
b1 '
b1 (
b0 &
0$
#6530000
b10 #
b10 '
b10 (
b1 &
0$
#6531000
b11 #
b11 '
b11 (
b10 &
0$
#6532000
b100 #
b100 '
b100 (
b11 &
0$
#6533000
b101 #
b101 '
b101 (
b100 &
0$
#6534000
b110 #
b110 '
b110 (
b101 &
0$
#6535000
b111 #
b111 '
b111 (
b110 &
0$
#6536000
b1000 #
b1000 '
b1000 (
b111 &
0$
#6537000
b1001 #
b1001 '
b1001 (
b1000 &
0$
#6538000
b1010 #
b1010 '
b1010 (
b1001 &
0$
#6539000
b1011 #
b1011 '
b1011 (
b1010 &
0$
#6540000
b1100 #
b1100 '
b1100 (
b1011 &
0$
#6541000
b1101 #
b1101 '
b1101 (
b1100 &
0$
#6542000
b1110 #
b1110 '
b1110 (
b1101 &
0$
#6543000
b1111 #
b1111 '
b1111 (
b1110 &
0$
#6544000
b10000 #
b10000 '
b10000 (
b1111 &
0$
#6545000
b10001 #
b10001 '
b10001 (
b10000 &
0$
#6546000
b10010 #
b10010 '
b10010 (
b10001 &
0$
#6547000
b10011 #
b10011 '
b10011 (
b10010 &
0$
#6548000
b10100 #
b10100 '
b10100 (
b10011 &
0$
#6549000
b10101 #
b10101 '
b10101 (
b10100 &
0$
#6550000
b10110 #
b10110 '
b10110 (
b10101 &
0$
#6551000
b10111 #
b10111 '
b10111 (
b10110 &
0$
#6552000
b11000 #
b11000 '
b11000 (
b10111 &
0$
#6553000
b11001 #
b11001 '
b11001 (
b11000 &
0$
#6554000
b11010 #
b11010 '
b11010 (
b11001 &
0$
#6555000
b11011 #
b11011 '
b11011 (
b11010 &
0$
#6556000
b11100 #
b11100 '
b11100 (
b11011 &
0$
#6557000
b11101 #
b11101 '
b11101 (
b11100 &
0$
#6558000
b11110 #
b11110 '
b11110 (
b11101 &
0$
#6559000
b11111 #
b11111 '
b11111 (
b11110 &
0$
#6560000
b0 #
b0 '
b0 (
b11111 &
0$
#6561000
b1 #
b1 '
b1 (
b0 &
0$
#6562000
b10 #
b10 '
b10 (
b1 &
0$
#6563000
b11 #
b11 '
b11 (
b10 &
0$
#6564000
b100 #
b100 '
b100 (
b11 &
0$
#6565000
b101 #
b101 '
b101 (
b100 &
0$
#6566000
b110 #
b110 '
b110 (
b101 &
0$
#6567000
b111 #
b111 '
b111 (
b110 &
0$
#6568000
b1000 #
b1000 '
b1000 (
b111 &
0$
#6569000
b1001 #
b1001 '
b1001 (
b1000 &
0$
#6570000
b1010 #
b1010 '
b1010 (
b1001 &
0$
#6571000
b1011 #
b1011 '
b1011 (
b1010 &
0$
#6572000
b1100 #
b1100 '
b1100 (
b1011 &
0$
#6573000
b1101 #
b1101 '
b1101 (
b1100 &
0$
#6574000
b1110 #
b1110 '
b1110 (
b1101 &
0$
#6575000
b1111 #
b1111 '
b1111 (
b1110 &
0$
#6576000
b10000 #
b10000 '
b10000 (
b1111 &
0$
#6577000
b10001 #
b10001 '
b10001 (
b10000 &
0$
#6578000
b10010 #
b10010 '
b10010 (
b10001 &
0$
#6579000
b10011 #
b10011 '
b10011 (
b10010 &
0$
#6580000
b10100 #
b10100 '
b10100 (
b10011 &
0$
#6581000
b10101 #
b10101 '
b10101 (
b10100 &
0$
#6582000
b10110 #
b10110 '
b10110 (
b10101 &
0$
#6583000
b10111 #
b10111 '
b10111 (
b10110 &
0$
#6584000
b11000 #
b11000 '
b11000 (
b10111 &
0$
#6585000
b11001 #
b11001 '
b11001 (
b11000 &
0$
#6586000
b11010 #
b11010 '
b11010 (
b11001 &
0$
#6587000
b11011 #
b11011 '
b11011 (
b11010 &
0$
#6588000
b11100 #
b11100 '
b11100 (
b11011 &
0$
#6589000
b11101 #
b11101 '
b11101 (
b11100 &
0$
#6590000
b11110 #
b11110 '
b11110 (
b11101 &
0$
#6591000
b11111 #
b11111 '
b11111 (
b11110 &
0$
#6592000
b0 #
b0 '
b0 (
b11111 &
0$
#6593000
b1 #
b1 '
b1 (
b0 &
0$
#6594000
b10 #
b10 '
b10 (
b1 &
0$
#6595000
b11 #
b11 '
b11 (
b10 &
0$
#6596000
b100 #
b100 '
b100 (
b11 &
0$
#6597000
b101 #
b101 '
b101 (
b100 &
0$
#6598000
b110 #
b110 '
b110 (
b101 &
0$
#6599000
b111 #
b111 '
b111 (
b110 &
0$
#6600000
b1000 #
b1000 '
b1000 (
b111 &
0$
#6601000
b1001 #
b1001 '
b1001 (
b1000 &
0$
#6602000
b1010 #
b1010 '
b1010 (
b1001 &
0$
#6603000
b1011 #
b1011 '
b1011 (
b1010 &
0$
#6604000
b1100 #
b1100 '
b1100 (
b1011 &
0$
#6605000
b1101 #
b1101 '
b1101 (
b1100 &
0$
#6606000
b1110 #
b1110 '
b1110 (
b1101 &
0$
#6607000
b1111 #
b1111 '
b1111 (
b1110 &
0$
#6608000
b10000 #
b10000 '
b10000 (
b1111 &
0$
#6609000
b10001 #
b10001 '
b10001 (
b10000 &
0$
#6610000
b10010 #
b10010 '
b10010 (
b10001 &
0$
#6611000
b10011 #
b10011 '
b10011 (
b10010 &
0$
#6612000
b10100 #
b10100 '
b10100 (
b10011 &
0$
#6613000
b10101 #
b10101 '
b10101 (
b10100 &
0$
#6614000
b10110 #
b10110 '
b10110 (
b10101 &
0$
#6615000
b10111 #
b10111 '
b10111 (
b10110 &
0$
#6616000
b11000 #
b11000 '
b11000 (
b10111 &
0$
#6617000
b11001 #
b11001 '
b11001 (
b11000 &
0$
#6618000
b11010 #
b11010 '
b11010 (
b11001 &
0$
#6619000
b11011 #
b11011 '
b11011 (
b11010 &
0$
#6620000
b11100 #
b11100 '
b11100 (
b11011 &
0$
#6621000
b11101 #
b11101 '
b11101 (
b11100 &
0$
#6622000
b11110 #
b11110 '
b11110 (
b11101 &
0$
#6623000
b11111 #
b11111 '
b11111 (
b11110 &
0$
#6624000
b0 #
b0 '
b0 (
b11111 &
0$
#6625000
b1 #
b1 '
b1 (
b0 &
0$
#6626000
b10 #
b10 '
b10 (
b1 &
0$
#6627000
b11 #
b11 '
b11 (
b10 &
0$
#6628000
b100 #
b100 '
b100 (
b11 &
0$
#6629000
b101 #
b101 '
b101 (
b100 &
0$
#6630000
b110 #
b110 '
b110 (
b101 &
0$
#6631000
b111 #
b111 '
b111 (
b110 &
0$
#6632000
b1000 #
b1000 '
b1000 (
b111 &
0$
#6633000
b1001 #
b1001 '
b1001 (
b1000 &
0$
#6634000
b1010 #
b1010 '
b1010 (
b1001 &
0$
#6635000
b1011 #
b1011 '
b1011 (
b1010 &
0$
#6636000
b1100 #
b1100 '
b1100 (
b1011 &
0$
#6637000
b1101 #
b1101 '
b1101 (
b1100 &
0$
#6638000
b1110 #
b1110 '
b1110 (
b1101 &
0$
#6639000
b1111 #
b1111 '
b1111 (
b1110 &
0$
#6640000
b10000 #
b10000 '
b10000 (
b1111 &
0$
#6641000
b10001 #
b10001 '
b10001 (
b10000 &
0$
#6642000
b10010 #
b10010 '
b10010 (
b10001 &
0$
#6643000
b10011 #
b10011 '
b10011 (
b10010 &
0$
#6644000
b10100 #
b10100 '
b10100 (
b10011 &
0$
#6645000
b10101 #
b10101 '
b10101 (
b10100 &
0$
#6646000
b10110 #
b10110 '
b10110 (
b10101 &
0$
#6647000
b10111 #
b10111 '
b10111 (
b10110 &
0$
#6648000
b11000 #
b11000 '
b11000 (
b10111 &
0$
#6649000
b11001 #
b11001 '
b11001 (
b11000 &
0$
#6650000
b11010 #
b11010 '
b11010 (
b11001 &
0$
#6651000
b11011 #
b11011 '
b11011 (
b11010 &
0$
#6652000
b11100 #
b11100 '
b11100 (
b11011 &
0$
#6653000
b11101 #
b11101 '
b11101 (
b11100 &
0$
#6654000
b11110 #
b11110 '
b11110 (
b11101 &
0$
#6655000
b11111 #
b11111 '
b11111 (
b11110 &
0$
#6656000
b0 #
b0 '
b0 (
b11111 &
0$
#6657000
b1 #
b1 '
b1 (
b0 &
0$
#6658000
b10 #
b10 '
b10 (
b1 &
0$
#6659000
b11 #
b11 '
b11 (
b10 &
0$
#6660000
b100 #
b100 '
b100 (
b11 &
0$
#6661000
b101 #
b101 '
b101 (
b100 &
0$
#6662000
b110 #
b110 '
b110 (
b101 &
0$
#6663000
b111 #
b111 '
b111 (
b110 &
0$
#6664000
b1000 #
b1000 '
b1000 (
b111 &
0$
#6665000
b1001 #
b1001 '
b1001 (
b1000 &
0$
#6666000
b1010 #
b1010 '
b1010 (
b1001 &
0$
#6667000
b1011 #
b1011 '
b1011 (
b1010 &
0$
#6668000
b1100 #
b1100 '
b1100 (
b1011 &
0$
#6669000
b1101 #
b1101 '
b1101 (
b1100 &
0$
#6670000
b1110 #
b1110 '
b1110 (
b1101 &
0$
#6671000
b1111 #
b1111 '
b1111 (
b1110 &
0$
#6672000
b10000 #
b10000 '
b10000 (
b1111 &
0$
#6673000
b10001 #
b10001 '
b10001 (
b10000 &
0$
#6674000
b10010 #
b10010 '
b10010 (
b10001 &
0$
#6675000
b10011 #
b10011 '
b10011 (
b10010 &
0$
#6676000
b10100 #
b10100 '
b10100 (
b10011 &
0$
#6677000
b10101 #
b10101 '
b10101 (
b10100 &
0$
#6678000
b10110 #
b10110 '
b10110 (
b10101 &
0$
#6679000
b10111 #
b10111 '
b10111 (
b10110 &
0$
#6680000
b11000 #
b11000 '
b11000 (
b10111 &
0$
#6681000
b11001 #
b11001 '
b11001 (
b11000 &
0$
#6682000
b11010 #
b11010 '
b11010 (
b11001 &
0$
#6683000
b11011 #
b11011 '
b11011 (
b11010 &
0$
#6684000
b11100 #
b11100 '
b11100 (
b11011 &
0$
#6685000
b11101 #
b11101 '
b11101 (
b11100 &
0$
#6686000
b11110 #
b11110 '
b11110 (
b11101 &
0$
#6687000
b11111 #
b11111 '
b11111 (
b11110 &
0$
#6688000
b0 #
b0 '
b0 (
b11111 &
0$
#6689000
b1 #
b1 '
b1 (
b0 &
0$
#6690000
b10 #
b10 '
b10 (
b1 &
0$
#6691000
b11 #
b11 '
b11 (
b10 &
0$
#6692000
b100 #
b100 '
b100 (
b11 &
0$
#6693000
b101 #
b101 '
b101 (
b100 &
0$
#6694000
b110 #
b110 '
b110 (
b101 &
0$
#6695000
b111 #
b111 '
b111 (
b110 &
0$
#6696000
b1000 #
b1000 '
b1000 (
b111 &
0$
#6697000
b1001 #
b1001 '
b1001 (
b1000 &
0$
#6698000
b1010 #
b1010 '
b1010 (
b1001 &
0$
#6699000
b1011 #
b1011 '
b1011 (
b1010 &
0$
#6700000
b1100 #
b1100 '
b1100 (
b1011 &
0$
#6701000
b1101 #
b1101 '
b1101 (
b1100 &
0$
#6702000
b1110 #
b1110 '
b1110 (
b1101 &
0$
#6703000
b1111 #
b1111 '
b1111 (
b1110 &
0$
#6704000
b10000 #
b10000 '
b10000 (
b1111 &
0$
#6705000
b10001 #
b10001 '
b10001 (
b10000 &
0$
#6706000
b10010 #
b10010 '
b10010 (
b10001 &
0$
#6707000
b10011 #
b10011 '
b10011 (
b10010 &
0$
#6708000
b10100 #
b10100 '
b10100 (
b10011 &
0$
#6709000
b10101 #
b10101 '
b10101 (
b10100 &
0$
#6710000
b10110 #
b10110 '
b10110 (
b10101 &
0$
#6711000
b10111 #
b10111 '
b10111 (
b10110 &
0$
#6712000
b11000 #
b11000 '
b11000 (
b10111 &
0$
#6713000
b11001 #
b11001 '
b11001 (
b11000 &
0$
#6714000
b11010 #
b11010 '
b11010 (
b11001 &
0$
#6715000
b11011 #
b11011 '
b11011 (
b11010 &
0$
#6716000
b11100 #
b11100 '
b11100 (
b11011 &
0$
#6717000
b11101 #
b11101 '
b11101 (
b11100 &
0$
#6718000
b11110 #
b11110 '
b11110 (
b11101 &
0$
#6719000
b11111 #
b11111 '
b11111 (
b11110 &
0$
#6720000
b0 #
b0 '
b0 (
b11111 &
0$
#6721000
b1 #
b1 '
b1 (
b0 &
0$
#6722000
b10 #
b10 '
b10 (
b1 &
0$
#6723000
b11 #
b11 '
b11 (
b10 &
0$
#6724000
b100 #
b100 '
b100 (
b11 &
0$
#6725000
b101 #
b101 '
b101 (
b100 &
0$
#6726000
b110 #
b110 '
b110 (
b101 &
0$
#6727000
b111 #
b111 '
b111 (
b110 &
0$
#6728000
b1000 #
b1000 '
b1000 (
b111 &
0$
#6729000
b1001 #
b1001 '
b1001 (
b1000 &
0$
#6730000
b1010 #
b1010 '
b1010 (
b1001 &
0$
#6731000
b1011 #
b1011 '
b1011 (
b1010 &
0$
#6732000
b1100 #
b1100 '
b1100 (
b1011 &
0$
#6733000
b1101 #
b1101 '
b1101 (
b1100 &
0$
#6734000
b1110 #
b1110 '
b1110 (
b1101 &
0$
#6735000
b1111 #
b1111 '
b1111 (
b1110 &
0$
#6736000
b10000 #
b10000 '
b10000 (
b1111 &
0$
#6737000
b10001 #
b10001 '
b10001 (
b10000 &
0$
#6738000
b10010 #
b10010 '
b10010 (
b10001 &
0$
#6739000
b10011 #
b10011 '
b10011 (
b10010 &
0$
#6740000
b10100 #
b10100 '
b10100 (
b10011 &
0$
#6741000
b10101 #
b10101 '
b10101 (
b10100 &
0$
#6742000
b10110 #
b10110 '
b10110 (
b10101 &
0$
#6743000
b10111 #
b10111 '
b10111 (
b10110 &
0$
#6744000
b11000 #
b11000 '
b11000 (
b10111 &
0$
#6745000
b11001 #
b11001 '
b11001 (
b11000 &
0$
#6746000
b11010 #
b11010 '
b11010 (
b11001 &
0$
#6747000
b11011 #
b11011 '
b11011 (
b11010 &
0$
#6748000
b11100 #
b11100 '
b11100 (
b11011 &
0$
#6749000
b11101 #
b11101 '
b11101 (
b11100 &
0$
#6750000
b11110 #
b11110 '
b11110 (
b11101 &
0$
#6751000
b11111 #
b11111 '
b11111 (
b11110 &
0$
#6752000
b0 #
b0 '
b0 (
b11111 &
0$
#6753000
b1 #
b1 '
b1 (
b0 &
0$
#6754000
b10 #
b10 '
b10 (
b1 &
0$
#6755000
b11 #
b11 '
b11 (
b10 &
0$
#6756000
b100 #
b100 '
b100 (
b11 &
0$
#6757000
b101 #
b101 '
b101 (
b100 &
0$
#6758000
b110 #
b110 '
b110 (
b101 &
0$
#6759000
b111 #
b111 '
b111 (
b110 &
0$
#6760000
b1000 #
b1000 '
b1000 (
b111 &
0$
#6761000
b1001 #
b1001 '
b1001 (
b1000 &
0$
#6762000
b1010 #
b1010 '
b1010 (
b1001 &
0$
#6763000
b1011 #
b1011 '
b1011 (
b1010 &
0$
#6764000
b1100 #
b1100 '
b1100 (
b1011 &
0$
#6765000
b1101 #
b1101 '
b1101 (
b1100 &
0$
#6766000
b1110 #
b1110 '
b1110 (
b1101 &
0$
#6767000
b1111 #
b1111 '
b1111 (
b1110 &
0$
#6768000
b10000 #
b10000 '
b10000 (
b1111 &
0$
#6769000
b10001 #
b10001 '
b10001 (
b10000 &
0$
#6770000
b10010 #
b10010 '
b10010 (
b10001 &
0$
#6771000
b10011 #
b10011 '
b10011 (
b10010 &
0$
#6772000
b10100 #
b10100 '
b10100 (
b10011 &
0$
#6773000
b10101 #
b10101 '
b10101 (
b10100 &
0$
#6774000
b10110 #
b10110 '
b10110 (
b10101 &
0$
#6775000
b10111 #
b10111 '
b10111 (
b10110 &
0$
#6776000
b11000 #
b11000 '
b11000 (
b10111 &
0$
#6777000
b11001 #
b11001 '
b11001 (
b11000 &
0$
#6778000
b11010 #
b11010 '
b11010 (
b11001 &
0$
#6779000
b11011 #
b11011 '
b11011 (
b11010 &
0$
#6780000
b11100 #
b11100 '
b11100 (
b11011 &
0$
#6781000
b11101 #
b11101 '
b11101 (
b11100 &
0$
#6782000
b11110 #
b11110 '
b11110 (
b11101 &
0$
#6783000
b11111 #
b11111 '
b11111 (
b11110 &
0$
#6784000
b0 #
b0 '
b0 (
b11111 &
0$
#6785000
b1 #
b1 '
b1 (
b0 &
0$
#6786000
b10 #
b10 '
b10 (
b1 &
0$
#6787000
b11 #
b11 '
b11 (
b10 &
0$
#6788000
b100 #
b100 '
b100 (
b11 &
0$
#6789000
b101 #
b101 '
b101 (
b100 &
0$
#6790000
b110 #
b110 '
b110 (
b101 &
0$
#6791000
b111 #
b111 '
b111 (
b110 &
0$
#6792000
b1000 #
b1000 '
b1000 (
b111 &
0$
#6793000
b1001 #
b1001 '
b1001 (
b1000 &
0$
#6794000
b1010 #
b1010 '
b1010 (
b1001 &
0$
#6795000
b1011 #
b1011 '
b1011 (
b1010 &
0$
#6796000
b1100 #
b1100 '
b1100 (
b1011 &
0$
#6797000
b1101 #
b1101 '
b1101 (
b1100 &
0$
#6798000
b1110 #
b1110 '
b1110 (
b1101 &
0$
#6799000
b1111 #
b1111 '
b1111 (
b1110 &
0$
#6800000
b10000 #
b10000 '
b10000 (
b1111 &
0$
#6801000
b10001 #
b10001 '
b10001 (
b10000 &
0$
#6802000
b10010 #
b10010 '
b10010 (
b10001 &
0$
#6803000
b10011 #
b10011 '
b10011 (
b10010 &
0$
#6804000
b10100 #
b10100 '
b10100 (
b10011 &
0$
#6805000
b10101 #
b10101 '
b10101 (
b10100 &
0$
#6806000
b10110 #
b10110 '
b10110 (
b10101 &
0$
#6807000
b10111 #
b10111 '
b10111 (
b10110 &
0$
#6808000
b11000 #
b11000 '
b11000 (
b10111 &
0$
#6809000
b11001 #
b11001 '
b11001 (
b11000 &
0$
#6810000
b11010 #
b11010 '
b11010 (
b11001 &
0$
#6811000
b11011 #
b11011 '
b11011 (
b11010 &
0$
#6812000
b11100 #
b11100 '
b11100 (
b11011 &
0$
#6813000
b11101 #
b11101 '
b11101 (
b11100 &
0$
#6814000
b11110 #
b11110 '
b11110 (
b11101 &
0$
#6815000
b11111 #
b11111 '
b11111 (
b11110 &
0$
#6816000
b0 #
b0 '
b0 (
b11111 &
0$
#6817000
b1 #
b1 '
b1 (
b0 &
0$
#6818000
b10 #
b10 '
b10 (
b1 &
0$
#6819000
b11 #
b11 '
b11 (
b10 &
0$
#6820000
b100 #
b100 '
b100 (
b11 &
0$
#6821000
b101 #
b101 '
b101 (
b100 &
0$
#6822000
b110 #
b110 '
b110 (
b101 &
0$
#6823000
b111 #
b111 '
b111 (
b110 &
0$
#6824000
b1000 #
b1000 '
b1000 (
b111 &
0$
#6825000
b1001 #
b1001 '
b1001 (
b1000 &
0$
#6826000
b1010 #
b1010 '
b1010 (
b1001 &
0$
#6827000
b1011 #
b1011 '
b1011 (
b1010 &
0$
#6828000
b1100 #
b1100 '
b1100 (
b1011 &
0$
#6829000
b1101 #
b1101 '
b1101 (
b1100 &
0$
#6830000
b1110 #
b1110 '
b1110 (
b1101 &
0$
#6831000
b1111 #
b1111 '
b1111 (
b1110 &
0$
#6832000
b10000 #
b10000 '
b10000 (
b1111 &
0$
#6833000
b10001 #
b10001 '
b10001 (
b10000 &
0$
#6834000
b10010 #
b10010 '
b10010 (
b10001 &
0$
#6835000
b10011 #
b10011 '
b10011 (
b10010 &
0$
#6836000
b10100 #
b10100 '
b10100 (
b10011 &
0$
#6837000
b10101 #
b10101 '
b10101 (
b10100 &
0$
#6838000
b10110 #
b10110 '
b10110 (
b10101 &
0$
#6839000
b10111 #
b10111 '
b10111 (
b10110 &
0$
#6840000
b11000 #
b11000 '
b11000 (
b10111 &
0$
#6841000
b11001 #
b11001 '
b11001 (
b11000 &
0$
#6842000
b11010 #
b11010 '
b11010 (
b11001 &
0$
#6843000
b11011 #
b11011 '
b11011 (
b11010 &
0$
#6844000
b11100 #
b11100 '
b11100 (
b11011 &
0$
#6845000
b11101 #
b11101 '
b11101 (
b11100 &
0$
#6846000
b11110 #
b11110 '
b11110 (
b11101 &
0$
#6847000
b11111 #
b11111 '
b11111 (
b11110 &
0$
#6848000
b0 #
b0 '
b0 (
b11111 &
0$
#6849000
b1 #
b1 '
b1 (
b0 &
0$
#6850000
b10 #
b10 '
b10 (
b1 &
0$
#6851000
b11 #
b11 '
b11 (
b10 &
0$
#6852000
b100 #
b100 '
b100 (
b11 &
0$
#6853000
b101 #
b101 '
b101 (
b100 &
0$
#6854000
b110 #
b110 '
b110 (
b101 &
0$
#6855000
b111 #
b111 '
b111 (
b110 &
0$
#6856000
b1000 #
b1000 '
b1000 (
b111 &
0$
#6857000
b1001 #
b1001 '
b1001 (
b1000 &
0$
#6858000
b1010 #
b1010 '
b1010 (
b1001 &
0$
#6859000
b1011 #
b1011 '
b1011 (
b1010 &
0$
#6860000
b1100 #
b1100 '
b1100 (
b1011 &
0$
#6861000
b1101 #
b1101 '
b1101 (
b1100 &
0$
#6862000
b1110 #
b1110 '
b1110 (
b1101 &
0$
#6863000
b1111 #
b1111 '
b1111 (
b1110 &
0$
#6864000
b10000 #
b10000 '
b10000 (
b1111 &
0$
#6865000
b10001 #
b10001 '
b10001 (
b10000 &
0$
#6866000
b10010 #
b10010 '
b10010 (
b10001 &
0$
#6867000
b10011 #
b10011 '
b10011 (
b10010 &
0$
#6868000
b10100 #
b10100 '
b10100 (
b10011 &
0$
#6869000
b10101 #
b10101 '
b10101 (
b10100 &
0$
#6870000
b10110 #
b10110 '
b10110 (
b10101 &
0$
#6871000
b10111 #
b10111 '
b10111 (
b10110 &
0$
#6872000
b11000 #
b11000 '
b11000 (
b10111 &
0$
#6873000
b11001 #
b11001 '
b11001 (
b11000 &
0$
#6874000
b11010 #
b11010 '
b11010 (
b11001 &
0$
#6875000
b11011 #
b11011 '
b11011 (
b11010 &
0$
#6876000
b11100 #
b11100 '
b11100 (
b11011 &
0$
#6877000
b11101 #
b11101 '
b11101 (
b11100 &
0$
#6878000
b11110 #
b11110 '
b11110 (
b11101 &
0$
#6879000
b11111 #
b11111 '
b11111 (
b11110 &
0$
#6880000
b0 #
b0 '
b0 (
b11111 &
0$
#6881000
b1 #
b1 '
b1 (
b0 &
0$
#6882000
b10 #
b10 '
b10 (
b1 &
0$
#6883000
b11 #
b11 '
b11 (
b10 &
0$
#6884000
b100 #
b100 '
b100 (
b11 &
0$
#6885000
b101 #
b101 '
b101 (
b100 &
0$
#6886000
b110 #
b110 '
b110 (
b101 &
0$
#6887000
b111 #
b111 '
b111 (
b110 &
0$
#6888000
b1000 #
b1000 '
b1000 (
b111 &
0$
#6889000
b1001 #
b1001 '
b1001 (
b1000 &
0$
#6890000
b1010 #
b1010 '
b1010 (
b1001 &
0$
#6891000
b1011 #
b1011 '
b1011 (
b1010 &
0$
#6892000
b1100 #
b1100 '
b1100 (
b1011 &
0$
#6893000
b1101 #
b1101 '
b1101 (
b1100 &
0$
#6894000
b1110 #
b1110 '
b1110 (
b1101 &
0$
#6895000
b1111 #
b1111 '
b1111 (
b1110 &
0$
#6896000
b10000 #
b10000 '
b10000 (
b1111 &
0$
#6897000
b10001 #
b10001 '
b10001 (
b10000 &
0$
#6898000
b10010 #
b10010 '
b10010 (
b10001 &
0$
#6899000
b10011 #
b10011 '
b10011 (
b10010 &
0$
#6900000
b10100 #
b10100 '
b10100 (
b10011 &
0$
#6901000
b10101 #
b10101 '
b10101 (
b10100 &
0$
#6902000
b10110 #
b10110 '
b10110 (
b10101 &
0$
#6903000
b10111 #
b10111 '
b10111 (
b10110 &
0$
#6904000
b11000 #
b11000 '
b11000 (
b10111 &
0$
#6905000
b11001 #
b11001 '
b11001 (
b11000 &
0$
#6906000
b11010 #
b11010 '
b11010 (
b11001 &
0$
#6907000
b11011 #
b11011 '
b11011 (
b11010 &
0$
#6908000
b11100 #
b11100 '
b11100 (
b11011 &
0$
#6909000
b11101 #
b11101 '
b11101 (
b11100 &
0$
#6910000
b11110 #
b11110 '
b11110 (
b11101 &
0$
#6911000
b11111 #
b11111 '
b11111 (
b11110 &
0$
#6912000
b0 #
b0 '
b0 (
b11111 &
0$
#6913000
b1 #
b1 '
b1 (
b0 &
0$
#6914000
b10 #
b10 '
b10 (
b1 &
0$
#6915000
b11 #
b11 '
b11 (
b10 &
0$
#6916000
b100 #
b100 '
b100 (
b11 &
0$
#6917000
b101 #
b101 '
b101 (
b100 &
0$
#6918000
b110 #
b110 '
b110 (
b101 &
0$
#6919000
b111 #
b111 '
b111 (
b110 &
0$
#6920000
b1000 #
b1000 '
b1000 (
b111 &
0$
#6921000
b1001 #
b1001 '
b1001 (
b1000 &
0$
#6922000
b1010 #
b1010 '
b1010 (
b1001 &
0$
#6923000
b1011 #
b1011 '
b1011 (
b1010 &
0$
#6924000
b1100 #
b1100 '
b1100 (
b1011 &
0$
#6925000
b1101 #
b1101 '
b1101 (
b1100 &
0$
#6926000
b1110 #
b1110 '
b1110 (
b1101 &
0$
#6927000
b1111 #
b1111 '
b1111 (
b1110 &
0$
#6928000
b10000 #
b10000 '
b10000 (
b1111 &
0$
#6929000
b10001 #
b10001 '
b10001 (
b10000 &
0$
#6930000
b10010 #
b10010 '
b10010 (
b10001 &
0$
#6931000
b10011 #
b10011 '
b10011 (
b10010 &
0$
#6932000
b10100 #
b10100 '
b10100 (
b10011 &
0$
#6933000
b10101 #
b10101 '
b10101 (
b10100 &
0$
#6934000
b10110 #
b10110 '
b10110 (
b10101 &
0$
#6935000
b10111 #
b10111 '
b10111 (
b10110 &
0$
#6936000
b11000 #
b11000 '
b11000 (
b10111 &
0$
#6937000
b11001 #
b11001 '
b11001 (
b11000 &
0$
#6938000
b11010 #
b11010 '
b11010 (
b11001 &
0$
#6939000
b11011 #
b11011 '
b11011 (
b11010 &
0$
#6940000
b11100 #
b11100 '
b11100 (
b11011 &
0$
#6941000
b11101 #
b11101 '
b11101 (
b11100 &
0$
#6942000
b11110 #
b11110 '
b11110 (
b11101 &
0$
#6943000
b11111 #
b11111 '
b11111 (
b11110 &
0$
#6944000
b0 #
b0 '
b0 (
b11111 &
0$
#6945000
b1 #
b1 '
b1 (
b0 &
0$
#6946000
b10 #
b10 '
b10 (
b1 &
0$
#6947000
b11 #
b11 '
b11 (
b10 &
0$
#6948000
b100 #
b100 '
b100 (
b11 &
0$
#6949000
b101 #
b101 '
b101 (
b100 &
0$
#6950000
b110 #
b110 '
b110 (
b101 &
0$
#6951000
b111 #
b111 '
b111 (
b110 &
0$
#6952000
b1000 #
b1000 '
b1000 (
b111 &
0$
#6953000
b1001 #
b1001 '
b1001 (
b1000 &
0$
#6954000
b1010 #
b1010 '
b1010 (
b1001 &
0$
#6955000
b1011 #
b1011 '
b1011 (
b1010 &
0$
#6956000
b1100 #
b1100 '
b1100 (
b1011 &
0$
#6957000
b1101 #
b1101 '
b1101 (
b1100 &
0$
#6958000
b1110 #
b1110 '
b1110 (
b1101 &
0$
#6959000
b1111 #
b1111 '
b1111 (
b1110 &
0$
#6960000
b10000 #
b10000 '
b10000 (
b1111 &
0$
#6961000
b10001 #
b10001 '
b10001 (
b10000 &
0$
#6962000
b10010 #
b10010 '
b10010 (
b10001 &
0$
#6963000
b10011 #
b10011 '
b10011 (
b10010 &
0$
#6964000
b10100 #
b10100 '
b10100 (
b10011 &
0$
#6965000
b10101 #
b10101 '
b10101 (
b10100 &
0$
#6966000
b10110 #
b10110 '
b10110 (
b10101 &
0$
#6967000
b10111 #
b10111 '
b10111 (
b10110 &
0$
#6968000
b11000 #
b11000 '
b11000 (
b10111 &
0$
#6969000
b11001 #
b11001 '
b11001 (
b11000 &
0$
#6970000
b11010 #
b11010 '
b11010 (
b11001 &
0$
#6971000
b11011 #
b11011 '
b11011 (
b11010 &
0$
#6972000
b11100 #
b11100 '
b11100 (
b11011 &
0$
#6973000
b11101 #
b11101 '
b11101 (
b11100 &
0$
#6974000
b11110 #
b11110 '
b11110 (
b11101 &
0$
#6975000
b11111 #
b11111 '
b11111 (
b11110 &
0$
#6976000
b0 #
b0 '
b0 (
b11111 &
0$
#6977000
b1 #
b1 '
b1 (
b0 &
0$
#6978000
b10 #
b10 '
b10 (
b1 &
0$
#6979000
b11 #
b11 '
b11 (
b10 &
0$
#6980000
b100 #
b100 '
b100 (
b11 &
0$
#6981000
b101 #
b101 '
b101 (
b100 &
0$
#6982000
b110 #
b110 '
b110 (
b101 &
0$
#6983000
b111 #
b111 '
b111 (
b110 &
0$
#6984000
b1000 #
b1000 '
b1000 (
b111 &
0$
#6985000
b1001 #
b1001 '
b1001 (
b1000 &
0$
#6986000
b1010 #
b1010 '
b1010 (
b1001 &
0$
#6987000
b1011 #
b1011 '
b1011 (
b1010 &
0$
#6988000
b1100 #
b1100 '
b1100 (
b1011 &
0$
#6989000
b1101 #
b1101 '
b1101 (
b1100 &
0$
#6990000
b1110 #
b1110 '
b1110 (
b1101 &
0$
#6991000
b1111 #
b1111 '
b1111 (
b1110 &
0$
#6992000
b10000 #
b10000 '
b10000 (
b1111 &
0$
#6993000
b10001 #
b10001 '
b10001 (
b10000 &
0$
#6994000
b10010 #
b10010 '
b10010 (
b10001 &
0$
#6995000
b10011 #
b10011 '
b10011 (
b10010 &
0$
#6996000
b10100 #
b10100 '
b10100 (
b10011 &
0$
#6997000
b10101 #
b10101 '
b10101 (
b10100 &
0$
#6998000
b10110 #
b10110 '
b10110 (
b10101 &
0$
#6999000
b10111 #
b10111 '
b10111 (
b10110 &
0$
#7000000
b11000 #
b11000 '
b11000 (
b10111 &
0$
#7001000
b11001 #
b11001 '
b11001 (
b11000 &
0$
#7002000
b11010 #
b11010 '
b11010 (
b11001 &
0$
#7003000
b11011 #
b11011 '
b11011 (
b11010 &
0$
#7004000
b11100 #
b11100 '
b11100 (
b11011 &
0$
#7005000
b11101 #
b11101 '
b11101 (
b11100 &
0$
#7006000
b11110 #
b11110 '
b11110 (
b11101 &
0$
#7007000
b11111 #
b11111 '
b11111 (
b11110 &
0$
#7008000
b0 #
b0 '
b0 (
b11111 &
0$
#7009000
b1 #
b1 '
b1 (
b0 &
0$
#7010000
b10 #
b10 '
b10 (
b1 &
0$
#7011000
b11 #
b11 '
b11 (
b10 &
0$
#7012000
b100 #
b100 '
b100 (
b11 &
0$
#7013000
b101 #
b101 '
b101 (
b100 &
0$
#7014000
b110 #
b110 '
b110 (
b101 &
0$
#7015000
b111 #
b111 '
b111 (
b110 &
0$
#7016000
b1000 #
b1000 '
b1000 (
b111 &
0$
#7017000
b1001 #
b1001 '
b1001 (
b1000 &
0$
#7018000
b1010 #
b1010 '
b1010 (
b1001 &
0$
#7019000
b1011 #
b1011 '
b1011 (
b1010 &
0$
#7020000
b1100 #
b1100 '
b1100 (
b1011 &
0$
#7021000
b1101 #
b1101 '
b1101 (
b1100 &
0$
#7022000
b1110 #
b1110 '
b1110 (
b1101 &
0$
#7023000
b1111 #
b1111 '
b1111 (
b1110 &
0$
#7024000
b10000 #
b10000 '
b10000 (
b1111 &
0$
#7025000
b10001 #
b10001 '
b10001 (
b10000 &
0$
#7026000
b10010 #
b10010 '
b10010 (
b10001 &
0$
#7027000
b10011 #
b10011 '
b10011 (
b10010 &
0$
#7028000
b10100 #
b10100 '
b10100 (
b10011 &
0$
#7029000
b10101 #
b10101 '
b10101 (
b10100 &
0$
#7030000
b10110 #
b10110 '
b10110 (
b10101 &
0$
#7031000
b10111 #
b10111 '
b10111 (
b10110 &
0$
#7032000
b11000 #
b11000 '
b11000 (
b10111 &
0$
#7033000
b11001 #
b11001 '
b11001 (
b11000 &
0$
#7034000
b11010 #
b11010 '
b11010 (
b11001 &
0$
#7035000
b11011 #
b11011 '
b11011 (
b11010 &
0$
#7036000
b11100 #
b11100 '
b11100 (
b11011 &
0$
#7037000
b11101 #
b11101 '
b11101 (
b11100 &
0$
#7038000
b11110 #
b11110 '
b11110 (
b11101 &
0$
#7039000
b11111 #
b11111 '
b11111 (
b11110 &
0$
#7040000
b0 #
b0 '
b0 (
b11111 &
0$
#7041000
b1 #
b1 '
b1 (
b0 &
0$
#7042000
b10 #
b10 '
b10 (
b1 &
0$
#7043000
b11 #
b11 '
b11 (
b10 &
0$
#7044000
b100 #
b100 '
b100 (
b11 &
0$
#7045000
b101 #
b101 '
b101 (
b100 &
0$
#7046000
b110 #
b110 '
b110 (
b101 &
0$
#7047000
b111 #
b111 '
b111 (
b110 &
0$
#7048000
b1000 #
b1000 '
b1000 (
b111 &
0$
#7049000
b1001 #
b1001 '
b1001 (
b1000 &
0$
#7050000
b1010 #
b1010 '
b1010 (
b1001 &
0$
#7051000
b1011 #
b1011 '
b1011 (
b1010 &
0$
#7052000
b1100 #
b1100 '
b1100 (
b1011 &
0$
#7053000
b1101 #
b1101 '
b1101 (
b1100 &
0$
#7054000
b1110 #
b1110 '
b1110 (
b1101 &
0$
#7055000
b1111 #
b1111 '
b1111 (
b1110 &
0$
#7056000
b10000 #
b10000 '
b10000 (
b1111 &
0$
#7057000
b10001 #
b10001 '
b10001 (
b10000 &
0$
#7058000
b10010 #
b10010 '
b10010 (
b10001 &
0$
#7059000
b10011 #
b10011 '
b10011 (
b10010 &
0$
#7060000
b10100 #
b10100 '
b10100 (
b10011 &
0$
#7061000
b10101 #
b10101 '
b10101 (
b10100 &
0$
#7062000
b10110 #
b10110 '
b10110 (
b10101 &
0$
#7063000
b10111 #
b10111 '
b10111 (
b10110 &
0$
#7064000
b11000 #
b11000 '
b11000 (
b10111 &
0$
#7065000
b11001 #
b11001 '
b11001 (
b11000 &
0$
#7066000
b11010 #
b11010 '
b11010 (
b11001 &
0$
#7067000
b11011 #
b11011 '
b11011 (
b11010 &
0$
#7068000
b11100 #
b11100 '
b11100 (
b11011 &
0$
#7069000
b11101 #
b11101 '
b11101 (
b11100 &
0$
#7070000
b11110 #
b11110 '
b11110 (
b11101 &
0$
#7071000
b11111 #
b11111 '
b11111 (
b11110 &
0$
#7072000
b0 #
b0 '
b0 (
b11111 &
0$
#7073000
b1 #
b1 '
b1 (
b0 &
0$
#7074000
b10 #
b10 '
b10 (
b1 &
0$
#7075000
b11 #
b11 '
b11 (
b10 &
0$
#7076000
b100 #
b100 '
b100 (
b11 &
0$
#7077000
b101 #
b101 '
b101 (
b100 &
0$
#7078000
b110 #
b110 '
b110 (
b101 &
0$
#7079000
b111 #
b111 '
b111 (
b110 &
0$
#7080000
b1000 #
b1000 '
b1000 (
b111 &
0$
#7081000
b1001 #
b1001 '
b1001 (
b1000 &
0$
#7082000
b1010 #
b1010 '
b1010 (
b1001 &
0$
#7083000
b1011 #
b1011 '
b1011 (
b1010 &
0$
#7084000
b1100 #
b1100 '
b1100 (
b1011 &
0$
#7085000
b1101 #
b1101 '
b1101 (
b1100 &
0$
#7086000
b1110 #
b1110 '
b1110 (
b1101 &
0$
#7087000
b1111 #
b1111 '
b1111 (
b1110 &
0$
#7088000
b10000 #
b10000 '
b10000 (
b1111 &
0$
#7089000
b10001 #
b10001 '
b10001 (
b10000 &
0$
#7090000
b10010 #
b10010 '
b10010 (
b10001 &
0$
#7091000
b10011 #
b10011 '
b10011 (
b10010 &
0$
#7092000
b10100 #
b10100 '
b10100 (
b10011 &
0$
#7093000
b10101 #
b10101 '
b10101 (
b10100 &
0$
#7094000
b10110 #
b10110 '
b10110 (
b10101 &
0$
#7095000
b10111 #
b10111 '
b10111 (
b10110 &
0$
#7096000
b11000 #
b11000 '
b11000 (
b10111 &
0$
#7097000
b11001 #
b11001 '
b11001 (
b11000 &
0$
#7098000
b11010 #
b11010 '
b11010 (
b11001 &
0$
#7099000
b11011 #
b11011 '
b11011 (
b11010 &
0$
#7100000
b11100 #
b11100 '
b11100 (
b11011 &
0$
#7101000
b11101 #
b11101 '
b11101 (
b11100 &
0$
#7102000
b11110 #
b11110 '
b11110 (
b11101 &
0$
#7103000
b11111 #
b11111 '
b11111 (
b11110 &
0$
#7104000
b0 #
b0 '
b0 (
b11111 &
0$
#7105000
b1 #
b1 '
b1 (
b0 &
0$
#7106000
b10 #
b10 '
b10 (
b1 &
0$
#7107000
b11 #
b11 '
b11 (
b10 &
0$
#7108000
b100 #
b100 '
b100 (
b11 &
0$
#7109000
b101 #
b101 '
b101 (
b100 &
0$
#7110000
b110 #
b110 '
b110 (
b101 &
0$
#7111000
b111 #
b111 '
b111 (
b110 &
0$
#7112000
b1000 #
b1000 '
b1000 (
b111 &
0$
#7113000
b1001 #
b1001 '
b1001 (
b1000 &
0$
#7114000
b1010 #
b1010 '
b1010 (
b1001 &
0$
#7115000
b1011 #
b1011 '
b1011 (
b1010 &
0$
#7116000
b1100 #
b1100 '
b1100 (
b1011 &
0$
#7117000
b1101 #
b1101 '
b1101 (
b1100 &
0$
#7118000
b1110 #
b1110 '
b1110 (
b1101 &
0$
#7119000
b1111 #
b1111 '
b1111 (
b1110 &
0$
#7120000
b10000 #
b10000 '
b10000 (
b1111 &
0$
#7121000
b10001 #
b10001 '
b10001 (
b10000 &
0$
#7122000
b10010 #
b10010 '
b10010 (
b10001 &
0$
#7123000
b10011 #
b10011 '
b10011 (
b10010 &
0$
#7124000
b10100 #
b10100 '
b10100 (
b10011 &
0$
#7125000
b10101 #
b10101 '
b10101 (
b10100 &
0$
#7126000
b10110 #
b10110 '
b10110 (
b10101 &
0$
#7127000
b10111 #
b10111 '
b10111 (
b10110 &
0$
#7128000
b11000 #
b11000 '
b11000 (
b10111 &
0$
#7129000
b11001 #
b11001 '
b11001 (
b11000 &
0$
#7130000
b11010 #
b11010 '
b11010 (
b11001 &
0$
#7131000
b11011 #
b11011 '
b11011 (
b11010 &
0$
#7132000
b11100 #
b11100 '
b11100 (
b11011 &
0$
#7133000
b11101 #
b11101 '
b11101 (
b11100 &
0$
#7134000
b11110 #
b11110 '
b11110 (
b11101 &
0$
#7135000
b11111 #
b11111 '
b11111 (
b11110 &
0$
#7136000
b0 #
b0 '
b0 (
b11111 &
0$
#7137000
b1 #
b1 '
b1 (
b0 &
0$
#7138000
b10 #
b10 '
b10 (
b1 &
0$
#7139000
b11 #
b11 '
b11 (
b10 &
0$
#7140000
b100 #
b100 '
b100 (
b11 &
0$
#7141000
b101 #
b101 '
b101 (
b100 &
0$
#7142000
b110 #
b110 '
b110 (
b101 &
0$
#7143000
b111 #
b111 '
b111 (
b110 &
0$
#7144000
b1000 #
b1000 '
b1000 (
b111 &
0$
#7145000
b1001 #
b1001 '
b1001 (
b1000 &
0$
#7146000
b1010 #
b1010 '
b1010 (
b1001 &
0$
#7147000
b1011 #
b1011 '
b1011 (
b1010 &
0$
#7148000
b1100 #
b1100 '
b1100 (
b1011 &
0$
#7149000
b1101 #
b1101 '
b1101 (
b1100 &
0$
#7150000
b1110 #
b1110 '
b1110 (
b1101 &
0$
#7151000
b1111 #
b1111 '
b1111 (
b1110 &
0$
#7152000
b10000 #
b10000 '
b10000 (
b1111 &
0$
#7153000
b10001 #
b10001 '
b10001 (
b10000 &
0$
#7154000
b10010 #
b10010 '
b10010 (
b10001 &
0$
#7155000
b10011 #
b10011 '
b10011 (
b10010 &
0$
#7156000
b10100 #
b10100 '
b10100 (
b10011 &
0$
#7157000
b10101 #
b10101 '
b10101 (
b10100 &
0$
#7158000
b10110 #
b10110 '
b10110 (
b10101 &
0$
#7159000
b10111 #
b10111 '
b10111 (
b10110 &
0$
#7160000
b11000 #
b11000 '
b11000 (
b10111 &
0$
#7161000
b11001 #
b11001 '
b11001 (
b11000 &
0$
#7162000
b11010 #
b11010 '
b11010 (
b11001 &
0$
#7163000
b11011 #
b11011 '
b11011 (
b11010 &
0$
#7164000
b11100 #
b11100 '
b11100 (
b11011 &
0$
#7165000
b11101 #
b11101 '
b11101 (
b11100 &
0$
#7166000
b11110 #
b11110 '
b11110 (
b11101 &
0$
#7167000
b11111 #
b11111 '
b11111 (
b11110 &
0$
#7168000
b0 #
b0 '
b0 (
b11111 &
0$
#7169000
b1 #
b1 '
b1 (
b0 &
0$
#7170000
b10 #
b10 '
b10 (
b1 &
0$
#7171000
b11 #
b11 '
b11 (
b10 &
0$
#7172000
b100 #
b100 '
b100 (
b11 &
0$
#7173000
b101 #
b101 '
b101 (
b100 &
0$
#7174000
b110 #
b110 '
b110 (
b101 &
0$
#7175000
b111 #
b111 '
b111 (
b110 &
0$
#7176000
b1000 #
b1000 '
b1000 (
b111 &
0$
#7177000
b1001 #
b1001 '
b1001 (
b1000 &
0$
#7178000
b1010 #
b1010 '
b1010 (
b1001 &
0$
#7179000
b1011 #
b1011 '
b1011 (
b1010 &
0$
#7180000
b1100 #
b1100 '
b1100 (
b1011 &
0$
#7181000
b1101 #
b1101 '
b1101 (
b1100 &
0$
#7182000
b1110 #
b1110 '
b1110 (
b1101 &
0$
#7183000
b1111 #
b1111 '
b1111 (
b1110 &
0$
#7184000
b10000 #
b10000 '
b10000 (
b1111 &
0$
#7185000
b10001 #
b10001 '
b10001 (
b10000 &
0$
#7186000
b10010 #
b10010 '
b10010 (
b10001 &
0$
#7187000
b10011 #
b10011 '
b10011 (
b10010 &
0$
#7188000
b10100 #
b10100 '
b10100 (
b10011 &
0$
#7189000
b10101 #
b10101 '
b10101 (
b10100 &
0$
#7190000
b10110 #
b10110 '
b10110 (
b10101 &
0$
#7191000
b10111 #
b10111 '
b10111 (
b10110 &
0$
#7192000
b11000 #
b11000 '
b11000 (
b10111 &
0$
#7193000
b11001 #
b11001 '
b11001 (
b11000 &
0$
#7194000
b11010 #
b11010 '
b11010 (
b11001 &
0$
#7195000
b11011 #
b11011 '
b11011 (
b11010 &
0$
#7196000
b11100 #
b11100 '
b11100 (
b11011 &
0$
#7197000
b11101 #
b11101 '
b11101 (
b11100 &
0$
#7198000
b11110 #
b11110 '
b11110 (
b11101 &
0$
#7199000
b11111 #
b11111 '
b11111 (
b11110 &
0$
#7200000
b0 #
b0 '
b0 (
b11111 &
0$
#7201000
b1 #
b1 '
b1 (
b0 &
0$
#7202000
b10 #
b10 '
b10 (
b1 &
0$
#7203000
b11 #
b11 '
b11 (
b10 &
0$
#7204000
b100 #
b100 '
b100 (
b11 &
0$
#7205000
b101 #
b101 '
b101 (
b100 &
0$
#7206000
b110 #
b110 '
b110 (
b101 &
0$
#7207000
b111 #
b111 '
b111 (
b110 &
0$
#7208000
b1000 #
b1000 '
b1000 (
b111 &
0$
#7209000
b1001 #
b1001 '
b1001 (
b1000 &
0$
#7210000
b1010 #
b1010 '
b1010 (
b1001 &
0$
#7211000
b1011 #
b1011 '
b1011 (
b1010 &
0$
#7212000
b1100 #
b1100 '
b1100 (
b1011 &
0$
#7213000
b1101 #
b1101 '
b1101 (
b1100 &
0$
#7214000
b1110 #
b1110 '
b1110 (
b1101 &
0$
#7215000
b1111 #
b1111 '
b1111 (
b1110 &
0$
#7216000
b10000 #
b10000 '
b10000 (
b1111 &
0$
#7217000
b10001 #
b10001 '
b10001 (
b10000 &
0$
#7218000
b10010 #
b10010 '
b10010 (
b10001 &
0$
#7219000
b10011 #
b10011 '
b10011 (
b10010 &
0$
#7220000
b10100 #
b10100 '
b10100 (
b10011 &
0$
#7221000
b10101 #
b10101 '
b10101 (
b10100 &
0$
#7222000
b10110 #
b10110 '
b10110 (
b10101 &
0$
#7223000
b10111 #
b10111 '
b10111 (
b10110 &
0$
#7224000
b11000 #
b11000 '
b11000 (
b10111 &
0$
#7225000
b11001 #
b11001 '
b11001 (
b11000 &
0$
#7226000
b11010 #
b11010 '
b11010 (
b11001 &
0$
#7227000
b11011 #
b11011 '
b11011 (
b11010 &
0$
#7228000
b11100 #
b11100 '
b11100 (
b11011 &
0$
#7229000
b11101 #
b11101 '
b11101 (
b11100 &
0$
#7230000
b11110 #
b11110 '
b11110 (
b11101 &
0$
#7231000
b11111 #
b11111 '
b11111 (
b11110 &
0$
#7232000
b0 #
b0 '
b0 (
b11111 &
0$
#7233000
b1 #
b1 '
b1 (
b0 &
0$
#7234000
b10 #
b10 '
b10 (
b1 &
0$
#7235000
b11 #
b11 '
b11 (
b10 &
0$
#7236000
b100 #
b100 '
b100 (
b11 &
0$
#7237000
b101 #
b101 '
b101 (
b100 &
0$
#7238000
b110 #
b110 '
b110 (
b101 &
0$
#7239000
b111 #
b111 '
b111 (
b110 &
0$
#7240000
b1000 #
b1000 '
b1000 (
b111 &
0$
#7241000
b1001 #
b1001 '
b1001 (
b1000 &
0$
#7242000
b1010 #
b1010 '
b1010 (
b1001 &
0$
#7243000
b1011 #
b1011 '
b1011 (
b1010 &
0$
#7244000
b1100 #
b1100 '
b1100 (
b1011 &
0$
#7245000
b1101 #
b1101 '
b1101 (
b1100 &
0$
#7246000
b1110 #
b1110 '
b1110 (
b1101 &
0$
#7247000
b1111 #
b1111 '
b1111 (
b1110 &
0$
#7248000
b10000 #
b10000 '
b10000 (
b1111 &
0$
#7249000
b10001 #
b10001 '
b10001 (
b10000 &
0$
#7250000
b10010 #
b10010 '
b10010 (
b10001 &
0$
#7251000
b10011 #
b10011 '
b10011 (
b10010 &
0$
#7252000
b10100 #
b10100 '
b10100 (
b10011 &
0$
#7253000
b10101 #
b10101 '
b10101 (
b10100 &
0$
#7254000
b10110 #
b10110 '
b10110 (
b10101 &
0$
#7255000
b10111 #
b10111 '
b10111 (
b10110 &
0$
#7256000
b11000 #
b11000 '
b11000 (
b10111 &
0$
#7257000
b11001 #
b11001 '
b11001 (
b11000 &
0$
#7258000
b11010 #
b11010 '
b11010 (
b11001 &
0$
#7259000
b11011 #
b11011 '
b11011 (
b11010 &
0$
#7260000
b11100 #
b11100 '
b11100 (
b11011 &
0$
#7261000
b11101 #
b11101 '
b11101 (
b11100 &
0$
#7262000
b11110 #
b11110 '
b11110 (
b11101 &
0$
#7263000
b11111 #
b11111 '
b11111 (
b11110 &
0$
#7264000
b0 #
b0 '
b0 (
b11111 &
0$
#7265000
b1 #
b1 '
b1 (
b0 &
0$
#7266000
b10 #
b10 '
b10 (
b1 &
0$
#7267000
b11 #
b11 '
b11 (
b10 &
0$
#7268000
b100 #
b100 '
b100 (
b11 &
0$
#7269000
b101 #
b101 '
b101 (
b100 &
0$
#7270000
b110 #
b110 '
b110 (
b101 &
0$
#7271000
b111 #
b111 '
b111 (
b110 &
0$
#7272000
b1000 #
b1000 '
b1000 (
b111 &
0$
#7273000
b1001 #
b1001 '
b1001 (
b1000 &
0$
#7274000
b1010 #
b1010 '
b1010 (
b1001 &
0$
#7275000
b1011 #
b1011 '
b1011 (
b1010 &
0$
#7276000
b1100 #
b1100 '
b1100 (
b1011 &
0$
#7277000
b1101 #
b1101 '
b1101 (
b1100 &
0$
#7278000
b1110 #
b1110 '
b1110 (
b1101 &
0$
#7279000
b1111 #
b1111 '
b1111 (
b1110 &
0$
#7280000
b10000 #
b10000 '
b10000 (
b1111 &
0$
#7281000
b10001 #
b10001 '
b10001 (
b10000 &
0$
#7282000
b10010 #
b10010 '
b10010 (
b10001 &
0$
#7283000
b10011 #
b10011 '
b10011 (
b10010 &
0$
#7284000
b10100 #
b10100 '
b10100 (
b10011 &
0$
#7285000
b10101 #
b10101 '
b10101 (
b10100 &
0$
#7286000
b10110 #
b10110 '
b10110 (
b10101 &
0$
#7287000
b10111 #
b10111 '
b10111 (
b10110 &
0$
#7288000
b11000 #
b11000 '
b11000 (
b10111 &
0$
#7289000
b11001 #
b11001 '
b11001 (
b11000 &
0$
#7290000
b11010 #
b11010 '
b11010 (
b11001 &
0$
#7291000
b11011 #
b11011 '
b11011 (
b11010 &
0$
#7292000
b11100 #
b11100 '
b11100 (
b11011 &
0$
#7293000
b11101 #
b11101 '
b11101 (
b11100 &
0$
#7294000
b11110 #
b11110 '
b11110 (
b11101 &
0$
#7295000
b11111 #
b11111 '
b11111 (
b11110 &
0$
#7296000
b0 #
b0 '
b0 (
b11111 &
0$
#7297000
b1 #
b1 '
b1 (
b0 &
0$
#7298000
b10 #
b10 '
b10 (
b1 &
0$
#7299000
b11 #
b11 '
b11 (
b10 &
0$
#7300000
b100 #
b100 '
b100 (
b11 &
0$
#7301000
b101 #
b101 '
b101 (
b100 &
0$
#7302000
b110 #
b110 '
b110 (
b101 &
0$
#7303000
b111 #
b111 '
b111 (
b110 &
0$
#7304000
b1000 #
b1000 '
b1000 (
b111 &
0$
#7305000
b1001 #
b1001 '
b1001 (
b1000 &
0$
#7306000
b1010 #
b1010 '
b1010 (
b1001 &
0$
#7307000
b1011 #
b1011 '
b1011 (
b1010 &
0$
#7308000
b1100 #
b1100 '
b1100 (
b1011 &
0$
#7309000
b1101 #
b1101 '
b1101 (
b1100 &
0$
#7310000
b1110 #
b1110 '
b1110 (
b1101 &
0$
#7311000
b1111 #
b1111 '
b1111 (
b1110 &
0$
#7312000
b10000 #
b10000 '
b10000 (
b1111 &
0$
#7313000
b10001 #
b10001 '
b10001 (
b10000 &
0$
#7314000
b10010 #
b10010 '
b10010 (
b10001 &
0$
#7315000
b10011 #
b10011 '
b10011 (
b10010 &
0$
#7316000
b10100 #
b10100 '
b10100 (
b10011 &
0$
#7317000
b10101 #
b10101 '
b10101 (
b10100 &
0$
#7318000
b10110 #
b10110 '
b10110 (
b10101 &
0$
#7319000
b10111 #
b10111 '
b10111 (
b10110 &
0$
#7320000
b11000 #
b11000 '
b11000 (
b10111 &
0$
#7321000
b11001 #
b11001 '
b11001 (
b11000 &
0$
#7322000
b11010 #
b11010 '
b11010 (
b11001 &
0$
#7323000
b11011 #
b11011 '
b11011 (
b11010 &
0$
#7324000
b11100 #
b11100 '
b11100 (
b11011 &
0$
#7325000
b11101 #
b11101 '
b11101 (
b11100 &
0$
#7326000
b11110 #
b11110 '
b11110 (
b11101 &
0$
#7327000
b11111 #
b11111 '
b11111 (
b11110 &
0$
#7328000
b0 #
b0 '
b0 (
b11111 &
0$
#7329000
b1 #
b1 '
b1 (
b0 &
0$
#7330000
b10 #
b10 '
b10 (
b1 &
0$
#7331000
b11 #
b11 '
b11 (
b10 &
0$
#7332000
b100 #
b100 '
b100 (
b11 &
0$
#7333000
b101 #
b101 '
b101 (
b100 &
0$
#7334000
b110 #
b110 '
b110 (
b101 &
0$
#7335000
b111 #
b111 '
b111 (
b110 &
0$
#7336000
b1000 #
b1000 '
b1000 (
b111 &
0$
#7337000
b1001 #
b1001 '
b1001 (
b1000 &
0$
#7338000
b1010 #
b1010 '
b1010 (
b1001 &
0$
#7339000
b1011 #
b1011 '
b1011 (
b1010 &
0$
#7340000
b1100 #
b1100 '
b1100 (
b1011 &
0$
#7341000
b1101 #
b1101 '
b1101 (
b1100 &
0$
#7342000
b1110 #
b1110 '
b1110 (
b1101 &
0$
#7343000
b1111 #
b1111 '
b1111 (
b1110 &
0$
#7344000
b10000 #
b10000 '
b10000 (
b1111 &
0$
#7345000
b10001 #
b10001 '
b10001 (
b10000 &
0$
#7346000
b10010 #
b10010 '
b10010 (
b10001 &
0$
#7347000
b10011 #
b10011 '
b10011 (
b10010 &
0$
#7348000
b10100 #
b10100 '
b10100 (
b10011 &
0$
#7349000
b10101 #
b10101 '
b10101 (
b10100 &
0$
#7350000
b10110 #
b10110 '
b10110 (
b10101 &
0$
#7351000
b10111 #
b10111 '
b10111 (
b10110 &
0$
#7352000
b11000 #
b11000 '
b11000 (
b10111 &
0$
#7353000
b11001 #
b11001 '
b11001 (
b11000 &
0$
#7354000
b11010 #
b11010 '
b11010 (
b11001 &
0$
#7355000
b11011 #
b11011 '
b11011 (
b11010 &
0$
#7356000
b11100 #
b11100 '
b11100 (
b11011 &
0$
#7357000
b11101 #
b11101 '
b11101 (
b11100 &
0$
#7358000
b11110 #
b11110 '
b11110 (
b11101 &
0$
#7359000
b11111 #
b11111 '
b11111 (
b11110 &
0$
#7360000
b0 #
b0 '
b0 (
b11111 &
0$
#7361000
b1 #
b1 '
b1 (
b0 &
0$
#7362000
b10 #
b10 '
b10 (
b1 &
0$
#7363000
b11 #
b11 '
b11 (
b10 &
0$
#7364000
b100 #
b100 '
b100 (
b11 &
0$
#7365000
b101 #
b101 '
b101 (
b100 &
0$
#7366000
b110 #
b110 '
b110 (
b101 &
0$
#7367000
b111 #
b111 '
b111 (
b110 &
0$
#7368000
b1000 #
b1000 '
b1000 (
b111 &
0$
#7369000
b1001 #
b1001 '
b1001 (
b1000 &
0$
#7370000
b1010 #
b1010 '
b1010 (
b1001 &
0$
#7371000
b1011 #
b1011 '
b1011 (
b1010 &
0$
#7372000
b1100 #
b1100 '
b1100 (
b1011 &
0$
#7373000
b1101 #
b1101 '
b1101 (
b1100 &
0$
#7374000
b1110 #
b1110 '
b1110 (
b1101 &
0$
#7375000
b1111 #
b1111 '
b1111 (
b1110 &
0$
#7376000
b10000 #
b10000 '
b10000 (
b1111 &
0$
#7377000
b10001 #
b10001 '
b10001 (
b10000 &
0$
#7378000
b10010 #
b10010 '
b10010 (
b10001 &
0$
#7379000
b10011 #
b10011 '
b10011 (
b10010 &
0$
#7380000
b10100 #
b10100 '
b10100 (
b10011 &
0$
#7381000
b10101 #
b10101 '
b10101 (
b10100 &
0$
#7382000
b10110 #
b10110 '
b10110 (
b10101 &
0$
#7383000
b10111 #
b10111 '
b10111 (
b10110 &
0$
#7384000
b11000 #
b11000 '
b11000 (
b10111 &
0$
#7385000
b11001 #
b11001 '
b11001 (
b11000 &
0$
#7386000
b11010 #
b11010 '
b11010 (
b11001 &
0$
#7387000
b11011 #
b11011 '
b11011 (
b11010 &
0$
#7388000
b11100 #
b11100 '
b11100 (
b11011 &
0$
#7389000
b11101 #
b11101 '
b11101 (
b11100 &
0$
#7390000
b11110 #
b11110 '
b11110 (
b11101 &
0$
#7391000
b11111 #
b11111 '
b11111 (
b11110 &
0$
#7392000
b0 #
b0 '
b0 (
b11111 &
0$
#7393000
b1 #
b1 '
b1 (
b0 &
0$
#7394000
b10 #
b10 '
b10 (
b1 &
0$
#7395000
b11 #
b11 '
b11 (
b10 &
0$
#7396000
b100 #
b100 '
b100 (
b11 &
0$
#7397000
b101 #
b101 '
b101 (
b100 &
0$
#7398000
b110 #
b110 '
b110 (
b101 &
0$
#7399000
b111 #
b111 '
b111 (
b110 &
0$
#7400000
b1000 #
b1000 '
b1000 (
b111 &
0$
#7401000
b1001 #
b1001 '
b1001 (
b1000 &
0$
#7402000
b1010 #
b1010 '
b1010 (
b1001 &
0$
#7403000
b1011 #
b1011 '
b1011 (
b1010 &
0$
#7404000
b1100 #
b1100 '
b1100 (
b1011 &
0$
#7405000
b1101 #
b1101 '
b1101 (
b1100 &
0$
#7406000
b1110 #
b1110 '
b1110 (
b1101 &
0$
#7407000
b1111 #
b1111 '
b1111 (
b1110 &
0$
#7408000
b10000 #
b10000 '
b10000 (
b1111 &
0$
#7409000
b10001 #
b10001 '
b10001 (
b10000 &
0$
#7410000
b10010 #
b10010 '
b10010 (
b10001 &
0$
#7411000
b10011 #
b10011 '
b10011 (
b10010 &
0$
#7412000
b10100 #
b10100 '
b10100 (
b10011 &
0$
#7413000
b10101 #
b10101 '
b10101 (
b10100 &
0$
#7414000
b10110 #
b10110 '
b10110 (
b10101 &
0$
#7415000
b10111 #
b10111 '
b10111 (
b10110 &
0$
#7416000
b11000 #
b11000 '
b11000 (
b10111 &
0$
#7417000
b11001 #
b11001 '
b11001 (
b11000 &
0$
#7418000
b11010 #
b11010 '
b11010 (
b11001 &
0$
#7419000
b11011 #
b11011 '
b11011 (
b11010 &
0$
#7420000
b11100 #
b11100 '
b11100 (
b11011 &
0$
#7421000
b11101 #
b11101 '
b11101 (
b11100 &
0$
#7422000
b11110 #
b11110 '
b11110 (
b11101 &
0$
#7423000
b11111 #
b11111 '
b11111 (
b11110 &
0$
#7424000
b0 #
b0 '
b0 (
b11111 &
0$
#7425000
b1 #
b1 '
b1 (
b0 &
0$
#7426000
b10 #
b10 '
b10 (
b1 &
0$
#7427000
b11 #
b11 '
b11 (
b10 &
0$
#7428000
b100 #
b100 '
b100 (
b11 &
0$
#7429000
b101 #
b101 '
b101 (
b100 &
0$
#7430000
b110 #
b110 '
b110 (
b101 &
0$
#7431000
b111 #
b111 '
b111 (
b110 &
0$
#7432000
b1000 #
b1000 '
b1000 (
b111 &
0$
#7433000
b1001 #
b1001 '
b1001 (
b1000 &
0$
#7434000
b1010 #
b1010 '
b1010 (
b1001 &
0$
#7435000
b1011 #
b1011 '
b1011 (
b1010 &
0$
#7436000
b1100 #
b1100 '
b1100 (
b1011 &
0$
#7437000
b1101 #
b1101 '
b1101 (
b1100 &
0$
#7438000
b1110 #
b1110 '
b1110 (
b1101 &
0$
#7439000
b1111 #
b1111 '
b1111 (
b1110 &
0$
#7440000
b10000 #
b10000 '
b10000 (
b1111 &
0$
#7441000
b10001 #
b10001 '
b10001 (
b10000 &
0$
#7442000
b10010 #
b10010 '
b10010 (
b10001 &
0$
#7443000
b10011 #
b10011 '
b10011 (
b10010 &
0$
#7444000
b10100 #
b10100 '
b10100 (
b10011 &
0$
#7445000
b10101 #
b10101 '
b10101 (
b10100 &
0$
#7446000
b10110 #
b10110 '
b10110 (
b10101 &
0$
#7447000
b10111 #
b10111 '
b10111 (
b10110 &
0$
#7448000
b11000 #
b11000 '
b11000 (
b10111 &
0$
#7449000
b11001 #
b11001 '
b11001 (
b11000 &
0$
#7450000
b11010 #
b11010 '
b11010 (
b11001 &
0$
#7451000
b11011 #
b11011 '
b11011 (
b11010 &
0$
#7452000
b11100 #
b11100 '
b11100 (
b11011 &
0$
#7453000
b11101 #
b11101 '
b11101 (
b11100 &
0$
#7454000
b11110 #
b11110 '
b11110 (
b11101 &
0$
#7455000
b11111 #
b11111 '
b11111 (
b11110 &
0$
#7456000
b0 #
b0 '
b0 (
b11111 &
0$
#7457000
b1 #
b1 '
b1 (
b0 &
0$
#7458000
b10 #
b10 '
b10 (
b1 &
0$
#7459000
b11 #
b11 '
b11 (
b10 &
0$
#7460000
b100 #
b100 '
b100 (
b11 &
0$
#7461000
b101 #
b101 '
b101 (
b100 &
0$
#7462000
b110 #
b110 '
b110 (
b101 &
0$
#7463000
b111 #
b111 '
b111 (
b110 &
0$
#7464000
b1000 #
b1000 '
b1000 (
b111 &
0$
#7465000
b1001 #
b1001 '
b1001 (
b1000 &
0$
#7466000
b1010 #
b1010 '
b1010 (
b1001 &
0$
#7467000
b1011 #
b1011 '
b1011 (
b1010 &
0$
#7468000
b1100 #
b1100 '
b1100 (
b1011 &
0$
#7469000
b1101 #
b1101 '
b1101 (
b1100 &
0$
#7470000
b1110 #
b1110 '
b1110 (
b1101 &
0$
#7471000
b1111 #
b1111 '
b1111 (
b1110 &
0$
#7472000
b10000 #
b10000 '
b10000 (
b1111 &
0$
#7473000
b10001 #
b10001 '
b10001 (
b10000 &
0$
#7474000
b10010 #
b10010 '
b10010 (
b10001 &
0$
#7475000
b10011 #
b10011 '
b10011 (
b10010 &
0$
#7476000
b10100 #
b10100 '
b10100 (
b10011 &
0$
#7477000
b10101 #
b10101 '
b10101 (
b10100 &
0$
#7478000
b10110 #
b10110 '
b10110 (
b10101 &
0$
#7479000
b10111 #
b10111 '
b10111 (
b10110 &
0$
#7480000
b11000 #
b11000 '
b11000 (
b10111 &
0$
#7481000
b11001 #
b11001 '
b11001 (
b11000 &
0$
#7482000
b11010 #
b11010 '
b11010 (
b11001 &
0$
#7483000
b11011 #
b11011 '
b11011 (
b11010 &
0$
#7484000
b11100 #
b11100 '
b11100 (
b11011 &
0$
#7485000
b11101 #
b11101 '
b11101 (
b11100 &
0$
#7486000
b11110 #
b11110 '
b11110 (
b11101 &
0$
#7487000
b11111 #
b11111 '
b11111 (
b11110 &
0$
#7488000
b0 #
b0 '
b0 (
b11111 &
0$
#7489000
b1 #
b1 '
b1 (
b0 &
0$
#7490000
b10 #
b10 '
b10 (
b1 &
0$
#7491000
b11 #
b11 '
b11 (
b10 &
0$
#7492000
b100 #
b100 '
b100 (
b11 &
0$
#7493000
b101 #
b101 '
b101 (
b100 &
0$
#7494000
b110 #
b110 '
b110 (
b101 &
0$
#7495000
b111 #
b111 '
b111 (
b110 &
0$
#7496000
b1000 #
b1000 '
b1000 (
b111 &
0$
#7497000
b1001 #
b1001 '
b1001 (
b1000 &
0$
#7498000
b1010 #
b1010 '
b1010 (
b1001 &
0$
#7499000
b1011 #
b1011 '
b1011 (
b1010 &
0$
#7500000
b1100 #
b1100 '
b1100 (
b1011 &
0$
#7501000
b1101 #
b1101 '
b1101 (
b1100 &
0$
#7502000
b1110 #
b1110 '
b1110 (
b1101 &
0$
#7503000
b1111 #
b1111 '
b1111 (
b1110 &
0$
#7504000
b10000 #
b10000 '
b10000 (
b1111 &
0$
#7505000
b10001 #
b10001 '
b10001 (
b10000 &
0$
#7506000
b10010 #
b10010 '
b10010 (
b10001 &
0$
#7507000
b10011 #
b10011 '
b10011 (
b10010 &
0$
#7508000
b10100 #
b10100 '
b10100 (
b10011 &
0$
#7509000
b10101 #
b10101 '
b10101 (
b10100 &
0$
#7510000
b10110 #
b10110 '
b10110 (
b10101 &
0$
#7511000
b10111 #
b10111 '
b10111 (
b10110 &
0$
#7512000
b11000 #
b11000 '
b11000 (
b10111 &
0$
#7513000
b11001 #
b11001 '
b11001 (
b11000 &
0$
#7514000
b11010 #
b11010 '
b11010 (
b11001 &
0$
#7515000
b11011 #
b11011 '
b11011 (
b11010 &
0$
#7516000
b11100 #
b11100 '
b11100 (
b11011 &
0$
#7517000
b11101 #
b11101 '
b11101 (
b11100 &
0$
#7518000
b11110 #
b11110 '
b11110 (
b11101 &
0$
#7519000
b11111 #
b11111 '
b11111 (
b11110 &
0$
#7520000
b0 #
b0 '
b0 (
b11111 &
0$
#7521000
b1 #
b1 '
b1 (
b0 &
0$
#7522000
b10 #
b10 '
b10 (
b1 &
0$
#7523000
b11 #
b11 '
b11 (
b10 &
0$
#7524000
b100 #
b100 '
b100 (
b11 &
0$
#7525000
b101 #
b101 '
b101 (
b100 &
0$
#7526000
b110 #
b110 '
b110 (
b101 &
0$
#7527000
b111 #
b111 '
b111 (
b110 &
0$
#7528000
b1000 #
b1000 '
b1000 (
b111 &
0$
#7529000
b1001 #
b1001 '
b1001 (
b1000 &
0$
#7530000
b1010 #
b1010 '
b1010 (
b1001 &
0$
#7531000
b1011 #
b1011 '
b1011 (
b1010 &
0$
#7532000
b1100 #
b1100 '
b1100 (
b1011 &
0$
#7533000
b1101 #
b1101 '
b1101 (
b1100 &
0$
#7534000
b1110 #
b1110 '
b1110 (
b1101 &
0$
#7535000
b1111 #
b1111 '
b1111 (
b1110 &
0$
#7536000
b10000 #
b10000 '
b10000 (
b1111 &
0$
#7537000
b10001 #
b10001 '
b10001 (
b10000 &
0$
#7538000
b10010 #
b10010 '
b10010 (
b10001 &
0$
#7539000
b10011 #
b10011 '
b10011 (
b10010 &
0$
#7540000
b10100 #
b10100 '
b10100 (
b10011 &
0$
#7541000
b10101 #
b10101 '
b10101 (
b10100 &
0$
#7542000
b10110 #
b10110 '
b10110 (
b10101 &
0$
#7543000
b10111 #
b10111 '
b10111 (
b10110 &
0$
#7544000
b11000 #
b11000 '
b11000 (
b10111 &
0$
#7545000
b11001 #
b11001 '
b11001 (
b11000 &
0$
#7546000
b11010 #
b11010 '
b11010 (
b11001 &
0$
#7547000
b11011 #
b11011 '
b11011 (
b11010 &
0$
#7548000
b11100 #
b11100 '
b11100 (
b11011 &
0$
#7549000
b11101 #
b11101 '
b11101 (
b11100 &
0$
#7550000
b11110 #
b11110 '
b11110 (
b11101 &
0$
#7551000
b11111 #
b11111 '
b11111 (
b11110 &
0$
#7552000
b0 #
b0 '
b0 (
b11111 &
0$
#7553000
b1 #
b1 '
b1 (
b0 &
0$
#7554000
b10 #
b10 '
b10 (
b1 &
0$
#7555000
b11 #
b11 '
b11 (
b10 &
0$
#7556000
b100 #
b100 '
b100 (
b11 &
0$
#7557000
b101 #
b101 '
b101 (
b100 &
0$
#7558000
b110 #
b110 '
b110 (
b101 &
0$
#7559000
b111 #
b111 '
b111 (
b110 &
0$
#7560000
b1000 #
b1000 '
b1000 (
b111 &
0$
#7561000
b1001 #
b1001 '
b1001 (
b1000 &
0$
#7562000
b1010 #
b1010 '
b1010 (
b1001 &
0$
#7563000
b1011 #
b1011 '
b1011 (
b1010 &
0$
#7564000
b1100 #
b1100 '
b1100 (
b1011 &
0$
#7565000
b1101 #
b1101 '
b1101 (
b1100 &
0$
#7566000
b1110 #
b1110 '
b1110 (
b1101 &
0$
#7567000
b1111 #
b1111 '
b1111 (
b1110 &
0$
#7568000
b10000 #
b10000 '
b10000 (
b1111 &
0$
#7569000
b10001 #
b10001 '
b10001 (
b10000 &
0$
#7570000
b10010 #
b10010 '
b10010 (
b10001 &
0$
#7571000
b10011 #
b10011 '
b10011 (
b10010 &
0$
#7572000
b10100 #
b10100 '
b10100 (
b10011 &
0$
#7573000
b10101 #
b10101 '
b10101 (
b10100 &
0$
#7574000
b10110 #
b10110 '
b10110 (
b10101 &
0$
#7575000
b10111 #
b10111 '
b10111 (
b10110 &
0$
#7576000
b11000 #
b11000 '
b11000 (
b10111 &
0$
#7577000
b11001 #
b11001 '
b11001 (
b11000 &
0$
#7578000
b11010 #
b11010 '
b11010 (
b11001 &
0$
#7579000
b11011 #
b11011 '
b11011 (
b11010 &
0$
#7580000
b11100 #
b11100 '
b11100 (
b11011 &
0$
#7581000
b11101 #
b11101 '
b11101 (
b11100 &
0$
#7582000
b11110 #
b11110 '
b11110 (
b11101 &
0$
#7583000
b11111 #
b11111 '
b11111 (
b11110 &
0$
#7584000
b0 #
b0 '
b0 (
b11111 &
0$
#7585000
b1 #
b1 '
b1 (
b0 &
0$
#7586000
b10 #
b10 '
b10 (
b1 &
0$
#7587000
b11 #
b11 '
b11 (
b10 &
0$
#7588000
b100 #
b100 '
b100 (
b11 &
0$
#7589000
b101 #
b101 '
b101 (
b100 &
0$
#7590000
b110 #
b110 '
b110 (
b101 &
0$
#7591000
b111 #
b111 '
b111 (
b110 &
0$
#7592000
b1000 #
b1000 '
b1000 (
b111 &
0$
#7593000
b1001 #
b1001 '
b1001 (
b1000 &
0$
#7594000
b1010 #
b1010 '
b1010 (
b1001 &
0$
#7595000
b1011 #
b1011 '
b1011 (
b1010 &
0$
#7596000
b1100 #
b1100 '
b1100 (
b1011 &
0$
#7597000
b1101 #
b1101 '
b1101 (
b1100 &
0$
#7598000
b1110 #
b1110 '
b1110 (
b1101 &
0$
#7599000
b1111 #
b1111 '
b1111 (
b1110 &
0$
#7600000
b10000 #
b10000 '
b10000 (
b1111 &
0$
#7601000
b10001 #
b10001 '
b10001 (
b10000 &
0$
#7602000
b10010 #
b10010 '
b10010 (
b10001 &
0$
#7603000
b10011 #
b10011 '
b10011 (
b10010 &
0$
#7604000
b10100 #
b10100 '
b10100 (
b10011 &
0$
#7605000
b10101 #
b10101 '
b10101 (
b10100 &
0$
#7606000
b10110 #
b10110 '
b10110 (
b10101 &
0$
#7607000
b10111 #
b10111 '
b10111 (
b10110 &
0$
#7608000
b11000 #
b11000 '
b11000 (
b10111 &
0$
#7609000
b11001 #
b11001 '
b11001 (
b11000 &
0$
#7610000
b11010 #
b11010 '
b11010 (
b11001 &
0$
#7611000
b11011 #
b11011 '
b11011 (
b11010 &
0$
#7612000
b11100 #
b11100 '
b11100 (
b11011 &
0$
#7613000
b11101 #
b11101 '
b11101 (
b11100 &
0$
#7614000
b11110 #
b11110 '
b11110 (
b11101 &
0$
#7615000
b11111 #
b11111 '
b11111 (
b11110 &
0$
#7616000
b0 #
b0 '
b0 (
b11111 &
0$
#7617000
b1 #
b1 '
b1 (
b0 &
0$
#7618000
b10 #
b10 '
b10 (
b1 &
0$
#7619000
b11 #
b11 '
b11 (
b10 &
0$
#7620000
b100 #
b100 '
b100 (
b11 &
0$
#7621000
b101 #
b101 '
b101 (
b100 &
0$
#7622000
b110 #
b110 '
b110 (
b101 &
0$
#7623000
b111 #
b111 '
b111 (
b110 &
0$
#7624000
b1000 #
b1000 '
b1000 (
b111 &
0$
#7625000
b1001 #
b1001 '
b1001 (
b1000 &
0$
#7626000
b1010 #
b1010 '
b1010 (
b1001 &
0$
#7627000
b1011 #
b1011 '
b1011 (
b1010 &
0$
#7628000
b1100 #
b1100 '
b1100 (
b1011 &
0$
#7629000
b1101 #
b1101 '
b1101 (
b1100 &
0$
#7630000
b1110 #
b1110 '
b1110 (
b1101 &
0$
#7631000
b1111 #
b1111 '
b1111 (
b1110 &
0$
#7632000
b10000 #
b10000 '
b10000 (
b1111 &
0$
#7633000
b10001 #
b10001 '
b10001 (
b10000 &
0$
#7634000
b10010 #
b10010 '
b10010 (
b10001 &
0$
#7635000
b10011 #
b10011 '
b10011 (
b10010 &
0$
#7636000
b10100 #
b10100 '
b10100 (
b10011 &
0$
#7637000
b10101 #
b10101 '
b10101 (
b10100 &
0$
#7638000
b10110 #
b10110 '
b10110 (
b10101 &
0$
#7639000
b10111 #
b10111 '
b10111 (
b10110 &
0$
#7640000
b11000 #
b11000 '
b11000 (
b10111 &
0$
#7641000
b11001 #
b11001 '
b11001 (
b11000 &
0$
#7642000
b11010 #
b11010 '
b11010 (
b11001 &
0$
#7643000
b11011 #
b11011 '
b11011 (
b11010 &
0$
#7644000
b11100 #
b11100 '
b11100 (
b11011 &
0$
#7645000
b11101 #
b11101 '
b11101 (
b11100 &
0$
#7646000
b11110 #
b11110 '
b11110 (
b11101 &
0$
#7647000
b11111 #
b11111 '
b11111 (
b11110 &
0$
#7648000
b0 #
b0 '
b0 (
b11111 &
0$
#7649000
b1 #
b1 '
b1 (
b0 &
0$
#7650000
b10 #
b10 '
b10 (
b1 &
0$
#7651000
b11 #
b11 '
b11 (
b10 &
0$
#7652000
b100 #
b100 '
b100 (
b11 &
0$
#7653000
b101 #
b101 '
b101 (
b100 &
0$
#7654000
b110 #
b110 '
b110 (
b101 &
0$
#7655000
b111 #
b111 '
b111 (
b110 &
0$
#7656000
b1000 #
b1000 '
b1000 (
b111 &
0$
#7657000
b1001 #
b1001 '
b1001 (
b1000 &
0$
#7658000
b1010 #
b1010 '
b1010 (
b1001 &
0$
#7659000
b1011 #
b1011 '
b1011 (
b1010 &
0$
#7660000
b1100 #
b1100 '
b1100 (
b1011 &
0$
#7661000
b1101 #
b1101 '
b1101 (
b1100 &
0$
#7662000
b1110 #
b1110 '
b1110 (
b1101 &
0$
#7663000
b1111 #
b1111 '
b1111 (
b1110 &
0$
#7664000
b10000 #
b10000 '
b10000 (
b1111 &
0$
#7665000
b10001 #
b10001 '
b10001 (
b10000 &
0$
#7666000
b10010 #
b10010 '
b10010 (
b10001 &
0$
#7667000
b10011 #
b10011 '
b10011 (
b10010 &
0$
#7668000
b10100 #
b10100 '
b10100 (
b10011 &
0$
#7669000
b10101 #
b10101 '
b10101 (
b10100 &
0$
#7670000
b10110 #
b10110 '
b10110 (
b10101 &
0$
#7671000
b10111 #
b10111 '
b10111 (
b10110 &
0$
#7672000
b11000 #
b11000 '
b11000 (
b10111 &
0$
#7673000
b11001 #
b11001 '
b11001 (
b11000 &
0$
#7674000
b11010 #
b11010 '
b11010 (
b11001 &
0$
#7675000
b11011 #
b11011 '
b11011 (
b11010 &
0$
#7676000
b11100 #
b11100 '
b11100 (
b11011 &
0$
#7677000
b11101 #
b11101 '
b11101 (
b11100 &
0$
#7678000
b11110 #
b11110 '
b11110 (
b11101 &
0$
#7679000
b11111 #
b11111 '
b11111 (
b11110 &
0$
#7680000
b0 #
b0 '
b0 (
b11111 &
0$
#7681000
b1 #
b1 '
b1 (
b0 &
0$
#7682000
b10 #
b10 '
b10 (
b1 &
0$
#7683000
b11 #
b11 '
b11 (
b10 &
0$
#7684000
b100 #
b100 '
b100 (
b11 &
0$
#7685000
b101 #
b101 '
b101 (
b100 &
0$
#7686000
b110 #
b110 '
b110 (
b101 &
0$
#7687000
b111 #
b111 '
b111 (
b110 &
0$
#7688000
b1000 #
b1000 '
b1000 (
b111 &
0$
#7689000
b1001 #
b1001 '
b1001 (
b1000 &
0$
#7690000
b1010 #
b1010 '
b1010 (
b1001 &
0$
#7691000
b1011 #
b1011 '
b1011 (
b1010 &
0$
#7692000
b1100 #
b1100 '
b1100 (
b1011 &
0$
#7693000
b1101 #
b1101 '
b1101 (
b1100 &
0$
#7694000
b1110 #
b1110 '
b1110 (
b1101 &
0$
#7695000
b1111 #
b1111 '
b1111 (
b1110 &
0$
#7696000
b10000 #
b10000 '
b10000 (
b1111 &
0$
#7697000
b10001 #
b10001 '
b10001 (
b10000 &
0$
#7698000
b10010 #
b10010 '
b10010 (
b10001 &
0$
#7699000
b10011 #
b10011 '
b10011 (
b10010 &
0$
#7700000
b10100 #
b10100 '
b10100 (
b10011 &
0$
#7701000
b10101 #
b10101 '
b10101 (
b10100 &
0$
#7702000
b10110 #
b10110 '
b10110 (
b10101 &
0$
#7703000
b10111 #
b10111 '
b10111 (
b10110 &
0$
#7704000
b11000 #
b11000 '
b11000 (
b10111 &
0$
#7705000
b11001 #
b11001 '
b11001 (
b11000 &
0$
#7706000
b11010 #
b11010 '
b11010 (
b11001 &
0$
#7707000
b11011 #
b11011 '
b11011 (
b11010 &
0$
#7708000
b11100 #
b11100 '
b11100 (
b11011 &
0$
#7709000
b11101 #
b11101 '
b11101 (
b11100 &
0$
#7710000
b11110 #
b11110 '
b11110 (
b11101 &
0$
#7711000
b11111 #
b11111 '
b11111 (
b11110 &
0$
#7712000
b0 #
b0 '
b0 (
b11111 &
0$
#7713000
b1 #
b1 '
b1 (
b0 &
0$
#7714000
b10 #
b10 '
b10 (
b1 &
0$
#7715000
b11 #
b11 '
b11 (
b10 &
0$
#7716000
b100 #
b100 '
b100 (
b11 &
0$
#7717000
b101 #
b101 '
b101 (
b100 &
0$
#7718000
b110 #
b110 '
b110 (
b101 &
0$
#7719000
b111 #
b111 '
b111 (
b110 &
0$
#7720000
b1000 #
b1000 '
b1000 (
b111 &
0$
#7721000
b1001 #
b1001 '
b1001 (
b1000 &
0$
#7722000
b1010 #
b1010 '
b1010 (
b1001 &
0$
#7723000
b1011 #
b1011 '
b1011 (
b1010 &
0$
#7724000
b1100 #
b1100 '
b1100 (
b1011 &
0$
#7725000
b1101 #
b1101 '
b1101 (
b1100 &
0$
#7726000
b1110 #
b1110 '
b1110 (
b1101 &
0$
#7727000
b1111 #
b1111 '
b1111 (
b1110 &
0$
#7728000
b10000 #
b10000 '
b10000 (
b1111 &
0$
#7729000
b10001 #
b10001 '
b10001 (
b10000 &
0$
#7730000
b10010 #
b10010 '
b10010 (
b10001 &
0$
#7731000
b10011 #
b10011 '
b10011 (
b10010 &
0$
#7732000
b10100 #
b10100 '
b10100 (
b10011 &
0$
#7733000
b10101 #
b10101 '
b10101 (
b10100 &
0$
#7734000
b10110 #
b10110 '
b10110 (
b10101 &
0$
#7735000
b10111 #
b10111 '
b10111 (
b10110 &
0$
#7736000
b11000 #
b11000 '
b11000 (
b10111 &
0$
#7737000
b11001 #
b11001 '
b11001 (
b11000 &
0$
#7738000
b11010 #
b11010 '
b11010 (
b11001 &
0$
#7739000
b11011 #
b11011 '
b11011 (
b11010 &
0$
#7740000
b11100 #
b11100 '
b11100 (
b11011 &
0$
#7741000
b11101 #
b11101 '
b11101 (
b11100 &
0$
#7742000
b11110 #
b11110 '
b11110 (
b11101 &
0$
#7743000
b11111 #
b11111 '
b11111 (
b11110 &
0$
#7744000
b0 #
b0 '
b0 (
b11111 &
0$
#7745000
b1 #
b1 '
b1 (
b0 &
0$
#7746000
b10 #
b10 '
b10 (
b1 &
0$
#7747000
b11 #
b11 '
b11 (
b10 &
0$
#7748000
b100 #
b100 '
b100 (
b11 &
0$
#7749000
b101 #
b101 '
b101 (
b100 &
0$
#7750000
b110 #
b110 '
b110 (
b101 &
0$
#7751000
b111 #
b111 '
b111 (
b110 &
0$
#7752000
b1000 #
b1000 '
b1000 (
b111 &
0$
#7753000
b1001 #
b1001 '
b1001 (
b1000 &
0$
#7754000
b1010 #
b1010 '
b1010 (
b1001 &
0$
#7755000
b1011 #
b1011 '
b1011 (
b1010 &
0$
#7756000
b1100 #
b1100 '
b1100 (
b1011 &
0$
#7757000
b1101 #
b1101 '
b1101 (
b1100 &
0$
#7758000
b1110 #
b1110 '
b1110 (
b1101 &
0$
#7759000
b1111 #
b1111 '
b1111 (
b1110 &
0$
#7760000
b10000 #
b10000 '
b10000 (
b1111 &
0$
#7761000
b10001 #
b10001 '
b10001 (
b10000 &
0$
#7762000
b10010 #
b10010 '
b10010 (
b10001 &
0$
#7763000
b10011 #
b10011 '
b10011 (
b10010 &
0$
#7764000
b10100 #
b10100 '
b10100 (
b10011 &
0$
#7765000
b10101 #
b10101 '
b10101 (
b10100 &
0$
#7766000
b10110 #
b10110 '
b10110 (
b10101 &
0$
#7767000
b10111 #
b10111 '
b10111 (
b10110 &
0$
#7768000
b11000 #
b11000 '
b11000 (
b10111 &
0$
#7769000
b11001 #
b11001 '
b11001 (
b11000 &
0$
#7770000
b11010 #
b11010 '
b11010 (
b11001 &
0$
#7771000
b11011 #
b11011 '
b11011 (
b11010 &
0$
#7772000
b11100 #
b11100 '
b11100 (
b11011 &
0$
#7773000
b11101 #
b11101 '
b11101 (
b11100 &
0$
#7774000
b11110 #
b11110 '
b11110 (
b11101 &
0$
#7775000
b11111 #
b11111 '
b11111 (
b11110 &
0$
#7776000
b0 #
b0 '
b0 (
b11111 &
0$
#7777000
b1 #
b1 '
b1 (
b0 &
0$
#7778000
b10 #
b10 '
b10 (
b1 &
0$
#7779000
b11 #
b11 '
b11 (
b10 &
0$
#7780000
b100 #
b100 '
b100 (
b11 &
0$
#7781000
b101 #
b101 '
b101 (
b100 &
0$
#7782000
b110 #
b110 '
b110 (
b101 &
0$
#7783000
b111 #
b111 '
b111 (
b110 &
0$
#7784000
b1000 #
b1000 '
b1000 (
b111 &
0$
#7785000
b1001 #
b1001 '
b1001 (
b1000 &
0$
#7786000
b1010 #
b1010 '
b1010 (
b1001 &
0$
#7787000
b1011 #
b1011 '
b1011 (
b1010 &
0$
#7788000
b1100 #
b1100 '
b1100 (
b1011 &
0$
#7789000
b1101 #
b1101 '
b1101 (
b1100 &
0$
#7790000
b1110 #
b1110 '
b1110 (
b1101 &
0$
#7791000
b1111 #
b1111 '
b1111 (
b1110 &
0$
#7792000
b10000 #
b10000 '
b10000 (
b1111 &
0$
#7793000
b10001 #
b10001 '
b10001 (
b10000 &
0$
#7794000
b10010 #
b10010 '
b10010 (
b10001 &
0$
#7795000
b10011 #
b10011 '
b10011 (
b10010 &
0$
#7796000
b10100 #
b10100 '
b10100 (
b10011 &
0$
#7797000
b10101 #
b10101 '
b10101 (
b10100 &
0$
#7798000
b10110 #
b10110 '
b10110 (
b10101 &
0$
#7799000
b10111 #
b10111 '
b10111 (
b10110 &
0$
#7800000
b11000 #
b11000 '
b11000 (
b10111 &
0$
#7801000
b11001 #
b11001 '
b11001 (
b11000 &
0$
#7802000
b11010 #
b11010 '
b11010 (
b11001 &
0$
#7803000
b11011 #
b11011 '
b11011 (
b11010 &
0$
#7804000
b11100 #
b11100 '
b11100 (
b11011 &
0$
#7805000
b11101 #
b11101 '
b11101 (
b11100 &
0$
#7806000
b11110 #
b11110 '
b11110 (
b11101 &
0$
#7807000
b11111 #
b11111 '
b11111 (
b11110 &
0$
#7808000
b0 #
b0 '
b0 (
b11111 &
0$
#7809000
b1 #
b1 '
b1 (
b0 &
0$
#7810000
b10 #
b10 '
b10 (
b1 &
0$
#7811000
b11 #
b11 '
b11 (
b10 &
0$
#7812000
b100 #
b100 '
b100 (
b11 &
0$
#7813000
b101 #
b101 '
b101 (
b100 &
0$
#7814000
b110 #
b110 '
b110 (
b101 &
0$
#7815000
b111 #
b111 '
b111 (
b110 &
0$
#7816000
b1000 #
b1000 '
b1000 (
b111 &
0$
#7817000
b1001 #
b1001 '
b1001 (
b1000 &
0$
#7818000
b1010 #
b1010 '
b1010 (
b1001 &
0$
#7819000
b1011 #
b1011 '
b1011 (
b1010 &
0$
#7820000
b1100 #
b1100 '
b1100 (
b1011 &
0$
#7821000
b1101 #
b1101 '
b1101 (
b1100 &
0$
#7822000
b1110 #
b1110 '
b1110 (
b1101 &
0$
#7823000
b1111 #
b1111 '
b1111 (
b1110 &
0$
#7824000
b10000 #
b10000 '
b10000 (
b1111 &
0$
#7825000
b10001 #
b10001 '
b10001 (
b10000 &
0$
#7826000
b10010 #
b10010 '
b10010 (
b10001 &
0$
#7827000
b10011 #
b10011 '
b10011 (
b10010 &
0$
#7828000
b10100 #
b10100 '
b10100 (
b10011 &
0$
#7829000
b10101 #
b10101 '
b10101 (
b10100 &
0$
#7830000
b10110 #
b10110 '
b10110 (
b10101 &
0$
#7831000
b10111 #
b10111 '
b10111 (
b10110 &
0$
#7832000
b11000 #
b11000 '
b11000 (
b10111 &
0$
#7833000
b11001 #
b11001 '
b11001 (
b11000 &
0$
#7834000
b11010 #
b11010 '
b11010 (
b11001 &
0$
#7835000
b11011 #
b11011 '
b11011 (
b11010 &
0$
#7836000
b11100 #
b11100 '
b11100 (
b11011 &
0$
#7837000
b11101 #
b11101 '
b11101 (
b11100 &
0$
#7838000
b11110 #
b11110 '
b11110 (
b11101 &
0$
#7839000
b11111 #
b11111 '
b11111 (
b11110 &
0$
#7840000
b0 #
b0 '
b0 (
b11111 &
0$
#7841000
b1 #
b1 '
b1 (
b0 &
0$
#7842000
b10 #
b10 '
b10 (
b1 &
0$
#7843000
b11 #
b11 '
b11 (
b10 &
0$
#7844000
b100 #
b100 '
b100 (
b11 &
0$
#7845000
b101 #
b101 '
b101 (
b100 &
0$
#7846000
b110 #
b110 '
b110 (
b101 &
0$
#7847000
b111 #
b111 '
b111 (
b110 &
0$
#7848000
b1000 #
b1000 '
b1000 (
b111 &
0$
#7849000
b1001 #
b1001 '
b1001 (
b1000 &
0$
#7850000
b1010 #
b1010 '
b1010 (
b1001 &
0$
#7851000
b1011 #
b1011 '
b1011 (
b1010 &
0$
#7852000
b1100 #
b1100 '
b1100 (
b1011 &
0$
#7853000
b1101 #
b1101 '
b1101 (
b1100 &
0$
#7854000
b1110 #
b1110 '
b1110 (
b1101 &
0$
#7855000
b1111 #
b1111 '
b1111 (
b1110 &
0$
#7856000
b10000 #
b10000 '
b10000 (
b1111 &
0$
#7857000
b10001 #
b10001 '
b10001 (
b10000 &
0$
#7858000
b10010 #
b10010 '
b10010 (
b10001 &
0$
#7859000
b10011 #
b10011 '
b10011 (
b10010 &
0$
#7860000
b10100 #
b10100 '
b10100 (
b10011 &
0$
#7861000
b10101 #
b10101 '
b10101 (
b10100 &
0$
#7862000
b10110 #
b10110 '
b10110 (
b10101 &
0$
#7863000
b10111 #
b10111 '
b10111 (
b10110 &
0$
#7864000
b11000 #
b11000 '
b11000 (
b10111 &
0$
#7865000
b11001 #
b11001 '
b11001 (
b11000 &
0$
#7866000
b11010 #
b11010 '
b11010 (
b11001 &
0$
#7867000
b11011 #
b11011 '
b11011 (
b11010 &
0$
#7868000
b11100 #
b11100 '
b11100 (
b11011 &
0$
#7869000
b11101 #
b11101 '
b11101 (
b11100 &
0$
#7870000
b11110 #
b11110 '
b11110 (
b11101 &
0$
#7871000
b11111 #
b11111 '
b11111 (
b11110 &
0$
#7872000
b0 #
b0 '
b0 (
b11111 &
0$
#7873000
b1 #
b1 '
b1 (
b0 &
0$
#7874000
b10 #
b10 '
b10 (
b1 &
0$
#7875000
b11 #
b11 '
b11 (
b10 &
0$
#7876000
b100 #
b100 '
b100 (
b11 &
0$
#7877000
b101 #
b101 '
b101 (
b100 &
0$
#7878000
b110 #
b110 '
b110 (
b101 &
0$
#7879000
b111 #
b111 '
b111 (
b110 &
0$
#7880000
b1000 #
b1000 '
b1000 (
b111 &
0$
#7881000
b1001 #
b1001 '
b1001 (
b1000 &
0$
#7882000
b1010 #
b1010 '
b1010 (
b1001 &
0$
#7883000
b1011 #
b1011 '
b1011 (
b1010 &
0$
#7884000
b1100 #
b1100 '
b1100 (
b1011 &
0$
#7885000
b1101 #
b1101 '
b1101 (
b1100 &
0$
#7886000
b1110 #
b1110 '
b1110 (
b1101 &
0$
#7887000
b1111 #
b1111 '
b1111 (
b1110 &
0$
#7888000
b10000 #
b10000 '
b10000 (
b1111 &
0$
#7889000
b10001 #
b10001 '
b10001 (
b10000 &
0$
#7890000
b10010 #
b10010 '
b10010 (
b10001 &
0$
#7891000
b10011 #
b10011 '
b10011 (
b10010 &
0$
#7892000
b10100 #
b10100 '
b10100 (
b10011 &
0$
#7893000
b10101 #
b10101 '
b10101 (
b10100 &
0$
#7894000
b10110 #
b10110 '
b10110 (
b10101 &
0$
#7895000
b10111 #
b10111 '
b10111 (
b10110 &
0$
#7896000
b11000 #
b11000 '
b11000 (
b10111 &
0$
#7897000
b11001 #
b11001 '
b11001 (
b11000 &
0$
#7898000
b11010 #
b11010 '
b11010 (
b11001 &
0$
#7899000
b11011 #
b11011 '
b11011 (
b11010 &
0$
#7900000
b11100 #
b11100 '
b11100 (
b11011 &
0$
#7901000
b11101 #
b11101 '
b11101 (
b11100 &
0$
#7902000
b11110 #
b11110 '
b11110 (
b11101 &
0$
#7903000
b11111 #
b11111 '
b11111 (
b11110 &
0$
#7904000
b0 #
b0 '
b0 (
b11111 &
0$
#7905000
b1 #
b1 '
b1 (
b0 &
0$
#7906000
b10 #
b10 '
b10 (
b1 &
0$
#7907000
b11 #
b11 '
b11 (
b10 &
0$
#7908000
b100 #
b100 '
b100 (
b11 &
0$
#7909000
b101 #
b101 '
b101 (
b100 &
0$
#7910000
b110 #
b110 '
b110 (
b101 &
0$
#7911000
b111 #
b111 '
b111 (
b110 &
0$
#7912000
b1000 #
b1000 '
b1000 (
b111 &
0$
#7913000
b1001 #
b1001 '
b1001 (
b1000 &
0$
#7914000
b1010 #
b1010 '
b1010 (
b1001 &
0$
#7915000
b1011 #
b1011 '
b1011 (
b1010 &
0$
#7916000
b1100 #
b1100 '
b1100 (
b1011 &
0$
#7917000
b1101 #
b1101 '
b1101 (
b1100 &
0$
#7918000
b1110 #
b1110 '
b1110 (
b1101 &
0$
#7919000
b1111 #
b1111 '
b1111 (
b1110 &
0$
#7920000
b10000 #
b10000 '
b10000 (
b1111 &
0$
#7921000
b10001 #
b10001 '
b10001 (
b10000 &
0$
#7922000
b10010 #
b10010 '
b10010 (
b10001 &
0$
#7923000
b10011 #
b10011 '
b10011 (
b10010 &
0$
#7924000
b10100 #
b10100 '
b10100 (
b10011 &
0$
#7925000
b10101 #
b10101 '
b10101 (
b10100 &
0$
#7926000
b10110 #
b10110 '
b10110 (
b10101 &
0$
#7927000
b10111 #
b10111 '
b10111 (
b10110 &
0$
#7928000
b11000 #
b11000 '
b11000 (
b10111 &
0$
#7929000
b11001 #
b11001 '
b11001 (
b11000 &
0$
#7930000
b11010 #
b11010 '
b11010 (
b11001 &
0$
#7931000
b11011 #
b11011 '
b11011 (
b11010 &
0$
#7932000
b11100 #
b11100 '
b11100 (
b11011 &
0$
#7933000
b11101 #
b11101 '
b11101 (
b11100 &
0$
#7934000
b11110 #
b11110 '
b11110 (
b11101 &
0$
#7935000
b11111 #
b11111 '
b11111 (
b11110 &
0$
#7936000
b0 #
b0 '
b0 (
b11111 &
0$
#7937000
b1 #
b1 '
b1 (
b0 &
0$
#7938000
b10 #
b10 '
b10 (
b1 &
0$
#7939000
b11 #
b11 '
b11 (
b10 &
0$
#7940000
b100 #
b100 '
b100 (
b11 &
0$
#7941000
b101 #
b101 '
b101 (
b100 &
0$
#7942000
b110 #
b110 '
b110 (
b101 &
0$
#7943000
b111 #
b111 '
b111 (
b110 &
0$
#7944000
b1000 #
b1000 '
b1000 (
b111 &
0$
#7945000
b1001 #
b1001 '
b1001 (
b1000 &
0$
#7946000
b1010 #
b1010 '
b1010 (
b1001 &
0$
#7947000
b1011 #
b1011 '
b1011 (
b1010 &
0$
#7948000
b1100 #
b1100 '
b1100 (
b1011 &
0$
#7949000
b1101 #
b1101 '
b1101 (
b1100 &
0$
#7950000
b1110 #
b1110 '
b1110 (
b1101 &
0$
#7951000
b1111 #
b1111 '
b1111 (
b1110 &
0$
#7952000
b10000 #
b10000 '
b10000 (
b1111 &
0$
#7953000
b10001 #
b10001 '
b10001 (
b10000 &
0$
#7954000
b10010 #
b10010 '
b10010 (
b10001 &
0$
#7955000
b10011 #
b10011 '
b10011 (
b10010 &
0$
#7956000
b10100 #
b10100 '
b10100 (
b10011 &
0$
#7957000
b10101 #
b10101 '
b10101 (
b10100 &
0$
#7958000
b10110 #
b10110 '
b10110 (
b10101 &
0$
#7959000
b10111 #
b10111 '
b10111 (
b10110 &
0$
#7960000
b11000 #
b11000 '
b11000 (
b10111 &
0$
#7961000
b11001 #
b11001 '
b11001 (
b11000 &
0$
#7962000
b11010 #
b11010 '
b11010 (
b11001 &
0$
#7963000
b11011 #
b11011 '
b11011 (
b11010 &
0$
#7964000
b11100 #
b11100 '
b11100 (
b11011 &
0$
#7965000
b11101 #
b11101 '
b11101 (
b11100 &
0$
#7966000
b11110 #
b11110 '
b11110 (
b11101 &
0$
#7967000
b11111 #
b11111 '
b11111 (
b11110 &
0$
#7968000
b0 #
b0 '
b0 (
b11111 &
0$
#7969000
b1 #
b1 '
b1 (
b0 &
0$
#7970000
b10 #
b10 '
b10 (
b1 &
0$
#7971000
b11 #
b11 '
b11 (
b10 &
0$
#7972000
b100 #
b100 '
b100 (
b11 &
0$
#7973000
b101 #
b101 '
b101 (
b100 &
0$
#7974000
b110 #
b110 '
b110 (
b101 &
0$
#7975000
b111 #
b111 '
b111 (
b110 &
0$
#7976000
b1000 #
b1000 '
b1000 (
b111 &
0$
#7977000
b1001 #
b1001 '
b1001 (
b1000 &
0$
#7978000
b1010 #
b1010 '
b1010 (
b1001 &
0$
#7979000
b1011 #
b1011 '
b1011 (
b1010 &
0$
#7980000
b1100 #
b1100 '
b1100 (
b1011 &
0$
#7981000
b1101 #
b1101 '
b1101 (
b1100 &
0$
#7982000
b1110 #
b1110 '
b1110 (
b1101 &
0$
#7983000
b1111 #
b1111 '
b1111 (
b1110 &
0$
#7984000
b10000 #
b10000 '
b10000 (
b1111 &
0$
#7985000
b10001 #
b10001 '
b10001 (
b10000 &
0$
#7986000
b10010 #
b10010 '
b10010 (
b10001 &
0$
#7987000
b10011 #
b10011 '
b10011 (
b10010 &
0$
#7988000
b10100 #
b10100 '
b10100 (
b10011 &
0$
#7989000
b10101 #
b10101 '
b10101 (
b10100 &
0$
#7990000
b10110 #
b10110 '
b10110 (
b10101 &
0$
#7991000
b10111 #
b10111 '
b10111 (
b10110 &
0$
#7992000
b11000 #
b11000 '
b11000 (
b10111 &
0$
#7993000
b11001 #
b11001 '
b11001 (
b11000 &
0$
#7994000
b11010 #
b11010 '
b11010 (
b11001 &
0$
#7995000
b11011 #
b11011 '
b11011 (
b11010 &
0$
#7996000
b11100 #
b11100 '
b11100 (
b11011 &
0$
#7997000
b11101 #
b11101 '
b11101 (
b11100 &
0$
#7998000
b11110 #
b11110 '
b11110 (
b11101 &
0$
#7999000
b11111 #
b11111 '
b11111 (
b11110 &
0$
#8000000
b0 #
b0 '
b0 (
b11111 &
0$
#8001000
b1 #
b1 '
b1 (
b0 &
0$
#8002000
b10 #
b10 '
b10 (
b1 &
0$
#8003000
b11 #
b11 '
b11 (
b10 &
0$
#8004000
b100 #
b100 '
b100 (
b11 &
0$
#8005000
b101 #
b101 '
b101 (
b100 &
0$
#8006000
b110 #
b110 '
b110 (
b101 &
0$
#8007000
b111 #
b111 '
b111 (
b110 &
0$
#8008000
b1000 #
b1000 '
b1000 (
b111 &
0$
#8009000
b1001 #
b1001 '
b1001 (
b1000 &
0$
#8010000
b1010 #
b1010 '
b1010 (
b1001 &
0$
#8011000
b1011 #
b1011 '
b1011 (
b1010 &
0$
#8012000
b1100 #
b1100 '
b1100 (
b1011 &
0$
#8013000
b1101 #
b1101 '
b1101 (
b1100 &
0$
#8014000
b1110 #
b1110 '
b1110 (
b1101 &
0$
#8015000
b1111 #
b1111 '
b1111 (
b1110 &
0$
#8016000
b10000 #
b10000 '
b10000 (
b1111 &
0$
#8017000
b10001 #
b10001 '
b10001 (
b10000 &
0$
#8018000
b10010 #
b10010 '
b10010 (
b10001 &
0$
#8019000
b10011 #
b10011 '
b10011 (
b10010 &
0$
#8020000
b10100 #
b10100 '
b10100 (
b10011 &
0$
#8021000
b10101 #
b10101 '
b10101 (
b10100 &
0$
#8022000
b10110 #
b10110 '
b10110 (
b10101 &
0$
#8023000
b10111 #
b10111 '
b10111 (
b10110 &
0$
#8024000
b11000 #
b11000 '
b11000 (
b10111 &
0$
#8025000
b11001 #
b11001 '
b11001 (
b11000 &
0$
#8026000
b11010 #
b11010 '
b11010 (
b11001 &
0$
#8027000
b11011 #
b11011 '
b11011 (
b11010 &
0$
#8028000
b11100 #
b11100 '
b11100 (
b11011 &
0$
#8029000
b11101 #
b11101 '
b11101 (
b11100 &
0$
#8030000
b11110 #
b11110 '
b11110 (
b11101 &
0$
#8031000
b11111 #
b11111 '
b11111 (
b11110 &
0$
#8032000
b0 #
b0 '
b0 (
b11111 &
0$
#8033000
b1 #
b1 '
b1 (
b0 &
0$
#8034000
b10 #
b10 '
b10 (
b1 &
0$
#8035000
b11 #
b11 '
b11 (
b10 &
0$
#8036000
b100 #
b100 '
b100 (
b11 &
0$
#8037000
b101 #
b101 '
b101 (
b100 &
0$
#8038000
b110 #
b110 '
b110 (
b101 &
0$
#8039000
b111 #
b111 '
b111 (
b110 &
0$
#8040000
b1000 #
b1000 '
b1000 (
b111 &
0$
#8041000
b1001 #
b1001 '
b1001 (
b1000 &
0$
#8042000
b1010 #
b1010 '
b1010 (
b1001 &
0$
#8043000
b1011 #
b1011 '
b1011 (
b1010 &
0$
#8044000
b1100 #
b1100 '
b1100 (
b1011 &
0$
#8045000
b1101 #
b1101 '
b1101 (
b1100 &
0$
#8046000
b1110 #
b1110 '
b1110 (
b1101 &
0$
#8047000
b1111 #
b1111 '
b1111 (
b1110 &
0$
#8048000
b10000 #
b10000 '
b10000 (
b1111 &
0$
#8049000
b10001 #
b10001 '
b10001 (
b10000 &
0$
#8050000
b10010 #
b10010 '
b10010 (
b10001 &
0$
#8051000
b10011 #
b10011 '
b10011 (
b10010 &
0$
#8052000
b10100 #
b10100 '
b10100 (
b10011 &
0$
#8053000
b10101 #
b10101 '
b10101 (
b10100 &
0$
#8054000
b10110 #
b10110 '
b10110 (
b10101 &
0$
#8055000
b10111 #
b10111 '
b10111 (
b10110 &
0$
#8056000
b11000 #
b11000 '
b11000 (
b10111 &
0$
#8057000
b11001 #
b11001 '
b11001 (
b11000 &
0$
#8058000
b11010 #
b11010 '
b11010 (
b11001 &
0$
#8059000
b11011 #
b11011 '
b11011 (
b11010 &
0$
#8060000
b11100 #
b11100 '
b11100 (
b11011 &
0$
#8061000
b11101 #
b11101 '
b11101 (
b11100 &
0$
#8062000
b11110 #
b11110 '
b11110 (
b11101 &
0$
#8063000
b11111 #
b11111 '
b11111 (
b11110 &
0$
#8064000
b0 #
b0 '
b0 (
b11111 &
0$
#8065000
b1 #
b1 '
b1 (
b0 &
0$
#8066000
b10 #
b10 '
b10 (
b1 &
0$
#8067000
b11 #
b11 '
b11 (
b10 &
0$
#8068000
b100 #
b100 '
b100 (
b11 &
0$
#8069000
b101 #
b101 '
b101 (
b100 &
0$
#8070000
b110 #
b110 '
b110 (
b101 &
0$
#8071000
b111 #
b111 '
b111 (
b110 &
0$
#8072000
b1000 #
b1000 '
b1000 (
b111 &
0$
#8073000
b1001 #
b1001 '
b1001 (
b1000 &
0$
#8074000
b1010 #
b1010 '
b1010 (
b1001 &
0$
#8075000
b1011 #
b1011 '
b1011 (
b1010 &
0$
#8076000
b1100 #
b1100 '
b1100 (
b1011 &
0$
#8077000
b1101 #
b1101 '
b1101 (
b1100 &
0$
#8078000
b1110 #
b1110 '
b1110 (
b1101 &
0$
#8079000
b1111 #
b1111 '
b1111 (
b1110 &
0$
#8080000
b10000 #
b10000 '
b10000 (
b1111 &
0$
#8081000
b10001 #
b10001 '
b10001 (
b10000 &
0$
#8082000
b10010 #
b10010 '
b10010 (
b10001 &
0$
#8083000
b10011 #
b10011 '
b10011 (
b10010 &
0$
#8084000
b10100 #
b10100 '
b10100 (
b10011 &
0$
#8085000
b10101 #
b10101 '
b10101 (
b10100 &
0$
#8086000
b10110 #
b10110 '
b10110 (
b10101 &
0$
#8087000
b10111 #
b10111 '
b10111 (
b10110 &
0$
#8088000
b11000 #
b11000 '
b11000 (
b10111 &
0$
#8089000
b11001 #
b11001 '
b11001 (
b11000 &
0$
#8090000
b11010 #
b11010 '
b11010 (
b11001 &
0$
#8091000
b11011 #
b11011 '
b11011 (
b11010 &
0$
#8092000
b11100 #
b11100 '
b11100 (
b11011 &
0$
#8093000
b11101 #
b11101 '
b11101 (
b11100 &
0$
#8094000
b11110 #
b11110 '
b11110 (
b11101 &
0$
#8095000
b11111 #
b11111 '
b11111 (
b11110 &
0$
#8096000
b0 #
b0 '
b0 (
b11111 &
0$
#8097000
b1 #
b1 '
b1 (
b0 &
0$
#8098000
b10 #
b10 '
b10 (
b1 &
0$
#8099000
b11 #
b11 '
b11 (
b10 &
0$
#8100000
b100 #
b100 '
b100 (
b11 &
0$
#8101000
b101 #
b101 '
b101 (
b100 &
0$
#8102000
b110 #
b110 '
b110 (
b101 &
0$
#8103000
b111 #
b111 '
b111 (
b110 &
0$
#8104000
b1000 #
b1000 '
b1000 (
b111 &
0$
#8105000
b1001 #
b1001 '
b1001 (
b1000 &
0$
#8106000
b1010 #
b1010 '
b1010 (
b1001 &
0$
#8107000
b1011 #
b1011 '
b1011 (
b1010 &
0$
#8108000
b1100 #
b1100 '
b1100 (
b1011 &
0$
#8109000
b1101 #
b1101 '
b1101 (
b1100 &
0$
#8110000
b1110 #
b1110 '
b1110 (
b1101 &
0$
#8111000
b1111 #
b1111 '
b1111 (
b1110 &
0$
#8112000
b10000 #
b10000 '
b10000 (
b1111 &
0$
#8113000
b10001 #
b10001 '
b10001 (
b10000 &
0$
#8114000
b10010 #
b10010 '
b10010 (
b10001 &
0$
#8115000
b10011 #
b10011 '
b10011 (
b10010 &
0$
#8116000
b10100 #
b10100 '
b10100 (
b10011 &
0$
#8117000
b10101 #
b10101 '
b10101 (
b10100 &
0$
#8118000
b10110 #
b10110 '
b10110 (
b10101 &
0$
#8119000
b10111 #
b10111 '
b10111 (
b10110 &
0$
#8120000
b11000 #
b11000 '
b11000 (
b10111 &
0$
#8121000
b11001 #
b11001 '
b11001 (
b11000 &
0$
#8122000
b11010 #
b11010 '
b11010 (
b11001 &
0$
#8123000
b11011 #
b11011 '
b11011 (
b11010 &
0$
#8124000
b11100 #
b11100 '
b11100 (
b11011 &
0$
#8125000
b11101 #
b11101 '
b11101 (
b11100 &
0$
#8126000
b11110 #
b11110 '
b11110 (
b11101 &
0$
#8127000
b11111 #
b11111 '
b11111 (
b11110 &
0$
#8128000
b0 #
b0 '
b0 (
b11111 &
0$
#8129000
b1 #
b1 '
b1 (
b0 &
0$
#8130000
b10 #
b10 '
b10 (
b1 &
0$
#8131000
b11 #
b11 '
b11 (
b10 &
0$
#8132000
b100 #
b100 '
b100 (
b11 &
0$
#8133000
b101 #
b101 '
b101 (
b100 &
0$
#8134000
b110 #
b110 '
b110 (
b101 &
0$
#8135000
b111 #
b111 '
b111 (
b110 &
0$
#8136000
b1000 #
b1000 '
b1000 (
b111 &
0$
#8137000
b1001 #
b1001 '
b1001 (
b1000 &
0$
#8138000
b1010 #
b1010 '
b1010 (
b1001 &
0$
#8139000
b1011 #
b1011 '
b1011 (
b1010 &
0$
#8140000
b1100 #
b1100 '
b1100 (
b1011 &
0$
#8141000
b1101 #
b1101 '
b1101 (
b1100 &
0$
#8142000
b1110 #
b1110 '
b1110 (
b1101 &
0$
#8143000
b1111 #
b1111 '
b1111 (
b1110 &
0$
#8144000
b10000 #
b10000 '
b10000 (
b1111 &
0$
#8145000
b10001 #
b10001 '
b10001 (
b10000 &
0$
#8146000
b10010 #
b10010 '
b10010 (
b10001 &
0$
#8147000
b10011 #
b10011 '
b10011 (
b10010 &
0$
#8148000
b10100 #
b10100 '
b10100 (
b10011 &
0$
#8149000
b10101 #
b10101 '
b10101 (
b10100 &
0$
#8150000
b10110 #
b10110 '
b10110 (
b10101 &
0$
#8151000
b10111 #
b10111 '
b10111 (
b10110 &
0$
#8152000
b11000 #
b11000 '
b11000 (
b10111 &
0$
#8153000
b11001 #
b11001 '
b11001 (
b11000 &
0$
#8154000
b11010 #
b11010 '
b11010 (
b11001 &
0$
#8155000
b11011 #
b11011 '
b11011 (
b11010 &
0$
#8156000
b11100 #
b11100 '
b11100 (
b11011 &
0$
#8157000
b11101 #
b11101 '
b11101 (
b11100 &
0$
#8158000
b11110 #
b11110 '
b11110 (
b11101 &
0$
#8159000
b11111 #
b11111 '
b11111 (
b11110 &
0$
#8160000
b0 #
b0 '
b0 (
b11111 &
0$
#8161000
b1 #
b1 '
b1 (
b0 &
0$
#8162000
b10 #
b10 '
b10 (
b1 &
0$
#8163000
b11 #
b11 '
b11 (
b10 &
0$
#8164000
b100 #
b100 '
b100 (
b11 &
0$
#8165000
b101 #
b101 '
b101 (
b100 &
0$
#8166000
b110 #
b110 '
b110 (
b101 &
0$
#8167000
b111 #
b111 '
b111 (
b110 &
0$
#8168000
b1000 #
b1000 '
b1000 (
b111 &
0$
#8169000
b1001 #
b1001 '
b1001 (
b1000 &
0$
#8170000
b1010 #
b1010 '
b1010 (
b1001 &
0$
#8171000
b1011 #
b1011 '
b1011 (
b1010 &
0$
#8172000
b1100 #
b1100 '
b1100 (
b1011 &
0$
#8173000
b1101 #
b1101 '
b1101 (
b1100 &
0$
#8174000
b1110 #
b1110 '
b1110 (
b1101 &
0$
#8175000
b1111 #
b1111 '
b1111 (
b1110 &
0$
#8176000
b10000 #
b10000 '
b10000 (
b1111 &
0$
#8177000
b10001 #
b10001 '
b10001 (
b10000 &
0$
#8178000
b10010 #
b10010 '
b10010 (
b10001 &
0$
#8179000
b10011 #
b10011 '
b10011 (
b10010 &
0$
#8180000
b10100 #
b10100 '
b10100 (
b10011 &
0$
#8181000
b10101 #
b10101 '
b10101 (
b10100 &
0$
#8182000
b10110 #
b10110 '
b10110 (
b10101 &
0$
#8183000
b10111 #
b10111 '
b10111 (
b10110 &
0$
#8184000
b11000 #
b11000 '
b11000 (
b10111 &
0$
#8185000
b11001 #
b11001 '
b11001 (
b11000 &
0$
#8186000
b11010 #
b11010 '
b11010 (
b11001 &
0$
#8187000
b11011 #
b11011 '
b11011 (
b11010 &
0$
#8188000
b11100 #
b11100 '
b11100 (
b11011 &
0$
#8189000
b11101 #
b11101 '
b11101 (
b11100 &
0$
#8190000
b11110 #
b11110 '
b11110 (
b11101 &
0$
#8191000
b11111 #
b11111 '
b11111 (
b11110 &
0$
#8192000
b0 #
b0 '
b0 (
b11111 &
0$
#8193000
b1 #
b1 '
b1 (
b0 &
0$
#8194000
b10 #
b10 '
b10 (
b1 &
0$
#8195000
b11 #
b11 '
b11 (
b10 &
0$
#8196000
b100 #
b100 '
b100 (
b11 &
0$
#8197000
b101 #
b101 '
b101 (
b100 &
0$
#8198000
b110 #
b110 '
b110 (
b101 &
0$
#8199000
b111 #
b111 '
b111 (
b110 &
0$
#8200000
b1000 #
b1000 '
b1000 (
b111 &
0$
#8201000
b1001 #
b1001 '
b1001 (
b1000 &
0$
#8202000
b1010 #
b1010 '
b1010 (
b1001 &
0$
#8203000
b1011 #
b1011 '
b1011 (
b1010 &
0$
#8204000
b1100 #
b1100 '
b1100 (
b1011 &
0$
#8205000
b1101 #
b1101 '
b1101 (
b1100 &
0$
#8206000
b1110 #
b1110 '
b1110 (
b1101 &
0$
#8207000
b1111 #
b1111 '
b1111 (
b1110 &
0$
#8208000
b10000 #
b10000 '
b10000 (
b1111 &
0$
#8209000
b10001 #
b10001 '
b10001 (
b10000 &
0$
#8210000
b10010 #
b10010 '
b10010 (
b10001 &
0$
#8211000
b10011 #
b10011 '
b10011 (
b10010 &
0$
#8212000
b10100 #
b10100 '
b10100 (
b10011 &
0$
#8213000
b10101 #
b10101 '
b10101 (
b10100 &
0$
#8214000
b10110 #
b10110 '
b10110 (
b10101 &
0$
#8215000
b10111 #
b10111 '
b10111 (
b10110 &
0$
#8216000
b11000 #
b11000 '
b11000 (
b10111 &
0$
#8217000
b11001 #
b11001 '
b11001 (
b11000 &
0$
#8218000
b11010 #
b11010 '
b11010 (
b11001 &
0$
#8219000
b11011 #
b11011 '
b11011 (
b11010 &
0$
#8220000
b11100 #
b11100 '
b11100 (
b11011 &
0$
#8221000
b11101 #
b11101 '
b11101 (
b11100 &
0$
#8222000
b11110 #
b11110 '
b11110 (
b11101 &
0$
#8223000
b11111 #
b11111 '
b11111 (
b11110 &
0$
#8224000
b0 #
b0 '
b0 (
b11111 &
0$
#8225000
b1 #
b1 '
b1 (
b0 &
0$
#8226000
b10 #
b10 '
b10 (
b1 &
0$
#8227000
b11 #
b11 '
b11 (
b10 &
0$
#8228000
b100 #
b100 '
b100 (
b11 &
0$
#8229000
b101 #
b101 '
b101 (
b100 &
0$
#8230000
b110 #
b110 '
b110 (
b101 &
0$
#8231000
b111 #
b111 '
b111 (
b110 &
0$
#8232000
b1000 #
b1000 '
b1000 (
b111 &
0$
#8233000
b1001 #
b1001 '
b1001 (
b1000 &
0$
#8234000
b1010 #
b1010 '
b1010 (
b1001 &
0$
#8235000
b1011 #
b1011 '
b1011 (
b1010 &
0$
#8236000
b1100 #
b1100 '
b1100 (
b1011 &
0$
#8237000
b1101 #
b1101 '
b1101 (
b1100 &
0$
#8238000
b1110 #
b1110 '
b1110 (
b1101 &
0$
#8239000
b1111 #
b1111 '
b1111 (
b1110 &
0$
#8240000
b10000 #
b10000 '
b10000 (
b1111 &
0$
#8241000
b10001 #
b10001 '
b10001 (
b10000 &
0$
#8242000
b10010 #
b10010 '
b10010 (
b10001 &
0$
#8243000
b10011 #
b10011 '
b10011 (
b10010 &
0$
#8244000
b10100 #
b10100 '
b10100 (
b10011 &
0$
#8245000
b10101 #
b10101 '
b10101 (
b10100 &
0$
#8246000
b10110 #
b10110 '
b10110 (
b10101 &
0$
#8247000
b10111 #
b10111 '
b10111 (
b10110 &
0$
#8248000
b11000 #
b11000 '
b11000 (
b10111 &
0$
#8249000
b11001 #
b11001 '
b11001 (
b11000 &
0$
#8250000
b11010 #
b11010 '
b11010 (
b11001 &
0$
#8251000
b11011 #
b11011 '
b11011 (
b11010 &
0$
#8252000
b11100 #
b11100 '
b11100 (
b11011 &
0$
#8253000
b11101 #
b11101 '
b11101 (
b11100 &
0$
#8254000
b11110 #
b11110 '
b11110 (
b11101 &
0$
#8255000
b11111 #
b11111 '
b11111 (
b11110 &
0$
#8256000
b0 #
b0 '
b0 (
b11111 &
0$
#8257000
b1 #
b1 '
b1 (
b0 &
0$
#8258000
b10 #
b10 '
b10 (
b1 &
0$
#8259000
b11 #
b11 '
b11 (
b10 &
0$
#8260000
b100 #
b100 '
b100 (
b11 &
0$
#8261000
b101 #
b101 '
b101 (
b100 &
0$
#8262000
b110 #
b110 '
b110 (
b101 &
0$
#8263000
b111 #
b111 '
b111 (
b110 &
0$
#8264000
b1000 #
b1000 '
b1000 (
b111 &
0$
#8265000
b1001 #
b1001 '
b1001 (
b1000 &
0$
#8266000
b1010 #
b1010 '
b1010 (
b1001 &
0$
#8267000
b1011 #
b1011 '
b1011 (
b1010 &
0$
#8268000
b1100 #
b1100 '
b1100 (
b1011 &
0$
#8269000
b1101 #
b1101 '
b1101 (
b1100 &
0$
#8270000
b1110 #
b1110 '
b1110 (
b1101 &
0$
#8271000
b1111 #
b1111 '
b1111 (
b1110 &
0$
#8272000
b10000 #
b10000 '
b10000 (
b1111 &
0$
#8273000
b10001 #
b10001 '
b10001 (
b10000 &
0$
#8274000
b10010 #
b10010 '
b10010 (
b10001 &
0$
#8275000
b10011 #
b10011 '
b10011 (
b10010 &
0$
#8276000
b10100 #
b10100 '
b10100 (
b10011 &
0$
#8277000
b10101 #
b10101 '
b10101 (
b10100 &
0$
#8278000
b10110 #
b10110 '
b10110 (
b10101 &
0$
#8279000
b10111 #
b10111 '
b10111 (
b10110 &
0$
#8280000
b11000 #
b11000 '
b11000 (
b10111 &
0$
#8281000
b11001 #
b11001 '
b11001 (
b11000 &
0$
#8282000
b11010 #
b11010 '
b11010 (
b11001 &
0$
#8283000
b11011 #
b11011 '
b11011 (
b11010 &
0$
#8284000
b11100 #
b11100 '
b11100 (
b11011 &
0$
#8285000
b11101 #
b11101 '
b11101 (
b11100 &
0$
#8286000
b11110 #
b11110 '
b11110 (
b11101 &
0$
#8287000
b11111 #
b11111 '
b11111 (
b11110 &
0$
#8288000
b0 #
b0 '
b0 (
b11111 &
0$
#8289000
b1 #
b1 '
b1 (
b0 &
0$
#8290000
b10 #
b10 '
b10 (
b1 &
0$
#8291000
b11 #
b11 '
b11 (
b10 &
0$
#8292000
b100 #
b100 '
b100 (
b11 &
0$
#8293000
b101 #
b101 '
b101 (
b100 &
0$
#8294000
b110 #
b110 '
b110 (
b101 &
0$
#8295000
b111 #
b111 '
b111 (
b110 &
0$
#8296000
b1000 #
b1000 '
b1000 (
b111 &
0$
#8297000
b1001 #
b1001 '
b1001 (
b1000 &
0$
#8298000
b1010 #
b1010 '
b1010 (
b1001 &
0$
#8299000
b1011 #
b1011 '
b1011 (
b1010 &
0$
#8300000
b1100 #
b1100 '
b1100 (
b1011 &
0$
#8301000
b1101 #
b1101 '
b1101 (
b1100 &
0$
#8302000
b1110 #
b1110 '
b1110 (
b1101 &
0$
#8303000
b1111 #
b1111 '
b1111 (
b1110 &
0$
#8304000
b10000 #
b10000 '
b10000 (
b1111 &
0$
#8305000
b10001 #
b10001 '
b10001 (
b10000 &
0$
#8306000
b10010 #
b10010 '
b10010 (
b10001 &
0$
#8307000
b10011 #
b10011 '
b10011 (
b10010 &
0$
#8308000
b10100 #
b10100 '
b10100 (
b10011 &
0$
#8309000
b10101 #
b10101 '
b10101 (
b10100 &
0$
#8310000
b10110 #
b10110 '
b10110 (
b10101 &
0$
#8311000
b10111 #
b10111 '
b10111 (
b10110 &
0$
#8312000
b11000 #
b11000 '
b11000 (
b10111 &
0$
#8313000
b11001 #
b11001 '
b11001 (
b11000 &
0$
#8314000
b11010 #
b11010 '
b11010 (
b11001 &
0$
#8315000
b11011 #
b11011 '
b11011 (
b11010 &
0$
#8316000
b11100 #
b11100 '
b11100 (
b11011 &
0$
#8317000
b11101 #
b11101 '
b11101 (
b11100 &
0$
#8318000
b11110 #
b11110 '
b11110 (
b11101 &
0$
#8319000
b11111 #
b11111 '
b11111 (
b11110 &
0$
#8320000
b0 #
b0 '
b0 (
b11111 &
0$
#8321000
b1 #
b1 '
b1 (
b0 &
0$
#8322000
b10 #
b10 '
b10 (
b1 &
0$
#8323000
b11 #
b11 '
b11 (
b10 &
0$
#8324000
b100 #
b100 '
b100 (
b11 &
0$
#8325000
b101 #
b101 '
b101 (
b100 &
0$
#8326000
b110 #
b110 '
b110 (
b101 &
0$
#8327000
b111 #
b111 '
b111 (
b110 &
0$
#8328000
b1000 #
b1000 '
b1000 (
b111 &
0$
#8329000
b1001 #
b1001 '
b1001 (
b1000 &
0$
#8330000
b1010 #
b1010 '
b1010 (
b1001 &
0$
#8331000
b1011 #
b1011 '
b1011 (
b1010 &
0$
#8332000
b1100 #
b1100 '
b1100 (
b1011 &
0$
#8333000
b1101 #
b1101 '
b1101 (
b1100 &
0$
#8334000
b1110 #
b1110 '
b1110 (
b1101 &
0$
#8335000
b1111 #
b1111 '
b1111 (
b1110 &
0$
#8336000
b10000 #
b10000 '
b10000 (
b1111 &
0$
#8337000
b10001 #
b10001 '
b10001 (
b10000 &
0$
#8338000
b10010 #
b10010 '
b10010 (
b10001 &
0$
#8339000
b10011 #
b10011 '
b10011 (
b10010 &
0$
#8340000
b10100 #
b10100 '
b10100 (
b10011 &
0$
#8341000
b10101 #
b10101 '
b10101 (
b10100 &
0$
#8342000
b10110 #
b10110 '
b10110 (
b10101 &
0$
#8343000
b10111 #
b10111 '
b10111 (
b10110 &
0$
#8344000
b11000 #
b11000 '
b11000 (
b10111 &
0$
#8345000
b11001 #
b11001 '
b11001 (
b11000 &
0$
#8346000
b11010 #
b11010 '
b11010 (
b11001 &
0$
#8347000
b11011 #
b11011 '
b11011 (
b11010 &
0$
#8348000
b11100 #
b11100 '
b11100 (
b11011 &
0$
#8349000
b11101 #
b11101 '
b11101 (
b11100 &
0$
#8350000
b11110 #
b11110 '
b11110 (
b11101 &
0$
#8351000
b11111 #
b11111 '
b11111 (
b11110 &
0$
#8352000
b0 #
b0 '
b0 (
b11111 &
0$
#8353000
b1 #
b1 '
b1 (
b0 &
0$
#8354000
b10 #
b10 '
b10 (
b1 &
0$
#8355000
b11 #
b11 '
b11 (
b10 &
0$
#8356000
b100 #
b100 '
b100 (
b11 &
0$
#8357000
b101 #
b101 '
b101 (
b100 &
0$
#8358000
b110 #
b110 '
b110 (
b101 &
0$
#8359000
b111 #
b111 '
b111 (
b110 &
0$
#8360000
b1000 #
b1000 '
b1000 (
b111 &
0$
#8361000
b1001 #
b1001 '
b1001 (
b1000 &
0$
#8362000
b1010 #
b1010 '
b1010 (
b1001 &
0$
#8363000
b1011 #
b1011 '
b1011 (
b1010 &
0$
#8364000
b1100 #
b1100 '
b1100 (
b1011 &
0$
#8365000
b1101 #
b1101 '
b1101 (
b1100 &
0$
#8366000
b1110 #
b1110 '
b1110 (
b1101 &
0$
#8367000
b1111 #
b1111 '
b1111 (
b1110 &
0$
#8368000
b10000 #
b10000 '
b10000 (
b1111 &
0$
#8369000
b10001 #
b10001 '
b10001 (
b10000 &
0$
#8370000
b10010 #
b10010 '
b10010 (
b10001 &
0$
#8371000
b10011 #
b10011 '
b10011 (
b10010 &
0$
#8372000
b10100 #
b10100 '
b10100 (
b10011 &
0$
#8373000
b10101 #
b10101 '
b10101 (
b10100 &
0$
#8374000
b10110 #
b10110 '
b10110 (
b10101 &
0$
#8375000
b10111 #
b10111 '
b10111 (
b10110 &
0$
#8376000
b11000 #
b11000 '
b11000 (
b10111 &
0$
#8377000
b11001 #
b11001 '
b11001 (
b11000 &
0$
#8378000
b11010 #
b11010 '
b11010 (
b11001 &
0$
#8379000
b11011 #
b11011 '
b11011 (
b11010 &
0$
#8380000
b11100 #
b11100 '
b11100 (
b11011 &
0$
#8381000
b11101 #
b11101 '
b11101 (
b11100 &
0$
#8382000
b11110 #
b11110 '
b11110 (
b11101 &
0$
#8383000
b11111 #
b11111 '
b11111 (
b11110 &
0$
#8384000
b0 #
b0 '
b0 (
b11111 &
0$
#8385000
b1 #
b1 '
b1 (
b0 &
0$
#8386000
b10 #
b10 '
b10 (
b1 &
0$
#8387000
b11 #
b11 '
b11 (
b10 &
0$
#8388000
b100 #
b100 '
b100 (
b11 &
0$
#8389000
b101 #
b101 '
b101 (
b100 &
0$
#8390000
b110 #
b110 '
b110 (
b101 &
0$
#8391000
b111 #
b111 '
b111 (
b110 &
0$
#8392000
b1000 #
b1000 '
b1000 (
b111 &
0$
#8393000
b1001 #
b1001 '
b1001 (
b1000 &
0$
#8394000
b1010 #
b1010 '
b1010 (
b1001 &
0$
#8395000
b1011 #
b1011 '
b1011 (
b1010 &
0$
#8396000
b1100 #
b1100 '
b1100 (
b1011 &
0$
#8397000
b1101 #
b1101 '
b1101 (
b1100 &
0$
#8398000
b1110 #
b1110 '
b1110 (
b1101 &
0$
#8399000
b1111 #
b1111 '
b1111 (
b1110 &
0$
#8400000
b10000 #
b10000 '
b10000 (
b1111 &
0$
#8401000
b10001 #
b10001 '
b10001 (
b10000 &
0$
#8402000
b10010 #
b10010 '
b10010 (
b10001 &
0$
#8403000
b10011 #
b10011 '
b10011 (
b10010 &
0$
#8404000
b10100 #
b10100 '
b10100 (
b10011 &
0$
#8405000
b10101 #
b10101 '
b10101 (
b10100 &
0$
#8406000
b10110 #
b10110 '
b10110 (
b10101 &
0$
#8407000
b10111 #
b10111 '
b10111 (
b10110 &
0$
#8408000
b11000 #
b11000 '
b11000 (
b10111 &
0$
#8409000
b11001 #
b11001 '
b11001 (
b11000 &
0$
#8410000
b11010 #
b11010 '
b11010 (
b11001 &
0$
#8411000
b11011 #
b11011 '
b11011 (
b11010 &
0$
#8412000
b11100 #
b11100 '
b11100 (
b11011 &
0$
#8413000
b11101 #
b11101 '
b11101 (
b11100 &
0$
#8414000
b11110 #
b11110 '
b11110 (
b11101 &
0$
#8415000
b11111 #
b11111 '
b11111 (
b11110 &
0$
#8416000
b0 #
b0 '
b0 (
b11111 &
0$
#8417000
b1 #
b1 '
b1 (
b0 &
0$
#8418000
b10 #
b10 '
b10 (
b1 &
0$
#8419000
b11 #
b11 '
b11 (
b10 &
0$
#8420000
b100 #
b100 '
b100 (
b11 &
0$
#8421000
b101 #
b101 '
b101 (
b100 &
0$
#8422000
b110 #
b110 '
b110 (
b101 &
0$
#8423000
b111 #
b111 '
b111 (
b110 &
0$
#8424000
b1000 #
b1000 '
b1000 (
b111 &
0$
#8425000
b1001 #
b1001 '
b1001 (
b1000 &
0$
#8426000
b1010 #
b1010 '
b1010 (
b1001 &
0$
#8427000
b1011 #
b1011 '
b1011 (
b1010 &
0$
#8428000
b1100 #
b1100 '
b1100 (
b1011 &
0$
#8429000
b1101 #
b1101 '
b1101 (
b1100 &
0$
#8430000
b1110 #
b1110 '
b1110 (
b1101 &
0$
#8431000
b1111 #
b1111 '
b1111 (
b1110 &
0$
#8432000
b10000 #
b10000 '
b10000 (
b1111 &
0$
#8433000
b10001 #
b10001 '
b10001 (
b10000 &
0$
#8434000
b10010 #
b10010 '
b10010 (
b10001 &
0$
#8435000
b10011 #
b10011 '
b10011 (
b10010 &
0$
#8436000
b10100 #
b10100 '
b10100 (
b10011 &
0$
#8437000
b10101 #
b10101 '
b10101 (
b10100 &
0$
#8438000
b10110 #
b10110 '
b10110 (
b10101 &
0$
#8439000
b10111 #
b10111 '
b10111 (
b10110 &
0$
#8440000
b11000 #
b11000 '
b11000 (
b10111 &
0$
#8441000
b11001 #
b11001 '
b11001 (
b11000 &
0$
#8442000
b11010 #
b11010 '
b11010 (
b11001 &
0$
#8443000
b11011 #
b11011 '
b11011 (
b11010 &
0$
#8444000
b11100 #
b11100 '
b11100 (
b11011 &
0$
#8445000
b11101 #
b11101 '
b11101 (
b11100 &
0$
#8446000
b11110 #
b11110 '
b11110 (
b11101 &
0$
#8447000
b11111 #
b11111 '
b11111 (
b11110 &
0$
#8448000
b0 #
b0 '
b0 (
b11111 &
0$
#8449000
b1 #
b1 '
b1 (
b0 &
0$
#8450000
b10 #
b10 '
b10 (
b1 &
0$
#8451000
b11 #
b11 '
b11 (
b10 &
0$
#8452000
b100 #
b100 '
b100 (
b11 &
0$
#8453000
b101 #
b101 '
b101 (
b100 &
0$
#8454000
b110 #
b110 '
b110 (
b101 &
0$
#8455000
b111 #
b111 '
b111 (
b110 &
0$
#8456000
b1000 #
b1000 '
b1000 (
b111 &
0$
#8457000
b1001 #
b1001 '
b1001 (
b1000 &
0$
#8458000
b1010 #
b1010 '
b1010 (
b1001 &
0$
#8459000
b1011 #
b1011 '
b1011 (
b1010 &
0$
#8460000
b1100 #
b1100 '
b1100 (
b1011 &
0$
#8461000
b1101 #
b1101 '
b1101 (
b1100 &
0$
#8462000
b1110 #
b1110 '
b1110 (
b1101 &
0$
#8463000
b1111 #
b1111 '
b1111 (
b1110 &
0$
#8464000
b10000 #
b10000 '
b10000 (
b1111 &
0$
#8465000
b10001 #
b10001 '
b10001 (
b10000 &
0$
#8466000
b10010 #
b10010 '
b10010 (
b10001 &
0$
#8467000
b10011 #
b10011 '
b10011 (
b10010 &
0$
#8468000
b10100 #
b10100 '
b10100 (
b10011 &
0$
#8469000
b10101 #
b10101 '
b10101 (
b10100 &
0$
#8470000
b10110 #
b10110 '
b10110 (
b10101 &
0$
#8471000
b10111 #
b10111 '
b10111 (
b10110 &
0$
#8472000
b11000 #
b11000 '
b11000 (
b10111 &
0$
#8473000
b11001 #
b11001 '
b11001 (
b11000 &
0$
#8474000
b11010 #
b11010 '
b11010 (
b11001 &
0$
#8475000
b11011 #
b11011 '
b11011 (
b11010 &
0$
#8476000
b11100 #
b11100 '
b11100 (
b11011 &
0$
#8477000
b11101 #
b11101 '
b11101 (
b11100 &
0$
#8478000
b11110 #
b11110 '
b11110 (
b11101 &
0$
#8479000
b11111 #
b11111 '
b11111 (
b11110 &
0$
#8480000
b0 #
b0 '
b0 (
b11111 &
0$
#8481000
b1 #
b1 '
b1 (
b0 &
0$
#8482000
b10 #
b10 '
b10 (
b1 &
0$
#8483000
b11 #
b11 '
b11 (
b10 &
0$
#8484000
b100 #
b100 '
b100 (
b11 &
0$
#8485000
b101 #
b101 '
b101 (
b100 &
0$
#8486000
b110 #
b110 '
b110 (
b101 &
0$
#8487000
b111 #
b111 '
b111 (
b110 &
0$
#8488000
b1000 #
b1000 '
b1000 (
b111 &
0$
#8489000
b1001 #
b1001 '
b1001 (
b1000 &
0$
#8490000
b1010 #
b1010 '
b1010 (
b1001 &
0$
#8491000
b1011 #
b1011 '
b1011 (
b1010 &
0$
#8492000
b1100 #
b1100 '
b1100 (
b1011 &
0$
#8493000
b1101 #
b1101 '
b1101 (
b1100 &
0$
#8494000
b1110 #
b1110 '
b1110 (
b1101 &
0$
#8495000
b1111 #
b1111 '
b1111 (
b1110 &
0$
#8496000
b10000 #
b10000 '
b10000 (
b1111 &
0$
#8497000
b10001 #
b10001 '
b10001 (
b10000 &
0$
#8498000
b10010 #
b10010 '
b10010 (
b10001 &
0$
#8499000
b10011 #
b10011 '
b10011 (
b10010 &
0$
#8500000
b10100 #
b10100 '
b10100 (
b10011 &
0$
#8501000
b10101 #
b10101 '
b10101 (
b10100 &
0$
#8502000
b10110 #
b10110 '
b10110 (
b10101 &
0$
#8503000
b10111 #
b10111 '
b10111 (
b10110 &
0$
#8504000
b11000 #
b11000 '
b11000 (
b10111 &
0$
#8505000
b11001 #
b11001 '
b11001 (
b11000 &
0$
#8506000
b11010 #
b11010 '
b11010 (
b11001 &
0$
#8507000
b11011 #
b11011 '
b11011 (
b11010 &
0$
#8508000
b11100 #
b11100 '
b11100 (
b11011 &
0$
#8509000
b11101 #
b11101 '
b11101 (
b11100 &
0$
#8510000
b11110 #
b11110 '
b11110 (
b11101 &
0$
#8511000
b11111 #
b11111 '
b11111 (
b11110 &
0$
#8512000
b0 #
b0 '
b0 (
b11111 &
0$
#8513000
b1 #
b1 '
b1 (
b0 &
0$
#8514000
b10 #
b10 '
b10 (
b1 &
0$
#8515000
b11 #
b11 '
b11 (
b10 &
0$
#8516000
b100 #
b100 '
b100 (
b11 &
0$
#8517000
b101 #
b101 '
b101 (
b100 &
0$
#8518000
b110 #
b110 '
b110 (
b101 &
0$
#8519000
b111 #
b111 '
b111 (
b110 &
0$
#8520000
b1000 #
b1000 '
b1000 (
b111 &
0$
#8521000
b1001 #
b1001 '
b1001 (
b1000 &
0$
#8522000
b1010 #
b1010 '
b1010 (
b1001 &
0$
#8523000
b1011 #
b1011 '
b1011 (
b1010 &
0$
#8524000
b1100 #
b1100 '
b1100 (
b1011 &
0$
#8525000
b1101 #
b1101 '
b1101 (
b1100 &
0$
#8526000
b1110 #
b1110 '
b1110 (
b1101 &
0$
#8527000
b1111 #
b1111 '
b1111 (
b1110 &
0$
#8528000
b10000 #
b10000 '
b10000 (
b1111 &
0$
#8529000
b10001 #
b10001 '
b10001 (
b10000 &
0$
#8530000
b10010 #
b10010 '
b10010 (
b10001 &
0$
#8531000
b10011 #
b10011 '
b10011 (
b10010 &
0$
#8532000
b10100 #
b10100 '
b10100 (
b10011 &
0$
#8533000
b10101 #
b10101 '
b10101 (
b10100 &
0$
#8534000
b10110 #
b10110 '
b10110 (
b10101 &
0$
#8535000
b10111 #
b10111 '
b10111 (
b10110 &
0$
#8536000
b11000 #
b11000 '
b11000 (
b10111 &
0$
#8537000
b11001 #
b11001 '
b11001 (
b11000 &
0$
#8538000
b11010 #
b11010 '
b11010 (
b11001 &
0$
#8539000
b11011 #
b11011 '
b11011 (
b11010 &
0$
#8540000
b11100 #
b11100 '
b11100 (
b11011 &
0$
#8541000
b11101 #
b11101 '
b11101 (
b11100 &
0$
#8542000
b11110 #
b11110 '
b11110 (
b11101 &
0$
#8543000
b11111 #
b11111 '
b11111 (
b11110 &
0$
#8544000
b0 #
b0 '
b0 (
b11111 &
0$
#8545000
b1 #
b1 '
b1 (
b0 &
0$
#8546000
b10 #
b10 '
b10 (
b1 &
0$
#8547000
b11 #
b11 '
b11 (
b10 &
0$
#8548000
b100 #
b100 '
b100 (
b11 &
0$
#8549000
b101 #
b101 '
b101 (
b100 &
0$
#8550000
b110 #
b110 '
b110 (
b101 &
0$
#8551000
b111 #
b111 '
b111 (
b110 &
0$
#8552000
b1000 #
b1000 '
b1000 (
b111 &
0$
#8553000
b1001 #
b1001 '
b1001 (
b1000 &
0$
#8554000
b1010 #
b1010 '
b1010 (
b1001 &
0$
#8555000
b1011 #
b1011 '
b1011 (
b1010 &
0$
#8556000
b1100 #
b1100 '
b1100 (
b1011 &
0$
#8557000
b1101 #
b1101 '
b1101 (
b1100 &
0$
#8558000
b1110 #
b1110 '
b1110 (
b1101 &
0$
#8559000
b1111 #
b1111 '
b1111 (
b1110 &
0$
#8560000
b10000 #
b10000 '
b10000 (
b1111 &
0$
#8561000
b10001 #
b10001 '
b10001 (
b10000 &
0$
#8562000
b10010 #
b10010 '
b10010 (
b10001 &
0$
#8563000
b10011 #
b10011 '
b10011 (
b10010 &
0$
#8564000
b10100 #
b10100 '
b10100 (
b10011 &
0$
#8565000
b10101 #
b10101 '
b10101 (
b10100 &
0$
#8566000
b10110 #
b10110 '
b10110 (
b10101 &
0$
#8567000
b10111 #
b10111 '
b10111 (
b10110 &
0$
#8568000
b11000 #
b11000 '
b11000 (
b10111 &
0$
#8569000
b11001 #
b11001 '
b11001 (
b11000 &
0$
#8570000
b11010 #
b11010 '
b11010 (
b11001 &
0$
#8571000
b11011 #
b11011 '
b11011 (
b11010 &
0$
#8572000
b11100 #
b11100 '
b11100 (
b11011 &
0$
#8573000
b11101 #
b11101 '
b11101 (
b11100 &
0$
#8574000
b11110 #
b11110 '
b11110 (
b11101 &
0$
#8575000
b11111 #
b11111 '
b11111 (
b11110 &
0$
#8576000
b0 #
b0 '
b0 (
b11111 &
0$
#8577000
b1 #
b1 '
b1 (
b0 &
0$
#8578000
b10 #
b10 '
b10 (
b1 &
0$
#8579000
b11 #
b11 '
b11 (
b10 &
0$
#8580000
b100 #
b100 '
b100 (
b11 &
0$
#8581000
b101 #
b101 '
b101 (
b100 &
0$
#8582000
b110 #
b110 '
b110 (
b101 &
0$
#8583000
b111 #
b111 '
b111 (
b110 &
0$
#8584000
b1000 #
b1000 '
b1000 (
b111 &
0$
#8585000
b1001 #
b1001 '
b1001 (
b1000 &
0$
#8586000
b1010 #
b1010 '
b1010 (
b1001 &
0$
#8587000
b1011 #
b1011 '
b1011 (
b1010 &
0$
#8588000
b1100 #
b1100 '
b1100 (
b1011 &
0$
#8589000
b1101 #
b1101 '
b1101 (
b1100 &
0$
#8590000
b1110 #
b1110 '
b1110 (
b1101 &
0$
#8591000
b1111 #
b1111 '
b1111 (
b1110 &
0$
#8592000
b10000 #
b10000 '
b10000 (
b1111 &
0$
#8593000
b10001 #
b10001 '
b10001 (
b10000 &
0$
#8594000
b10010 #
b10010 '
b10010 (
b10001 &
0$
#8595000
b10011 #
b10011 '
b10011 (
b10010 &
0$
#8596000
b10100 #
b10100 '
b10100 (
b10011 &
0$
#8597000
b10101 #
b10101 '
b10101 (
b10100 &
0$
#8598000
b10110 #
b10110 '
b10110 (
b10101 &
0$
#8599000
b10111 #
b10111 '
b10111 (
b10110 &
0$
#8600000
b11000 #
b11000 '
b11000 (
b10111 &
0$
#8601000
b11001 #
b11001 '
b11001 (
b11000 &
0$
#8602000
b11010 #
b11010 '
b11010 (
b11001 &
0$
#8603000
b11011 #
b11011 '
b11011 (
b11010 &
0$
#8604000
b11100 #
b11100 '
b11100 (
b11011 &
0$
#8605000
b11101 #
b11101 '
b11101 (
b11100 &
0$
#8606000
b11110 #
b11110 '
b11110 (
b11101 &
0$
#8607000
b11111 #
b11111 '
b11111 (
b11110 &
0$
#8608000
b0 #
b0 '
b0 (
b11111 &
0$
#8609000
b1 #
b1 '
b1 (
b0 &
0$
#8610000
b10 #
b10 '
b10 (
b1 &
0$
#8611000
b11 #
b11 '
b11 (
b10 &
0$
#8612000
b100 #
b100 '
b100 (
b11 &
0$
#8613000
b101 #
b101 '
b101 (
b100 &
0$
#8614000
b110 #
b110 '
b110 (
b101 &
0$
#8615000
b111 #
b111 '
b111 (
b110 &
0$
#8616000
b1000 #
b1000 '
b1000 (
b111 &
0$
#8617000
b1001 #
b1001 '
b1001 (
b1000 &
0$
#8618000
b1010 #
b1010 '
b1010 (
b1001 &
0$
#8619000
b1011 #
b1011 '
b1011 (
b1010 &
0$
#8620000
b1100 #
b1100 '
b1100 (
b1011 &
0$
#8621000
b1101 #
b1101 '
b1101 (
b1100 &
0$
#8622000
b1110 #
b1110 '
b1110 (
b1101 &
0$
#8623000
b1111 #
b1111 '
b1111 (
b1110 &
0$
#8624000
b10000 #
b10000 '
b10000 (
b1111 &
0$
#8625000
b10001 #
b10001 '
b10001 (
b10000 &
0$
#8626000
b10010 #
b10010 '
b10010 (
b10001 &
0$
#8627000
b10011 #
b10011 '
b10011 (
b10010 &
0$
#8628000
b10100 #
b10100 '
b10100 (
b10011 &
0$
#8629000
b10101 #
b10101 '
b10101 (
b10100 &
0$
#8630000
b10110 #
b10110 '
b10110 (
b10101 &
0$
#8631000
b10111 #
b10111 '
b10111 (
b10110 &
0$
#8632000
b11000 #
b11000 '
b11000 (
b10111 &
0$
#8633000
b11001 #
b11001 '
b11001 (
b11000 &
0$
#8634000
b11010 #
b11010 '
b11010 (
b11001 &
0$
#8635000
b11011 #
b11011 '
b11011 (
b11010 &
0$
#8636000
b11100 #
b11100 '
b11100 (
b11011 &
0$
#8637000
b11101 #
b11101 '
b11101 (
b11100 &
0$
#8638000
b11110 #
b11110 '
b11110 (
b11101 &
0$
#8639000
b11111 #
b11111 '
b11111 (
b11110 &
0$
#8640000
b0 #
b0 '
b0 (
b11111 &
0$
#8641000
b1 #
b1 '
b1 (
b0 &
0$
#8642000
b10 #
b10 '
b10 (
b1 &
0$
#8643000
b11 #
b11 '
b11 (
b10 &
0$
#8644000
b100 #
b100 '
b100 (
b11 &
0$
#8645000
b101 #
b101 '
b101 (
b100 &
0$
#8646000
b110 #
b110 '
b110 (
b101 &
0$
#8647000
b111 #
b111 '
b111 (
b110 &
0$
#8648000
b1000 #
b1000 '
b1000 (
b111 &
0$
#8649000
b1001 #
b1001 '
b1001 (
b1000 &
0$
#8650000
b1010 #
b1010 '
b1010 (
b1001 &
0$
#8651000
b1011 #
b1011 '
b1011 (
b1010 &
0$
#8652000
b1100 #
b1100 '
b1100 (
b1011 &
0$
#8653000
b1101 #
b1101 '
b1101 (
b1100 &
0$
#8654000
b1110 #
b1110 '
b1110 (
b1101 &
0$
#8655000
b1111 #
b1111 '
b1111 (
b1110 &
0$
#8656000
b10000 #
b10000 '
b10000 (
b1111 &
0$
#8657000
b10001 #
b10001 '
b10001 (
b10000 &
0$
#8658000
b10010 #
b10010 '
b10010 (
b10001 &
0$
#8659000
b10011 #
b10011 '
b10011 (
b10010 &
0$
#8660000
b10100 #
b10100 '
b10100 (
b10011 &
0$
#8661000
b10101 #
b10101 '
b10101 (
b10100 &
0$
#8662000
b10110 #
b10110 '
b10110 (
b10101 &
0$
#8663000
b10111 #
b10111 '
b10111 (
b10110 &
0$
#8664000
b11000 #
b11000 '
b11000 (
b10111 &
0$
#8665000
b11001 #
b11001 '
b11001 (
b11000 &
0$
#8666000
b11010 #
b11010 '
b11010 (
b11001 &
0$
#8667000
b11011 #
b11011 '
b11011 (
b11010 &
0$
#8668000
b11100 #
b11100 '
b11100 (
b11011 &
0$
#8669000
b11101 #
b11101 '
b11101 (
b11100 &
0$
#8670000
b11110 #
b11110 '
b11110 (
b11101 &
0$
#8671000
b11111 #
b11111 '
b11111 (
b11110 &
0$
#8672000
b0 #
b0 '
b0 (
b11111 &
0$
#8673000
b1 #
b1 '
b1 (
b0 &
0$
#8674000
b10 #
b10 '
b10 (
b1 &
0$
#8675000
b11 #
b11 '
b11 (
b10 &
0$
#8676000
b100 #
b100 '
b100 (
b11 &
0$
#8677000
b101 #
b101 '
b101 (
b100 &
0$
#8678000
b110 #
b110 '
b110 (
b101 &
0$
#8679000
b111 #
b111 '
b111 (
b110 &
0$
#8680000
b1000 #
b1000 '
b1000 (
b111 &
0$
#8681000
b1001 #
b1001 '
b1001 (
b1000 &
0$
#8682000
b1010 #
b1010 '
b1010 (
b1001 &
0$
#8683000
b1011 #
b1011 '
b1011 (
b1010 &
0$
#8684000
b1100 #
b1100 '
b1100 (
b1011 &
0$
#8685000
b1101 #
b1101 '
b1101 (
b1100 &
0$
#8686000
b1110 #
b1110 '
b1110 (
b1101 &
0$
#8687000
b1111 #
b1111 '
b1111 (
b1110 &
0$
#8688000
b10000 #
b10000 '
b10000 (
b1111 &
0$
#8689000
b10001 #
b10001 '
b10001 (
b10000 &
0$
#8690000
b10010 #
b10010 '
b10010 (
b10001 &
0$
#8691000
b10011 #
b10011 '
b10011 (
b10010 &
0$
#8692000
b10100 #
b10100 '
b10100 (
b10011 &
0$
#8693000
b10101 #
b10101 '
b10101 (
b10100 &
0$
#8694000
b10110 #
b10110 '
b10110 (
b10101 &
0$
#8695000
b10111 #
b10111 '
b10111 (
b10110 &
0$
#8696000
b11000 #
b11000 '
b11000 (
b10111 &
0$
#8697000
b11001 #
b11001 '
b11001 (
b11000 &
0$
#8698000
b11010 #
b11010 '
b11010 (
b11001 &
0$
#8699000
b11011 #
b11011 '
b11011 (
b11010 &
0$
#8700000
b11100 #
b11100 '
b11100 (
b11011 &
0$
#8701000
b11101 #
b11101 '
b11101 (
b11100 &
0$
#8702000
b11110 #
b11110 '
b11110 (
b11101 &
0$
#8703000
b11111 #
b11111 '
b11111 (
b11110 &
0$
#8704000
b0 #
b0 '
b0 (
b11111 &
0$
#8705000
b1 #
b1 '
b1 (
b0 &
0$
#8706000
b10 #
b10 '
b10 (
b1 &
0$
#8707000
b11 #
b11 '
b11 (
b10 &
0$
#8708000
b100 #
b100 '
b100 (
b11 &
0$
#8709000
b101 #
b101 '
b101 (
b100 &
0$
#8710000
b110 #
b110 '
b110 (
b101 &
0$
#8711000
b111 #
b111 '
b111 (
b110 &
0$
#8712000
b1000 #
b1000 '
b1000 (
b111 &
0$
#8713000
b1001 #
b1001 '
b1001 (
b1000 &
0$
#8714000
b1010 #
b1010 '
b1010 (
b1001 &
0$
#8715000
b1011 #
b1011 '
b1011 (
b1010 &
0$
#8716000
b1100 #
b1100 '
b1100 (
b1011 &
0$
#8717000
b1101 #
b1101 '
b1101 (
b1100 &
0$
#8718000
b1110 #
b1110 '
b1110 (
b1101 &
0$
#8719000
b1111 #
b1111 '
b1111 (
b1110 &
0$
#8720000
b10000 #
b10000 '
b10000 (
b1111 &
0$
#8721000
b10001 #
b10001 '
b10001 (
b10000 &
0$
#8722000
b10010 #
b10010 '
b10010 (
b10001 &
0$
#8723000
b10011 #
b10011 '
b10011 (
b10010 &
0$
#8724000
b10100 #
b10100 '
b10100 (
b10011 &
0$
#8725000
b10101 #
b10101 '
b10101 (
b10100 &
0$
#8726000
b10110 #
b10110 '
b10110 (
b10101 &
0$
#8727000
b10111 #
b10111 '
b10111 (
b10110 &
0$
#8728000
b11000 #
b11000 '
b11000 (
b10111 &
0$
#8729000
b11001 #
b11001 '
b11001 (
b11000 &
0$
#8730000
b11010 #
b11010 '
b11010 (
b11001 &
0$
#8731000
b11011 #
b11011 '
b11011 (
b11010 &
0$
#8732000
b11100 #
b11100 '
b11100 (
b11011 &
0$
#8733000
b11101 #
b11101 '
b11101 (
b11100 &
0$
#8734000
b11110 #
b11110 '
b11110 (
b11101 &
0$
#8735000
b11111 #
b11111 '
b11111 (
b11110 &
0$
#8736000
b0 #
b0 '
b0 (
b11111 &
0$
#8737000
b1 #
b1 '
b1 (
b0 &
0$
#8738000
b10 #
b10 '
b10 (
b1 &
0$
#8739000
b11 #
b11 '
b11 (
b10 &
0$
#8740000
b100 #
b100 '
b100 (
b11 &
0$
#8741000
b101 #
b101 '
b101 (
b100 &
0$
#8742000
b110 #
b110 '
b110 (
b101 &
0$
#8743000
b111 #
b111 '
b111 (
b110 &
0$
#8744000
b1000 #
b1000 '
b1000 (
b111 &
0$
#8745000
b1001 #
b1001 '
b1001 (
b1000 &
0$
#8746000
b1010 #
b1010 '
b1010 (
b1001 &
0$
#8747000
b1011 #
b1011 '
b1011 (
b1010 &
0$
#8748000
b1100 #
b1100 '
b1100 (
b1011 &
0$
#8749000
b1101 #
b1101 '
b1101 (
b1100 &
0$
#8750000
b1110 #
b1110 '
b1110 (
b1101 &
0$
#8751000
b1111 #
b1111 '
b1111 (
b1110 &
0$
#8752000
b10000 #
b10000 '
b10000 (
b1111 &
0$
#8753000
b10001 #
b10001 '
b10001 (
b10000 &
0$
#8754000
b10010 #
b10010 '
b10010 (
b10001 &
0$
#8755000
b10011 #
b10011 '
b10011 (
b10010 &
0$
#8756000
b10100 #
b10100 '
b10100 (
b10011 &
0$
#8757000
b10101 #
b10101 '
b10101 (
b10100 &
0$
#8758000
b10110 #
b10110 '
b10110 (
b10101 &
0$
#8759000
b10111 #
b10111 '
b10111 (
b10110 &
0$
#8760000
b11000 #
b11000 '
b11000 (
b10111 &
0$
#8761000
b11001 #
b11001 '
b11001 (
b11000 &
0$
#8762000
b11010 #
b11010 '
b11010 (
b11001 &
0$
#8763000
b11011 #
b11011 '
b11011 (
b11010 &
0$
#8764000
b11100 #
b11100 '
b11100 (
b11011 &
0$
#8765000
b11101 #
b11101 '
b11101 (
b11100 &
0$
#8766000
b11110 #
b11110 '
b11110 (
b11101 &
0$
#8767000
b11111 #
b11111 '
b11111 (
b11110 &
0$
#8768000
b0 #
b0 '
b0 (
b11111 &
0$
#8769000
b1 #
b1 '
b1 (
b0 &
0$
#8770000
b10 #
b10 '
b10 (
b1 &
0$
#8771000
b11 #
b11 '
b11 (
b10 &
0$
#8772000
b100 #
b100 '
b100 (
b11 &
0$
#8773000
b101 #
b101 '
b101 (
b100 &
0$
#8774000
b110 #
b110 '
b110 (
b101 &
0$
#8775000
b111 #
b111 '
b111 (
b110 &
0$
#8776000
b1000 #
b1000 '
b1000 (
b111 &
0$
#8777000
b1001 #
b1001 '
b1001 (
b1000 &
0$
#8778000
b1010 #
b1010 '
b1010 (
b1001 &
0$
#8779000
b1011 #
b1011 '
b1011 (
b1010 &
0$
#8780000
b1100 #
b1100 '
b1100 (
b1011 &
0$
#8781000
b1101 #
b1101 '
b1101 (
b1100 &
0$
#8782000
b1110 #
b1110 '
b1110 (
b1101 &
0$
#8783000
b1111 #
b1111 '
b1111 (
b1110 &
0$
#8784000
b10000 #
b10000 '
b10000 (
b1111 &
0$
#8785000
b10001 #
b10001 '
b10001 (
b10000 &
0$
#8786000
b10010 #
b10010 '
b10010 (
b10001 &
0$
#8787000
b10011 #
b10011 '
b10011 (
b10010 &
0$
#8788000
b10100 #
b10100 '
b10100 (
b10011 &
0$
#8789000
b10101 #
b10101 '
b10101 (
b10100 &
0$
#8790000
b10110 #
b10110 '
b10110 (
b10101 &
0$
#8791000
b10111 #
b10111 '
b10111 (
b10110 &
0$
#8792000
b11000 #
b11000 '
b11000 (
b10111 &
0$
#8793000
b11001 #
b11001 '
b11001 (
b11000 &
0$
#8794000
b11010 #
b11010 '
b11010 (
b11001 &
0$
#8795000
b11011 #
b11011 '
b11011 (
b11010 &
0$
#8796000
b11100 #
b11100 '
b11100 (
b11011 &
0$
#8797000
b11101 #
b11101 '
b11101 (
b11100 &
0$
#8798000
b11110 #
b11110 '
b11110 (
b11101 &
0$
#8799000
b11111 #
b11111 '
b11111 (
b11110 &
0$
#8800000
b0 #
b0 '
b0 (
b11111 &
0$
#8801000
b1 #
b1 '
b1 (
b0 &
0$
#8802000
b10 #
b10 '
b10 (
b1 &
0$
#8803000
b11 #
b11 '
b11 (
b10 &
0$
#8804000
b100 #
b100 '
b100 (
b11 &
0$
#8805000
b101 #
b101 '
b101 (
b100 &
0$
#8806000
b110 #
b110 '
b110 (
b101 &
0$
#8807000
b111 #
b111 '
b111 (
b110 &
0$
#8808000
b1000 #
b1000 '
b1000 (
b111 &
0$
#8809000
b1001 #
b1001 '
b1001 (
b1000 &
0$
#8810000
b1010 #
b1010 '
b1010 (
b1001 &
0$
#8811000
b1011 #
b1011 '
b1011 (
b1010 &
0$
#8812000
b1100 #
b1100 '
b1100 (
b1011 &
0$
#8813000
b1101 #
b1101 '
b1101 (
b1100 &
0$
#8814000
b1110 #
b1110 '
b1110 (
b1101 &
0$
#8815000
b1111 #
b1111 '
b1111 (
b1110 &
0$
#8816000
b10000 #
b10000 '
b10000 (
b1111 &
0$
#8817000
b10001 #
b10001 '
b10001 (
b10000 &
0$
#8818000
b10010 #
b10010 '
b10010 (
b10001 &
0$
#8819000
b10011 #
b10011 '
b10011 (
b10010 &
0$
#8820000
b10100 #
b10100 '
b10100 (
b10011 &
0$
#8821000
b10101 #
b10101 '
b10101 (
b10100 &
0$
#8822000
b10110 #
b10110 '
b10110 (
b10101 &
0$
#8823000
b10111 #
b10111 '
b10111 (
b10110 &
0$
#8824000
b11000 #
b11000 '
b11000 (
b10111 &
0$
#8825000
b11001 #
b11001 '
b11001 (
b11000 &
0$
#8826000
b11010 #
b11010 '
b11010 (
b11001 &
0$
#8827000
b11011 #
b11011 '
b11011 (
b11010 &
0$
#8828000
b11100 #
b11100 '
b11100 (
b11011 &
0$
#8829000
b11101 #
b11101 '
b11101 (
b11100 &
0$
#8830000
b11110 #
b11110 '
b11110 (
b11101 &
0$
#8831000
b11111 #
b11111 '
b11111 (
b11110 &
0$
#8832000
b0 #
b0 '
b0 (
b11111 &
0$
#8833000
b1 #
b1 '
b1 (
b0 &
0$
#8834000
b10 #
b10 '
b10 (
b1 &
0$
#8835000
b11 #
b11 '
b11 (
b10 &
0$
#8836000
b100 #
b100 '
b100 (
b11 &
0$
#8837000
b101 #
b101 '
b101 (
b100 &
0$
#8838000
b110 #
b110 '
b110 (
b101 &
0$
#8839000
b111 #
b111 '
b111 (
b110 &
0$
#8840000
b1000 #
b1000 '
b1000 (
b111 &
0$
#8841000
b1001 #
b1001 '
b1001 (
b1000 &
0$
#8842000
b1010 #
b1010 '
b1010 (
b1001 &
0$
#8843000
b1011 #
b1011 '
b1011 (
b1010 &
0$
#8844000
b1100 #
b1100 '
b1100 (
b1011 &
0$
#8845000
b1101 #
b1101 '
b1101 (
b1100 &
0$
#8846000
b1110 #
b1110 '
b1110 (
b1101 &
0$
#8847000
b1111 #
b1111 '
b1111 (
b1110 &
0$
#8848000
b10000 #
b10000 '
b10000 (
b1111 &
0$
#8849000
b10001 #
b10001 '
b10001 (
b10000 &
0$
#8850000
b10010 #
b10010 '
b10010 (
b10001 &
0$
#8851000
b10011 #
b10011 '
b10011 (
b10010 &
0$
#8852000
b10100 #
b10100 '
b10100 (
b10011 &
0$
#8853000
b10101 #
b10101 '
b10101 (
b10100 &
0$
#8854000
b10110 #
b10110 '
b10110 (
b10101 &
0$
#8855000
b10111 #
b10111 '
b10111 (
b10110 &
0$
#8856000
b11000 #
b11000 '
b11000 (
b10111 &
0$
#8857000
b11001 #
b11001 '
b11001 (
b11000 &
0$
#8858000
b11010 #
b11010 '
b11010 (
b11001 &
0$
#8859000
b11011 #
b11011 '
b11011 (
b11010 &
0$
#8860000
b11100 #
b11100 '
b11100 (
b11011 &
0$
#8861000
b11101 #
b11101 '
b11101 (
b11100 &
0$
#8862000
b11110 #
b11110 '
b11110 (
b11101 &
0$
#8863000
b11111 #
b11111 '
b11111 (
b11110 &
0$
#8864000
b0 #
b0 '
b0 (
b11111 &
0$
#8865000
b1 #
b1 '
b1 (
b0 &
0$
#8866000
b10 #
b10 '
b10 (
b1 &
0$
#8867000
b11 #
b11 '
b11 (
b10 &
0$
#8868000
b100 #
b100 '
b100 (
b11 &
0$
#8869000
b101 #
b101 '
b101 (
b100 &
0$
#8870000
b110 #
b110 '
b110 (
b101 &
0$
#8871000
b111 #
b111 '
b111 (
b110 &
0$
#8872000
b1000 #
b1000 '
b1000 (
b111 &
0$
#8873000
b1001 #
b1001 '
b1001 (
b1000 &
0$
#8874000
b1010 #
b1010 '
b1010 (
b1001 &
0$
#8875000
b1011 #
b1011 '
b1011 (
b1010 &
0$
#8876000
b1100 #
b1100 '
b1100 (
b1011 &
0$
#8877000
b1101 #
b1101 '
b1101 (
b1100 &
0$
#8878000
b1110 #
b1110 '
b1110 (
b1101 &
0$
#8879000
b1111 #
b1111 '
b1111 (
b1110 &
0$
#8880000
b10000 #
b10000 '
b10000 (
b1111 &
0$
#8881000
b10001 #
b10001 '
b10001 (
b10000 &
0$
#8882000
b10010 #
b10010 '
b10010 (
b10001 &
0$
#8883000
b10011 #
b10011 '
b10011 (
b10010 &
0$
#8884000
b10100 #
b10100 '
b10100 (
b10011 &
0$
#8885000
b10101 #
b10101 '
b10101 (
b10100 &
0$
#8886000
b10110 #
b10110 '
b10110 (
b10101 &
0$
#8887000
b10111 #
b10111 '
b10111 (
b10110 &
0$
#8888000
b11000 #
b11000 '
b11000 (
b10111 &
0$
#8889000
b11001 #
b11001 '
b11001 (
b11000 &
0$
#8890000
b11010 #
b11010 '
b11010 (
b11001 &
0$
#8891000
b11011 #
b11011 '
b11011 (
b11010 &
0$
#8892000
b11100 #
b11100 '
b11100 (
b11011 &
0$
#8893000
b11101 #
b11101 '
b11101 (
b11100 &
0$
#8894000
b11110 #
b11110 '
b11110 (
b11101 &
0$
#8895000
b11111 #
b11111 '
b11111 (
b11110 &
0$
#8896000
b0 #
b0 '
b0 (
b11111 &
0$
#8897000
b1 #
b1 '
b1 (
b0 &
0$
#8898000
b10 #
b10 '
b10 (
b1 &
0$
#8899000
b11 #
b11 '
b11 (
b10 &
0$
#8900000
b100 #
b100 '
b100 (
b11 &
0$
#8901000
b101 #
b101 '
b101 (
b100 &
0$
#8902000
b110 #
b110 '
b110 (
b101 &
0$
#8903000
b111 #
b111 '
b111 (
b110 &
0$
#8904000
b1000 #
b1000 '
b1000 (
b111 &
0$
#8905000
b1001 #
b1001 '
b1001 (
b1000 &
0$
#8906000
b1010 #
b1010 '
b1010 (
b1001 &
0$
#8907000
b1011 #
b1011 '
b1011 (
b1010 &
0$
#8908000
b1100 #
b1100 '
b1100 (
b1011 &
0$
#8909000
b1101 #
b1101 '
b1101 (
b1100 &
0$
#8910000
b1110 #
b1110 '
b1110 (
b1101 &
0$
#8911000
b1111 #
b1111 '
b1111 (
b1110 &
0$
#8912000
b10000 #
b10000 '
b10000 (
b1111 &
0$
#8913000
b10001 #
b10001 '
b10001 (
b10000 &
0$
#8914000
b10010 #
b10010 '
b10010 (
b10001 &
0$
#8915000
b10011 #
b10011 '
b10011 (
b10010 &
0$
#8916000
b10100 #
b10100 '
b10100 (
b10011 &
0$
#8917000
b10101 #
b10101 '
b10101 (
b10100 &
0$
#8918000
b10110 #
b10110 '
b10110 (
b10101 &
0$
#8919000
b10111 #
b10111 '
b10111 (
b10110 &
0$
#8920000
b11000 #
b11000 '
b11000 (
b10111 &
0$
#8921000
b11001 #
b11001 '
b11001 (
b11000 &
0$
#8922000
b11010 #
b11010 '
b11010 (
b11001 &
0$
#8923000
b11011 #
b11011 '
b11011 (
b11010 &
0$
#8924000
b11100 #
b11100 '
b11100 (
b11011 &
0$
#8925000
b11101 #
b11101 '
b11101 (
b11100 &
0$
#8926000
b11110 #
b11110 '
b11110 (
b11101 &
0$
#8927000
b11111 #
b11111 '
b11111 (
b11110 &
0$
#8928000
b0 #
b0 '
b0 (
b11111 &
0$
#8929000
b1 #
b1 '
b1 (
b0 &
0$
#8930000
b10 #
b10 '
b10 (
b1 &
0$
#8931000
b11 #
b11 '
b11 (
b10 &
0$
#8932000
b100 #
b100 '
b100 (
b11 &
0$
#8933000
b101 #
b101 '
b101 (
b100 &
0$
#8934000
b110 #
b110 '
b110 (
b101 &
0$
#8935000
b111 #
b111 '
b111 (
b110 &
0$
#8936000
b1000 #
b1000 '
b1000 (
b111 &
0$
#8937000
b1001 #
b1001 '
b1001 (
b1000 &
0$
#8938000
b1010 #
b1010 '
b1010 (
b1001 &
0$
#8939000
b1011 #
b1011 '
b1011 (
b1010 &
0$
#8940000
b1100 #
b1100 '
b1100 (
b1011 &
0$
#8941000
b1101 #
b1101 '
b1101 (
b1100 &
0$
#8942000
b1110 #
b1110 '
b1110 (
b1101 &
0$
#8943000
b1111 #
b1111 '
b1111 (
b1110 &
0$
#8944000
b10000 #
b10000 '
b10000 (
b1111 &
0$
#8945000
b10001 #
b10001 '
b10001 (
b10000 &
0$
#8946000
b10010 #
b10010 '
b10010 (
b10001 &
0$
#8947000
b10011 #
b10011 '
b10011 (
b10010 &
0$
#8948000
b10100 #
b10100 '
b10100 (
b10011 &
0$
#8949000
b10101 #
b10101 '
b10101 (
b10100 &
0$
#8950000
b10110 #
b10110 '
b10110 (
b10101 &
0$
#8951000
b10111 #
b10111 '
b10111 (
b10110 &
0$
#8952000
b11000 #
b11000 '
b11000 (
b10111 &
0$
#8953000
b11001 #
b11001 '
b11001 (
b11000 &
0$
#8954000
b11010 #
b11010 '
b11010 (
b11001 &
0$
#8955000
b11011 #
b11011 '
b11011 (
b11010 &
0$
#8956000
b11100 #
b11100 '
b11100 (
b11011 &
0$
#8957000
b11101 #
b11101 '
b11101 (
b11100 &
0$
#8958000
b11110 #
b11110 '
b11110 (
b11101 &
0$
#8959000
b11111 #
b11111 '
b11111 (
b11110 &
0$
#8960000
b0 #
b0 '
b0 (
b11111 &
0$
#8961000
b1 #
b1 '
b1 (
b0 &
0$
#8962000
b10 #
b10 '
b10 (
b1 &
0$
#8963000
b11 #
b11 '
b11 (
b10 &
0$
#8964000
b100 #
b100 '
b100 (
b11 &
0$
#8965000
b101 #
b101 '
b101 (
b100 &
0$
#8966000
b110 #
b110 '
b110 (
b101 &
0$
#8967000
b111 #
b111 '
b111 (
b110 &
0$
#8968000
b1000 #
b1000 '
b1000 (
b111 &
0$
#8969000
b1001 #
b1001 '
b1001 (
b1000 &
0$
#8970000
b1010 #
b1010 '
b1010 (
b1001 &
0$
#8971000
b1011 #
b1011 '
b1011 (
b1010 &
0$
#8972000
b1100 #
b1100 '
b1100 (
b1011 &
0$
#8973000
b1101 #
b1101 '
b1101 (
b1100 &
0$
#8974000
b1110 #
b1110 '
b1110 (
b1101 &
0$
#8975000
b1111 #
b1111 '
b1111 (
b1110 &
0$
#8976000
b10000 #
b10000 '
b10000 (
b1111 &
0$
#8977000
b10001 #
b10001 '
b10001 (
b10000 &
0$
#8978000
b10010 #
b10010 '
b10010 (
b10001 &
0$
#8979000
b10011 #
b10011 '
b10011 (
b10010 &
0$
#8980000
b10100 #
b10100 '
b10100 (
b10011 &
0$
#8981000
b10101 #
b10101 '
b10101 (
b10100 &
0$
#8982000
b10110 #
b10110 '
b10110 (
b10101 &
0$
#8983000
b10111 #
b10111 '
b10111 (
b10110 &
0$
#8984000
b11000 #
b11000 '
b11000 (
b10111 &
0$
#8985000
b11001 #
b11001 '
b11001 (
b11000 &
0$
#8986000
b11010 #
b11010 '
b11010 (
b11001 &
0$
#8987000
b11011 #
b11011 '
b11011 (
b11010 &
0$
#8988000
b11100 #
b11100 '
b11100 (
b11011 &
0$
#8989000
b11101 #
b11101 '
b11101 (
b11100 &
0$
#8990000
b11110 #
b11110 '
b11110 (
b11101 &
0$
#8991000
b11111 #
b11111 '
b11111 (
b11110 &
0$
#8992000
b0 #
b0 '
b0 (
b11111 &
0$
#8993000
b1 #
b1 '
b1 (
b0 &
0$
#8994000
b10 #
b10 '
b10 (
b1 &
0$
#8995000
b11 #
b11 '
b11 (
b10 &
0$
#8996000
b100 #
b100 '
b100 (
b11 &
0$
#8997000
b101 #
b101 '
b101 (
b100 &
0$
#8998000
b110 #
b110 '
b110 (
b101 &
0$
#8999000
b111 #
b111 '
b111 (
b110 &
0$
#9000000
b1000 #
b1000 '
b1000 (
b111 &
0$
#9001000
b1001 #
b1001 '
b1001 (
b1000 &
0$
#9002000
b1010 #
b1010 '
b1010 (
b1001 &
0$
#9003000
b1011 #
b1011 '
b1011 (
b1010 &
0$
#9004000
b1100 #
b1100 '
b1100 (
b1011 &
0$
#9005000
b1101 #
b1101 '
b1101 (
b1100 &
0$
#9006000
b1110 #
b1110 '
b1110 (
b1101 &
0$
#9007000
b1111 #
b1111 '
b1111 (
b1110 &
0$
#9008000
b10000 #
b10000 '
b10000 (
b1111 &
0$
#9009000
b10001 #
b10001 '
b10001 (
b10000 &
0$
#9010000
b10010 #
b10010 '
b10010 (
b10001 &
0$
#9011000
b10011 #
b10011 '
b10011 (
b10010 &
0$
#9012000
b10100 #
b10100 '
b10100 (
b10011 &
0$
#9013000
b10101 #
b10101 '
b10101 (
b10100 &
0$
#9014000
b10110 #
b10110 '
b10110 (
b10101 &
0$
#9015000
b10111 #
b10111 '
b10111 (
b10110 &
0$
#9016000
b11000 #
b11000 '
b11000 (
b10111 &
0$
#9017000
b11001 #
b11001 '
b11001 (
b11000 &
0$
#9018000
b11010 #
b11010 '
b11010 (
b11001 &
0$
#9019000
b11011 #
b11011 '
b11011 (
b11010 &
0$
#9020000
b11100 #
b11100 '
b11100 (
b11011 &
0$
#9021000
b11101 #
b11101 '
b11101 (
b11100 &
0$
#9022000
b11110 #
b11110 '
b11110 (
b11101 &
0$
#9023000
b11111 #
b11111 '
b11111 (
b11110 &
0$
#9024000
b0 #
b0 '
b0 (
b11111 &
0$
#9025000
b1 #
b1 '
b1 (
b0 &
0$
#9026000
b10 #
b10 '
b10 (
b1 &
0$
#9027000
b11 #
b11 '
b11 (
b10 &
0$
#9028000
b100 #
b100 '
b100 (
b11 &
0$
#9029000
b101 #
b101 '
b101 (
b100 &
0$
#9030000
b110 #
b110 '
b110 (
b101 &
0$
#9031000
b111 #
b111 '
b111 (
b110 &
0$
#9032000
b1000 #
b1000 '
b1000 (
b111 &
0$
#9033000
b1001 #
b1001 '
b1001 (
b1000 &
0$
#9034000
b1010 #
b1010 '
b1010 (
b1001 &
0$
#9035000
b1011 #
b1011 '
b1011 (
b1010 &
0$
#9036000
b1100 #
b1100 '
b1100 (
b1011 &
0$
#9037000
b1101 #
b1101 '
b1101 (
b1100 &
0$
#9038000
b1110 #
b1110 '
b1110 (
b1101 &
0$
#9039000
b1111 #
b1111 '
b1111 (
b1110 &
0$
#9040000
b10000 #
b10000 '
b10000 (
b1111 &
0$
#9041000
b10001 #
b10001 '
b10001 (
b10000 &
0$
#9042000
b10010 #
b10010 '
b10010 (
b10001 &
0$
#9043000
b10011 #
b10011 '
b10011 (
b10010 &
0$
#9044000
b10100 #
b10100 '
b10100 (
b10011 &
0$
#9045000
b10101 #
b10101 '
b10101 (
b10100 &
0$
#9046000
b10110 #
b10110 '
b10110 (
b10101 &
0$
#9047000
b10111 #
b10111 '
b10111 (
b10110 &
0$
#9048000
b11000 #
b11000 '
b11000 (
b10111 &
0$
#9049000
b11001 #
b11001 '
b11001 (
b11000 &
0$
#9050000
b11010 #
b11010 '
b11010 (
b11001 &
0$
#9051000
b11011 #
b11011 '
b11011 (
b11010 &
0$
#9052000
b11100 #
b11100 '
b11100 (
b11011 &
0$
#9053000
b11101 #
b11101 '
b11101 (
b11100 &
0$
#9054000
b11110 #
b11110 '
b11110 (
b11101 &
0$
#9055000
b11111 #
b11111 '
b11111 (
b11110 &
0$
#9056000
b0 #
b0 '
b0 (
b11111 &
0$
#9057000
b1 #
b1 '
b1 (
b0 &
0$
#9058000
b10 #
b10 '
b10 (
b1 &
0$
#9059000
b11 #
b11 '
b11 (
b10 &
0$
#9060000
b100 #
b100 '
b100 (
b11 &
0$
#9061000
b101 #
b101 '
b101 (
b100 &
0$
#9062000
b110 #
b110 '
b110 (
b101 &
0$
#9063000
b111 #
b111 '
b111 (
b110 &
0$
#9064000
b1000 #
b1000 '
b1000 (
b111 &
0$
#9065000
b1001 #
b1001 '
b1001 (
b1000 &
0$
#9066000
b1010 #
b1010 '
b1010 (
b1001 &
0$
#9067000
b1011 #
b1011 '
b1011 (
b1010 &
0$
#9068000
b1100 #
b1100 '
b1100 (
b1011 &
0$
#9069000
b1101 #
b1101 '
b1101 (
b1100 &
0$
#9070000
b1110 #
b1110 '
b1110 (
b1101 &
0$
#9071000
b1111 #
b1111 '
b1111 (
b1110 &
0$
#9072000
b10000 #
b10000 '
b10000 (
b1111 &
0$
#9073000
b10001 #
b10001 '
b10001 (
b10000 &
0$
#9074000
b10010 #
b10010 '
b10010 (
b10001 &
0$
#9075000
b10011 #
b10011 '
b10011 (
b10010 &
0$
#9076000
b10100 #
b10100 '
b10100 (
b10011 &
0$
#9077000
b10101 #
b10101 '
b10101 (
b10100 &
0$
#9078000
b10110 #
b10110 '
b10110 (
b10101 &
0$
#9079000
b10111 #
b10111 '
b10111 (
b10110 &
0$
#9080000
b11000 #
b11000 '
b11000 (
b10111 &
0$
#9081000
b11001 #
b11001 '
b11001 (
b11000 &
0$
#9082000
b11010 #
b11010 '
b11010 (
b11001 &
0$
#9083000
b11011 #
b11011 '
b11011 (
b11010 &
0$
#9084000
b11100 #
b11100 '
b11100 (
b11011 &
0$
#9085000
b11101 #
b11101 '
b11101 (
b11100 &
0$
#9086000
b11110 #
b11110 '
b11110 (
b11101 &
0$
#9087000
b11111 #
b11111 '
b11111 (
b11110 &
0$
#9088000
b0 #
b0 '
b0 (
b11111 &
0$
#9089000
b1 #
b1 '
b1 (
b0 &
0$
#9090000
b10 #
b10 '
b10 (
b1 &
0$
#9091000
b11 #
b11 '
b11 (
b10 &
0$
#9092000
b100 #
b100 '
b100 (
b11 &
0$
#9093000
b101 #
b101 '
b101 (
b100 &
0$
#9094000
b110 #
b110 '
b110 (
b101 &
0$
#9095000
b111 #
b111 '
b111 (
b110 &
0$
#9096000
b1000 #
b1000 '
b1000 (
b111 &
0$
#9097000
b1001 #
b1001 '
b1001 (
b1000 &
0$
#9098000
b1010 #
b1010 '
b1010 (
b1001 &
0$
#9099000
b1011 #
b1011 '
b1011 (
b1010 &
0$
#9100000
b1100 #
b1100 '
b1100 (
b1011 &
0$
#9101000
b1101 #
b1101 '
b1101 (
b1100 &
0$
#9102000
b1110 #
b1110 '
b1110 (
b1101 &
0$
#9103000
b1111 #
b1111 '
b1111 (
b1110 &
0$
#9104000
b10000 #
b10000 '
b10000 (
b1111 &
0$
#9105000
b10001 #
b10001 '
b10001 (
b10000 &
0$
#9106000
b10010 #
b10010 '
b10010 (
b10001 &
0$
#9107000
b10011 #
b10011 '
b10011 (
b10010 &
0$
#9108000
b10100 #
b10100 '
b10100 (
b10011 &
0$
#9109000
b10101 #
b10101 '
b10101 (
b10100 &
0$
#9110000
b10110 #
b10110 '
b10110 (
b10101 &
0$
#9111000
b10111 #
b10111 '
b10111 (
b10110 &
0$
#9112000
b11000 #
b11000 '
b11000 (
b10111 &
0$
#9113000
b11001 #
b11001 '
b11001 (
b11000 &
0$
#9114000
b11010 #
b11010 '
b11010 (
b11001 &
0$
#9115000
b11011 #
b11011 '
b11011 (
b11010 &
0$
#9116000
b11100 #
b11100 '
b11100 (
b11011 &
0$
#9117000
b11101 #
b11101 '
b11101 (
b11100 &
0$
#9118000
b11110 #
b11110 '
b11110 (
b11101 &
0$
#9119000
b11111 #
b11111 '
b11111 (
b11110 &
0$
#9120000
b0 #
b0 '
b0 (
b11111 &
0$
#9121000
b1 #
b1 '
b1 (
b0 &
0$
#9122000
b10 #
b10 '
b10 (
b1 &
0$
#9123000
b11 #
b11 '
b11 (
b10 &
0$
#9124000
b100 #
b100 '
b100 (
b11 &
0$
#9125000
b101 #
b101 '
b101 (
b100 &
0$
#9126000
b110 #
b110 '
b110 (
b101 &
0$
#9127000
b111 #
b111 '
b111 (
b110 &
0$
#9128000
b1000 #
b1000 '
b1000 (
b111 &
0$
#9129000
b1001 #
b1001 '
b1001 (
b1000 &
0$
#9130000
b1010 #
b1010 '
b1010 (
b1001 &
0$
#9131000
b1011 #
b1011 '
b1011 (
b1010 &
0$
#9132000
b1100 #
b1100 '
b1100 (
b1011 &
0$
#9133000
b1101 #
b1101 '
b1101 (
b1100 &
0$
#9134000
b1110 #
b1110 '
b1110 (
b1101 &
0$
#9135000
b1111 #
b1111 '
b1111 (
b1110 &
0$
#9136000
b10000 #
b10000 '
b10000 (
b1111 &
0$
#9137000
b10001 #
b10001 '
b10001 (
b10000 &
0$
#9138000
b10010 #
b10010 '
b10010 (
b10001 &
0$
#9139000
b10011 #
b10011 '
b10011 (
b10010 &
0$
#9140000
b10100 #
b10100 '
b10100 (
b10011 &
0$
#9141000
b10101 #
b10101 '
b10101 (
b10100 &
0$
#9142000
b10110 #
b10110 '
b10110 (
b10101 &
0$
#9143000
b10111 #
b10111 '
b10111 (
b10110 &
0$
#9144000
b11000 #
b11000 '
b11000 (
b10111 &
0$
#9145000
b11001 #
b11001 '
b11001 (
b11000 &
0$
#9146000
b11010 #
b11010 '
b11010 (
b11001 &
0$
#9147000
b11011 #
b11011 '
b11011 (
b11010 &
0$
#9148000
b11100 #
b11100 '
b11100 (
b11011 &
0$
#9149000
b11101 #
b11101 '
b11101 (
b11100 &
0$
#9150000
b11110 #
b11110 '
b11110 (
b11101 &
0$
#9151000
b11111 #
b11111 '
b11111 (
b11110 &
0$
#9152000
b0 #
b0 '
b0 (
b11111 &
0$
#9153000
b1 #
b1 '
b1 (
b0 &
0$
#9154000
b10 #
b10 '
b10 (
b1 &
0$
#9155000
b11 #
b11 '
b11 (
b10 &
0$
#9156000
b100 #
b100 '
b100 (
b11 &
0$
#9157000
b101 #
b101 '
b101 (
b100 &
0$
#9158000
b110 #
b110 '
b110 (
b101 &
0$
#9159000
b111 #
b111 '
b111 (
b110 &
0$
#9160000
b1000 #
b1000 '
b1000 (
b111 &
0$
#9161000
b1001 #
b1001 '
b1001 (
b1000 &
0$
#9162000
b1010 #
b1010 '
b1010 (
b1001 &
0$
#9163000
b1011 #
b1011 '
b1011 (
b1010 &
0$
#9164000
b1100 #
b1100 '
b1100 (
b1011 &
0$
#9165000
b1101 #
b1101 '
b1101 (
b1100 &
0$
#9166000
b1110 #
b1110 '
b1110 (
b1101 &
0$
#9167000
b1111 #
b1111 '
b1111 (
b1110 &
0$
#9168000
b10000 #
b10000 '
b10000 (
b1111 &
0$
#9169000
b10001 #
b10001 '
b10001 (
b10000 &
0$
#9170000
b10010 #
b10010 '
b10010 (
b10001 &
0$
#9171000
b10011 #
b10011 '
b10011 (
b10010 &
0$
#9172000
b10100 #
b10100 '
b10100 (
b10011 &
0$
#9173000
b10101 #
b10101 '
b10101 (
b10100 &
0$
#9174000
b10110 #
b10110 '
b10110 (
b10101 &
0$
#9175000
b10111 #
b10111 '
b10111 (
b10110 &
0$
#9176000
b11000 #
b11000 '
b11000 (
b10111 &
0$
#9177000
b11001 #
b11001 '
b11001 (
b11000 &
0$
#9178000
b11010 #
b11010 '
b11010 (
b11001 &
0$
#9179000
b11011 #
b11011 '
b11011 (
b11010 &
0$
#9180000
b11100 #
b11100 '
b11100 (
b11011 &
0$
#9181000
b11101 #
b11101 '
b11101 (
b11100 &
0$
#9182000
b11110 #
b11110 '
b11110 (
b11101 &
0$
#9183000
b11111 #
b11111 '
b11111 (
b11110 &
0$
#9184000
b0 #
b0 '
b0 (
b11111 &
0$
#9185000
b1 #
b1 '
b1 (
b0 &
0$
#9186000
b10 #
b10 '
b10 (
b1 &
0$
#9187000
b11 #
b11 '
b11 (
b10 &
0$
#9188000
b100 #
b100 '
b100 (
b11 &
0$
#9189000
b101 #
b101 '
b101 (
b100 &
0$
#9190000
b110 #
b110 '
b110 (
b101 &
0$
#9191000
b111 #
b111 '
b111 (
b110 &
0$
#9192000
b1000 #
b1000 '
b1000 (
b111 &
0$
#9193000
b1001 #
b1001 '
b1001 (
b1000 &
0$
#9194000
b1010 #
b1010 '
b1010 (
b1001 &
0$
#9195000
b1011 #
b1011 '
b1011 (
b1010 &
0$
#9196000
b1100 #
b1100 '
b1100 (
b1011 &
0$
#9197000
b1101 #
b1101 '
b1101 (
b1100 &
0$
#9198000
b1110 #
b1110 '
b1110 (
b1101 &
0$
#9199000
b1111 #
b1111 '
b1111 (
b1110 &
0$
#9200000
b10000 #
b10000 '
b10000 (
b1111 &
0$
#9201000
b10001 #
b10001 '
b10001 (
b10000 &
0$
#9202000
b10010 #
b10010 '
b10010 (
b10001 &
0$
#9203000
b10011 #
b10011 '
b10011 (
b10010 &
0$
#9204000
b10100 #
b10100 '
b10100 (
b10011 &
0$
#9205000
b10101 #
b10101 '
b10101 (
b10100 &
0$
#9206000
b10110 #
b10110 '
b10110 (
b10101 &
0$
#9207000
b10111 #
b10111 '
b10111 (
b10110 &
0$
#9208000
b11000 #
b11000 '
b11000 (
b10111 &
0$
#9209000
b11001 #
b11001 '
b11001 (
b11000 &
0$
#9210000
b11010 #
b11010 '
b11010 (
b11001 &
0$
#9211000
b11011 #
b11011 '
b11011 (
b11010 &
0$
#9212000
b11100 #
b11100 '
b11100 (
b11011 &
0$
#9213000
b11101 #
b11101 '
b11101 (
b11100 &
0$
#9214000
b11110 #
b11110 '
b11110 (
b11101 &
0$
#9215000
b11111 #
b11111 '
b11111 (
b11110 &
0$
#9216000
b0 #
b0 '
b0 (
b11111 &
0$
#9217000
b1 #
b1 '
b1 (
b0 &
0$
#9218000
b10 #
b10 '
b10 (
b1 &
0$
#9219000
b11 #
b11 '
b11 (
b10 &
0$
#9220000
b100 #
b100 '
b100 (
b11 &
0$
#9221000
b101 #
b101 '
b101 (
b100 &
0$
#9222000
b110 #
b110 '
b110 (
b101 &
0$
#9223000
b111 #
b111 '
b111 (
b110 &
0$
#9224000
b1000 #
b1000 '
b1000 (
b111 &
0$
#9225000
b1001 #
b1001 '
b1001 (
b1000 &
0$
#9226000
b1010 #
b1010 '
b1010 (
b1001 &
0$
#9227000
b1011 #
b1011 '
b1011 (
b1010 &
0$
#9228000
b1100 #
b1100 '
b1100 (
b1011 &
0$
#9229000
b1101 #
b1101 '
b1101 (
b1100 &
0$
#9230000
b1110 #
b1110 '
b1110 (
b1101 &
0$
#9231000
b1111 #
b1111 '
b1111 (
b1110 &
0$
#9232000
b10000 #
b10000 '
b10000 (
b1111 &
0$
#9233000
b10001 #
b10001 '
b10001 (
b10000 &
0$
#9234000
b10010 #
b10010 '
b10010 (
b10001 &
0$
#9235000
b10011 #
b10011 '
b10011 (
b10010 &
0$
#9236000
b10100 #
b10100 '
b10100 (
b10011 &
0$
#9237000
b10101 #
b10101 '
b10101 (
b10100 &
0$
#9238000
b10110 #
b10110 '
b10110 (
b10101 &
0$
#9239000
b10111 #
b10111 '
b10111 (
b10110 &
0$
#9240000
b11000 #
b11000 '
b11000 (
b10111 &
0$
#9241000
b11001 #
b11001 '
b11001 (
b11000 &
0$
#9242000
b11010 #
b11010 '
b11010 (
b11001 &
0$
#9243000
b11011 #
b11011 '
b11011 (
b11010 &
0$
#9244000
b11100 #
b11100 '
b11100 (
b11011 &
0$
#9245000
b11101 #
b11101 '
b11101 (
b11100 &
0$
#9246000
b11110 #
b11110 '
b11110 (
b11101 &
0$
#9247000
b11111 #
b11111 '
b11111 (
b11110 &
0$
#9248000
b0 #
b0 '
b0 (
b11111 &
0$
#9249000
b1 #
b1 '
b1 (
b0 &
0$
#9250000
b10 #
b10 '
b10 (
b1 &
0$
#9251000
b11 #
b11 '
b11 (
b10 &
0$
#9252000
b100 #
b100 '
b100 (
b11 &
0$
#9253000
b101 #
b101 '
b101 (
b100 &
0$
#9254000
b110 #
b110 '
b110 (
b101 &
0$
#9255000
b111 #
b111 '
b111 (
b110 &
0$
#9256000
b1000 #
b1000 '
b1000 (
b111 &
0$
#9257000
b1001 #
b1001 '
b1001 (
b1000 &
0$
#9258000
b1010 #
b1010 '
b1010 (
b1001 &
0$
#9259000
b1011 #
b1011 '
b1011 (
b1010 &
0$
#9260000
b1100 #
b1100 '
b1100 (
b1011 &
0$
#9261000
b1101 #
b1101 '
b1101 (
b1100 &
0$
#9262000
b1110 #
b1110 '
b1110 (
b1101 &
0$
#9263000
b1111 #
b1111 '
b1111 (
b1110 &
0$
#9264000
b10000 #
b10000 '
b10000 (
b1111 &
0$
#9265000
b10001 #
b10001 '
b10001 (
b10000 &
0$
#9266000
b10010 #
b10010 '
b10010 (
b10001 &
0$
#9267000
b10011 #
b10011 '
b10011 (
b10010 &
0$
#9268000
b10100 #
b10100 '
b10100 (
b10011 &
0$
#9269000
b10101 #
b10101 '
b10101 (
b10100 &
0$
#9270000
b10110 #
b10110 '
b10110 (
b10101 &
0$
#9271000
b10111 #
b10111 '
b10111 (
b10110 &
0$
#9272000
b11000 #
b11000 '
b11000 (
b10111 &
0$
#9273000
b11001 #
b11001 '
b11001 (
b11000 &
0$
#9274000
b11010 #
b11010 '
b11010 (
b11001 &
0$
#9275000
b11011 #
b11011 '
b11011 (
b11010 &
0$
#9276000
b11100 #
b11100 '
b11100 (
b11011 &
0$
#9277000
b11101 #
b11101 '
b11101 (
b11100 &
0$
#9278000
b11110 #
b11110 '
b11110 (
b11101 &
0$
#9279000
b11111 #
b11111 '
b11111 (
b11110 &
0$
#9280000
b0 #
b0 '
b0 (
b11111 &
0$
#9281000
b1 #
b1 '
b1 (
b0 &
0$
#9282000
b10 #
b10 '
b10 (
b1 &
0$
#9283000
b11 #
b11 '
b11 (
b10 &
0$
#9284000
b100 #
b100 '
b100 (
b11 &
0$
#9285000
b101 #
b101 '
b101 (
b100 &
0$
#9286000
b110 #
b110 '
b110 (
b101 &
0$
#9287000
b111 #
b111 '
b111 (
b110 &
0$
#9288000
b1000 #
b1000 '
b1000 (
b111 &
0$
#9289000
b1001 #
b1001 '
b1001 (
b1000 &
0$
#9290000
b1010 #
b1010 '
b1010 (
b1001 &
0$
#9291000
b1011 #
b1011 '
b1011 (
b1010 &
0$
#9292000
b1100 #
b1100 '
b1100 (
b1011 &
0$
#9293000
b1101 #
b1101 '
b1101 (
b1100 &
0$
#9294000
b1110 #
b1110 '
b1110 (
b1101 &
0$
#9295000
b1111 #
b1111 '
b1111 (
b1110 &
0$
#9296000
b10000 #
b10000 '
b10000 (
b1111 &
0$
#9297000
b10001 #
b10001 '
b10001 (
b10000 &
0$
#9298000
b10010 #
b10010 '
b10010 (
b10001 &
0$
#9299000
b10011 #
b10011 '
b10011 (
b10010 &
0$
#9300000
b10100 #
b10100 '
b10100 (
b10011 &
0$
#9301000
b10101 #
b10101 '
b10101 (
b10100 &
0$
#9302000
b10110 #
b10110 '
b10110 (
b10101 &
0$
#9303000
b10111 #
b10111 '
b10111 (
b10110 &
0$
#9304000
b11000 #
b11000 '
b11000 (
b10111 &
0$
#9305000
b11001 #
b11001 '
b11001 (
b11000 &
0$
#9306000
b11010 #
b11010 '
b11010 (
b11001 &
0$
#9307000
b11011 #
b11011 '
b11011 (
b11010 &
0$
#9308000
b11100 #
b11100 '
b11100 (
b11011 &
0$
#9309000
b11101 #
b11101 '
b11101 (
b11100 &
0$
#9310000
b11110 #
b11110 '
b11110 (
b11101 &
0$
#9311000
b11111 #
b11111 '
b11111 (
b11110 &
0$
#9312000
b0 #
b0 '
b0 (
b11111 &
0$
#9313000
b1 #
b1 '
b1 (
b0 &
0$
#9314000
b10 #
b10 '
b10 (
b1 &
0$
#9315000
b11 #
b11 '
b11 (
b10 &
0$
#9316000
b100 #
b100 '
b100 (
b11 &
0$
#9317000
b101 #
b101 '
b101 (
b100 &
0$
#9318000
b110 #
b110 '
b110 (
b101 &
0$
#9319000
b111 #
b111 '
b111 (
b110 &
0$
#9320000
b1000 #
b1000 '
b1000 (
b111 &
0$
#9321000
b1001 #
b1001 '
b1001 (
b1000 &
0$
#9322000
b1010 #
b1010 '
b1010 (
b1001 &
0$
#9323000
b1011 #
b1011 '
b1011 (
b1010 &
0$
#9324000
b1100 #
b1100 '
b1100 (
b1011 &
0$
#9325000
b1101 #
b1101 '
b1101 (
b1100 &
0$
#9326000
b1110 #
b1110 '
b1110 (
b1101 &
0$
#9327000
b1111 #
b1111 '
b1111 (
b1110 &
0$
#9328000
b10000 #
b10000 '
b10000 (
b1111 &
0$
#9329000
b10001 #
b10001 '
b10001 (
b10000 &
0$
#9330000
b10010 #
b10010 '
b10010 (
b10001 &
0$
#9331000
b10011 #
b10011 '
b10011 (
b10010 &
0$
#9332000
b10100 #
b10100 '
b10100 (
b10011 &
0$
#9333000
b10101 #
b10101 '
b10101 (
b10100 &
0$
#9334000
b10110 #
b10110 '
b10110 (
b10101 &
0$
#9335000
b10111 #
b10111 '
b10111 (
b10110 &
0$
#9336000
b11000 #
b11000 '
b11000 (
b10111 &
0$
#9337000
b11001 #
b11001 '
b11001 (
b11000 &
0$
#9338000
b11010 #
b11010 '
b11010 (
b11001 &
0$
#9339000
b11011 #
b11011 '
b11011 (
b11010 &
0$
#9340000
b11100 #
b11100 '
b11100 (
b11011 &
0$
#9341000
b11101 #
b11101 '
b11101 (
b11100 &
0$
#9342000
b11110 #
b11110 '
b11110 (
b11101 &
0$
#9343000
b11111 #
b11111 '
b11111 (
b11110 &
0$
#9344000
b0 #
b0 '
b0 (
b11111 &
0$
#9345000
b1 #
b1 '
b1 (
b0 &
0$
#9346000
b10 #
b10 '
b10 (
b1 &
0$
#9347000
b11 #
b11 '
b11 (
b10 &
0$
#9348000
b100 #
b100 '
b100 (
b11 &
0$
#9349000
b101 #
b101 '
b101 (
b100 &
0$
#9350000
b110 #
b110 '
b110 (
b101 &
0$
#9351000
b111 #
b111 '
b111 (
b110 &
0$
#9352000
b1000 #
b1000 '
b1000 (
b111 &
0$
#9353000
b1001 #
b1001 '
b1001 (
b1000 &
0$
#9354000
b1010 #
b1010 '
b1010 (
b1001 &
0$
#9355000
b1011 #
b1011 '
b1011 (
b1010 &
0$
#9356000
b1100 #
b1100 '
b1100 (
b1011 &
0$
#9357000
b1101 #
b1101 '
b1101 (
b1100 &
0$
#9358000
b1110 #
b1110 '
b1110 (
b1101 &
0$
#9359000
b1111 #
b1111 '
b1111 (
b1110 &
0$
#9360000
b10000 #
b10000 '
b10000 (
b1111 &
0$
#9361000
b10001 #
b10001 '
b10001 (
b10000 &
0$
#9362000
b10010 #
b10010 '
b10010 (
b10001 &
0$
#9363000
b10011 #
b10011 '
b10011 (
b10010 &
0$
#9364000
b10100 #
b10100 '
b10100 (
b10011 &
0$
#9365000
b10101 #
b10101 '
b10101 (
b10100 &
0$
#9366000
b10110 #
b10110 '
b10110 (
b10101 &
0$
#9367000
b10111 #
b10111 '
b10111 (
b10110 &
0$
#9368000
b11000 #
b11000 '
b11000 (
b10111 &
0$
#9369000
b11001 #
b11001 '
b11001 (
b11000 &
0$
#9370000
b11010 #
b11010 '
b11010 (
b11001 &
0$
#9371000
b11011 #
b11011 '
b11011 (
b11010 &
0$
#9372000
b11100 #
b11100 '
b11100 (
b11011 &
0$
#9373000
b11101 #
b11101 '
b11101 (
b11100 &
0$
#9374000
b11110 #
b11110 '
b11110 (
b11101 &
0$
#9375000
b11111 #
b11111 '
b11111 (
b11110 &
0$
#9376000
b0 #
b0 '
b0 (
b11111 &
0$
#9377000
b1 #
b1 '
b1 (
b0 &
0$
#9378000
b10 #
b10 '
b10 (
b1 &
0$
#9379000
b11 #
b11 '
b11 (
b10 &
0$
#9380000
b100 #
b100 '
b100 (
b11 &
0$
#9381000
b101 #
b101 '
b101 (
b100 &
0$
#9382000
b110 #
b110 '
b110 (
b101 &
0$
#9383000
b111 #
b111 '
b111 (
b110 &
0$
#9384000
b1000 #
b1000 '
b1000 (
b111 &
0$
#9385000
b1001 #
b1001 '
b1001 (
b1000 &
0$
#9386000
b1010 #
b1010 '
b1010 (
b1001 &
0$
#9387000
b1011 #
b1011 '
b1011 (
b1010 &
0$
#9388000
b1100 #
b1100 '
b1100 (
b1011 &
0$
#9389000
b1101 #
b1101 '
b1101 (
b1100 &
0$
#9390000
b1110 #
b1110 '
b1110 (
b1101 &
0$
#9391000
b1111 #
b1111 '
b1111 (
b1110 &
0$
#9392000
b10000 #
b10000 '
b10000 (
b1111 &
0$
#9393000
b10001 #
b10001 '
b10001 (
b10000 &
0$
#9394000
b10010 #
b10010 '
b10010 (
b10001 &
0$
#9395000
b10011 #
b10011 '
b10011 (
b10010 &
0$
#9396000
b10100 #
b10100 '
b10100 (
b10011 &
0$
#9397000
b10101 #
b10101 '
b10101 (
b10100 &
0$
#9398000
b10110 #
b10110 '
b10110 (
b10101 &
0$
#9399000
b10111 #
b10111 '
b10111 (
b10110 &
0$
#9400000
b11000 #
b11000 '
b11000 (
b10111 &
0$
#9401000
b11001 #
b11001 '
b11001 (
b11000 &
0$
#9402000
b11010 #
b11010 '
b11010 (
b11001 &
0$
#9403000
b11011 #
b11011 '
b11011 (
b11010 &
0$
#9404000
b11100 #
b11100 '
b11100 (
b11011 &
0$
#9405000
b11101 #
b11101 '
b11101 (
b11100 &
0$
#9406000
b11110 #
b11110 '
b11110 (
b11101 &
0$
#9407000
b11111 #
b11111 '
b11111 (
b11110 &
0$
#9408000
b0 #
b0 '
b0 (
b11111 &
0$
#9409000
b1 #
b1 '
b1 (
b0 &
0$
#9410000
b10 #
b10 '
b10 (
b1 &
0$
#9411000
b11 #
b11 '
b11 (
b10 &
0$
#9412000
b100 #
b100 '
b100 (
b11 &
0$
#9413000
b101 #
b101 '
b101 (
b100 &
0$
#9414000
b110 #
b110 '
b110 (
b101 &
0$
#9415000
b111 #
b111 '
b111 (
b110 &
0$
#9416000
b1000 #
b1000 '
b1000 (
b111 &
0$
#9417000
b1001 #
b1001 '
b1001 (
b1000 &
0$
#9418000
b1010 #
b1010 '
b1010 (
b1001 &
0$
#9419000
b1011 #
b1011 '
b1011 (
b1010 &
0$
#9420000
b1100 #
b1100 '
b1100 (
b1011 &
0$
#9421000
b1101 #
b1101 '
b1101 (
b1100 &
0$
#9422000
b1110 #
b1110 '
b1110 (
b1101 &
0$
#9423000
b1111 #
b1111 '
b1111 (
b1110 &
0$
#9424000
b10000 #
b10000 '
b10000 (
b1111 &
0$
#9425000
b10001 #
b10001 '
b10001 (
b10000 &
0$
#9426000
b10010 #
b10010 '
b10010 (
b10001 &
0$
#9427000
b10011 #
b10011 '
b10011 (
b10010 &
0$
#9428000
b10100 #
b10100 '
b10100 (
b10011 &
0$
#9429000
b10101 #
b10101 '
b10101 (
b10100 &
0$
#9430000
b10110 #
b10110 '
b10110 (
b10101 &
0$
#9431000
b10111 #
b10111 '
b10111 (
b10110 &
0$
#9432000
b11000 #
b11000 '
b11000 (
b10111 &
0$
#9433000
b11001 #
b11001 '
b11001 (
b11000 &
0$
#9434000
b11010 #
b11010 '
b11010 (
b11001 &
0$
#9435000
b11011 #
b11011 '
b11011 (
b11010 &
0$
#9436000
b11100 #
b11100 '
b11100 (
b11011 &
0$
#9437000
b11101 #
b11101 '
b11101 (
b11100 &
0$
#9438000
b11110 #
b11110 '
b11110 (
b11101 &
0$
#9439000
b11111 #
b11111 '
b11111 (
b11110 &
0$
#9440000
b0 #
b0 '
b0 (
b11111 &
0$
#9441000
b1 #
b1 '
b1 (
b0 &
0$
#9442000
b10 #
b10 '
b10 (
b1 &
0$
#9443000
b11 #
b11 '
b11 (
b10 &
0$
#9444000
b100 #
b100 '
b100 (
b11 &
0$
#9445000
b101 #
b101 '
b101 (
b100 &
0$
#9446000
b110 #
b110 '
b110 (
b101 &
0$
#9447000
b111 #
b111 '
b111 (
b110 &
0$
#9448000
b1000 #
b1000 '
b1000 (
b111 &
0$
#9449000
b1001 #
b1001 '
b1001 (
b1000 &
0$
#9450000
b1010 #
b1010 '
b1010 (
b1001 &
0$
#9451000
b1011 #
b1011 '
b1011 (
b1010 &
0$
#9452000
b1100 #
b1100 '
b1100 (
b1011 &
0$
#9453000
b1101 #
b1101 '
b1101 (
b1100 &
0$
#9454000
b1110 #
b1110 '
b1110 (
b1101 &
0$
#9455000
b1111 #
b1111 '
b1111 (
b1110 &
0$
#9456000
b10000 #
b10000 '
b10000 (
b1111 &
0$
#9457000
b10001 #
b10001 '
b10001 (
b10000 &
0$
#9458000
b10010 #
b10010 '
b10010 (
b10001 &
0$
#9459000
b10011 #
b10011 '
b10011 (
b10010 &
0$
#9460000
b10100 #
b10100 '
b10100 (
b10011 &
0$
#9461000
b10101 #
b10101 '
b10101 (
b10100 &
0$
#9462000
b10110 #
b10110 '
b10110 (
b10101 &
0$
#9463000
b10111 #
b10111 '
b10111 (
b10110 &
0$
#9464000
b11000 #
b11000 '
b11000 (
b10111 &
0$
#9465000
b11001 #
b11001 '
b11001 (
b11000 &
0$
#9466000
b11010 #
b11010 '
b11010 (
b11001 &
0$
#9467000
b11011 #
b11011 '
b11011 (
b11010 &
0$
#9468000
b11100 #
b11100 '
b11100 (
b11011 &
0$
#9469000
b11101 #
b11101 '
b11101 (
b11100 &
0$
#9470000
b11110 #
b11110 '
b11110 (
b11101 &
0$
#9471000
b11111 #
b11111 '
b11111 (
b11110 &
0$
#9472000
b0 #
b0 '
b0 (
b11111 &
0$
#9473000
b1 #
b1 '
b1 (
b0 &
0$
#9474000
b10 #
b10 '
b10 (
b1 &
0$
#9475000
b11 #
b11 '
b11 (
b10 &
0$
#9476000
b100 #
b100 '
b100 (
b11 &
0$
#9477000
b101 #
b101 '
b101 (
b100 &
0$
#9478000
b110 #
b110 '
b110 (
b101 &
0$
#9479000
b111 #
b111 '
b111 (
b110 &
0$
#9480000
b1000 #
b1000 '
b1000 (
b111 &
0$
#9481000
b1001 #
b1001 '
b1001 (
b1000 &
0$
#9482000
b1010 #
b1010 '
b1010 (
b1001 &
0$
#9483000
b1011 #
b1011 '
b1011 (
b1010 &
0$
#9484000
b1100 #
b1100 '
b1100 (
b1011 &
0$
#9485000
b1101 #
b1101 '
b1101 (
b1100 &
0$
#9486000
b1110 #
b1110 '
b1110 (
b1101 &
0$
#9487000
b1111 #
b1111 '
b1111 (
b1110 &
0$
#9488000
b10000 #
b10000 '
b10000 (
b1111 &
0$
#9489000
b10001 #
b10001 '
b10001 (
b10000 &
0$
#9490000
b10010 #
b10010 '
b10010 (
b10001 &
0$
#9491000
b10011 #
b10011 '
b10011 (
b10010 &
0$
#9492000
b10100 #
b10100 '
b10100 (
b10011 &
0$
#9493000
b10101 #
b10101 '
b10101 (
b10100 &
0$
#9494000
b10110 #
b10110 '
b10110 (
b10101 &
0$
#9495000
b10111 #
b10111 '
b10111 (
b10110 &
0$
#9496000
b11000 #
b11000 '
b11000 (
b10111 &
0$
#9497000
b11001 #
b11001 '
b11001 (
b11000 &
0$
#9498000
b11010 #
b11010 '
b11010 (
b11001 &
0$
#9499000
b11011 #
b11011 '
b11011 (
b11010 &
0$
#9500000
b11100 #
b11100 '
b11100 (
b11011 &
0$
#9501000
b11101 #
b11101 '
b11101 (
b11100 &
0$
#9502000
b11110 #
b11110 '
b11110 (
b11101 &
0$
#9503000
b11111 #
b11111 '
b11111 (
b11110 &
0$
#9504000
b0 #
b0 '
b0 (
b11111 &
0$
#9505000
b1 #
b1 '
b1 (
b0 &
0$
#9506000
b10 #
b10 '
b10 (
b1 &
0$
#9507000
b11 #
b11 '
b11 (
b10 &
0$
#9508000
b100 #
b100 '
b100 (
b11 &
0$
#9509000
b101 #
b101 '
b101 (
b100 &
0$
#9510000
b110 #
b110 '
b110 (
b101 &
0$
#9511000
b111 #
b111 '
b111 (
b110 &
0$
#9512000
b1000 #
b1000 '
b1000 (
b111 &
0$
#9513000
b1001 #
b1001 '
b1001 (
b1000 &
0$
#9514000
b1010 #
b1010 '
b1010 (
b1001 &
0$
#9515000
b1011 #
b1011 '
b1011 (
b1010 &
0$
#9516000
b1100 #
b1100 '
b1100 (
b1011 &
0$
#9517000
b1101 #
b1101 '
b1101 (
b1100 &
0$
#9518000
b1110 #
b1110 '
b1110 (
b1101 &
0$
#9519000
b1111 #
b1111 '
b1111 (
b1110 &
0$
#9520000
b10000 #
b10000 '
b10000 (
b1111 &
0$
#9521000
b10001 #
b10001 '
b10001 (
b10000 &
0$
#9522000
b10010 #
b10010 '
b10010 (
b10001 &
0$
#9523000
b10011 #
b10011 '
b10011 (
b10010 &
0$
#9524000
b10100 #
b10100 '
b10100 (
b10011 &
0$
#9525000
b10101 #
b10101 '
b10101 (
b10100 &
0$
#9526000
b10110 #
b10110 '
b10110 (
b10101 &
0$
#9527000
b10111 #
b10111 '
b10111 (
b10110 &
0$
#9528000
b11000 #
b11000 '
b11000 (
b10111 &
0$
#9529000
b11001 #
b11001 '
b11001 (
b11000 &
0$
#9530000
b11010 #
b11010 '
b11010 (
b11001 &
0$
#9531000
b11011 #
b11011 '
b11011 (
b11010 &
0$
#9532000
b11100 #
b11100 '
b11100 (
b11011 &
0$
#9533000
b11101 #
b11101 '
b11101 (
b11100 &
0$
#9534000
b11110 #
b11110 '
b11110 (
b11101 &
0$
#9535000
b11111 #
b11111 '
b11111 (
b11110 &
0$
#9536000
b0 #
b0 '
b0 (
b11111 &
0$
#9537000
b1 #
b1 '
b1 (
b0 &
0$
#9538000
b10 #
b10 '
b10 (
b1 &
0$
#9539000
b11 #
b11 '
b11 (
b10 &
0$
#9540000
b100 #
b100 '
b100 (
b11 &
0$
#9541000
b101 #
b101 '
b101 (
b100 &
0$
#9542000
b110 #
b110 '
b110 (
b101 &
0$
#9543000
b111 #
b111 '
b111 (
b110 &
0$
#9544000
b1000 #
b1000 '
b1000 (
b111 &
0$
#9545000
b1001 #
b1001 '
b1001 (
b1000 &
0$
#9546000
b1010 #
b1010 '
b1010 (
b1001 &
0$
#9547000
b1011 #
b1011 '
b1011 (
b1010 &
0$
#9548000
b1100 #
b1100 '
b1100 (
b1011 &
0$
#9549000
b1101 #
b1101 '
b1101 (
b1100 &
0$
#9550000
b1110 #
b1110 '
b1110 (
b1101 &
0$
#9551000
b1111 #
b1111 '
b1111 (
b1110 &
0$
#9552000
b10000 #
b10000 '
b10000 (
b1111 &
0$
#9553000
b10001 #
b10001 '
b10001 (
b10000 &
0$
#9554000
b10010 #
b10010 '
b10010 (
b10001 &
0$
#9555000
b10011 #
b10011 '
b10011 (
b10010 &
0$
#9556000
b10100 #
b10100 '
b10100 (
b10011 &
0$
#9557000
b10101 #
b10101 '
b10101 (
b10100 &
0$
#9558000
b10110 #
b10110 '
b10110 (
b10101 &
0$
#9559000
b10111 #
b10111 '
b10111 (
b10110 &
0$
#9560000
b11000 #
b11000 '
b11000 (
b10111 &
0$
#9561000
b11001 #
b11001 '
b11001 (
b11000 &
0$
#9562000
b11010 #
b11010 '
b11010 (
b11001 &
0$
#9563000
b11011 #
b11011 '
b11011 (
b11010 &
0$
#9564000
b11100 #
b11100 '
b11100 (
b11011 &
0$
#9565000
b11101 #
b11101 '
b11101 (
b11100 &
0$
#9566000
b11110 #
b11110 '
b11110 (
b11101 &
0$
#9567000
b11111 #
b11111 '
b11111 (
b11110 &
0$
#9568000
b0 #
b0 '
b0 (
b11111 &
0$
#9569000
b1 #
b1 '
b1 (
b0 &
0$
#9570000
b10 #
b10 '
b10 (
b1 &
0$
#9571000
b11 #
b11 '
b11 (
b10 &
0$
#9572000
b100 #
b100 '
b100 (
b11 &
0$
#9573000
b101 #
b101 '
b101 (
b100 &
0$
#9574000
b110 #
b110 '
b110 (
b101 &
0$
#9575000
b111 #
b111 '
b111 (
b110 &
0$
#9576000
b1000 #
b1000 '
b1000 (
b111 &
0$
#9577000
b1001 #
b1001 '
b1001 (
b1000 &
0$
#9578000
b1010 #
b1010 '
b1010 (
b1001 &
0$
#9579000
b1011 #
b1011 '
b1011 (
b1010 &
0$
#9580000
b1100 #
b1100 '
b1100 (
b1011 &
0$
#9581000
b1101 #
b1101 '
b1101 (
b1100 &
0$
#9582000
b1110 #
b1110 '
b1110 (
b1101 &
0$
#9583000
b1111 #
b1111 '
b1111 (
b1110 &
0$
#9584000
b10000 #
b10000 '
b10000 (
b1111 &
0$
#9585000
b10001 #
b10001 '
b10001 (
b10000 &
0$
#9586000
b10010 #
b10010 '
b10010 (
b10001 &
0$
#9587000
b10011 #
b10011 '
b10011 (
b10010 &
0$
#9588000
b10100 #
b10100 '
b10100 (
b10011 &
0$
#9589000
b10101 #
b10101 '
b10101 (
b10100 &
0$
#9590000
b10110 #
b10110 '
b10110 (
b10101 &
0$
#9591000
b10111 #
b10111 '
b10111 (
b10110 &
0$
#9592000
b11000 #
b11000 '
b11000 (
b10111 &
0$
#9593000
b11001 #
b11001 '
b11001 (
b11000 &
0$
#9594000
b11010 #
b11010 '
b11010 (
b11001 &
0$
#9595000
b11011 #
b11011 '
b11011 (
b11010 &
0$
#9596000
b11100 #
b11100 '
b11100 (
b11011 &
0$
#9597000
b11101 #
b11101 '
b11101 (
b11100 &
0$
#9598000
b11110 #
b11110 '
b11110 (
b11101 &
0$
#9599000
b11111 #
b11111 '
b11111 (
b11110 &
0$
#9600000
b0 #
b0 '
b0 (
b11111 &
0$
#9601000
b1 #
b1 '
b1 (
b0 &
0$
#9602000
b10 #
b10 '
b10 (
b1 &
0$
#9603000
b11 #
b11 '
b11 (
b10 &
0$
#9604000
b100 #
b100 '
b100 (
b11 &
0$
#9605000
b101 #
b101 '
b101 (
b100 &
0$
#9606000
b110 #
b110 '
b110 (
b101 &
0$
#9607000
b111 #
b111 '
b111 (
b110 &
0$
#9608000
b1000 #
b1000 '
b1000 (
b111 &
0$
#9609000
b1001 #
b1001 '
b1001 (
b1000 &
0$
#9610000
b1010 #
b1010 '
b1010 (
b1001 &
0$
#9611000
b1011 #
b1011 '
b1011 (
b1010 &
0$
#9612000
b1100 #
b1100 '
b1100 (
b1011 &
0$
#9613000
b1101 #
b1101 '
b1101 (
b1100 &
0$
#9614000
b1110 #
b1110 '
b1110 (
b1101 &
0$
#9615000
b1111 #
b1111 '
b1111 (
b1110 &
0$
#9616000
b10000 #
b10000 '
b10000 (
b1111 &
0$
#9617000
b10001 #
b10001 '
b10001 (
b10000 &
0$
#9618000
b10010 #
b10010 '
b10010 (
b10001 &
0$
#9619000
b10011 #
b10011 '
b10011 (
b10010 &
0$
#9620000
b10100 #
b10100 '
b10100 (
b10011 &
0$
#9621000
b10101 #
b10101 '
b10101 (
b10100 &
0$
#9622000
b10110 #
b10110 '
b10110 (
b10101 &
0$
#9623000
b10111 #
b10111 '
b10111 (
b10110 &
0$
#9624000
b11000 #
b11000 '
b11000 (
b10111 &
0$
#9625000
b11001 #
b11001 '
b11001 (
b11000 &
0$
#9626000
b11010 #
b11010 '
b11010 (
b11001 &
0$
#9627000
b11011 #
b11011 '
b11011 (
b11010 &
0$
#9628000
b11100 #
b11100 '
b11100 (
b11011 &
0$
#9629000
b11101 #
b11101 '
b11101 (
b11100 &
0$
#9630000
b11110 #
b11110 '
b11110 (
b11101 &
0$
#9631000
b11111 #
b11111 '
b11111 (
b11110 &
0$
#9632000
b0 #
b0 '
b0 (
b11111 &
0$
#9633000
b1 #
b1 '
b1 (
b0 &
0$
#9634000
b10 #
b10 '
b10 (
b1 &
0$
#9635000
b11 #
b11 '
b11 (
b10 &
0$
#9636000
b100 #
b100 '
b100 (
b11 &
0$
#9637000
b101 #
b101 '
b101 (
b100 &
0$
#9638000
b110 #
b110 '
b110 (
b101 &
0$
#9639000
b111 #
b111 '
b111 (
b110 &
0$
#9640000
b1000 #
b1000 '
b1000 (
b111 &
0$
#9641000
b1001 #
b1001 '
b1001 (
b1000 &
0$
#9642000
b1010 #
b1010 '
b1010 (
b1001 &
0$
#9643000
b1011 #
b1011 '
b1011 (
b1010 &
0$
#9644000
b1100 #
b1100 '
b1100 (
b1011 &
0$
#9645000
b1101 #
b1101 '
b1101 (
b1100 &
0$
#9646000
b1110 #
b1110 '
b1110 (
b1101 &
0$
#9647000
b1111 #
b1111 '
b1111 (
b1110 &
0$
#9648000
b10000 #
b10000 '
b10000 (
b1111 &
0$
#9649000
b10001 #
b10001 '
b10001 (
b10000 &
0$
#9650000
b10010 #
b10010 '
b10010 (
b10001 &
0$
#9651000
b10011 #
b10011 '
b10011 (
b10010 &
0$
#9652000
b10100 #
b10100 '
b10100 (
b10011 &
0$
#9653000
b10101 #
b10101 '
b10101 (
b10100 &
0$
#9654000
b10110 #
b10110 '
b10110 (
b10101 &
0$
#9655000
b10111 #
b10111 '
b10111 (
b10110 &
0$
#9656000
b11000 #
b11000 '
b11000 (
b10111 &
0$
#9657000
b11001 #
b11001 '
b11001 (
b11000 &
0$
#9658000
b11010 #
b11010 '
b11010 (
b11001 &
0$
#9659000
b11011 #
b11011 '
b11011 (
b11010 &
0$
#9660000
b11100 #
b11100 '
b11100 (
b11011 &
0$
#9661000
b11101 #
b11101 '
b11101 (
b11100 &
0$
#9662000
b11110 #
b11110 '
b11110 (
b11101 &
0$
#9663000
b11111 #
b11111 '
b11111 (
b11110 &
0$
#9664000
b0 #
b0 '
b0 (
b11111 &
0$
#9665000
b1 #
b1 '
b1 (
b0 &
0$
#9666000
b10 #
b10 '
b10 (
b1 &
0$
#9667000
b11 #
b11 '
b11 (
b10 &
0$
#9668000
b100 #
b100 '
b100 (
b11 &
0$
#9669000
b101 #
b101 '
b101 (
b100 &
0$
#9670000
b110 #
b110 '
b110 (
b101 &
0$
#9671000
b111 #
b111 '
b111 (
b110 &
0$
#9672000
b1000 #
b1000 '
b1000 (
b111 &
0$
#9673000
b1001 #
b1001 '
b1001 (
b1000 &
0$
#9674000
b1010 #
b1010 '
b1010 (
b1001 &
0$
#9675000
b1011 #
b1011 '
b1011 (
b1010 &
0$
#9676000
b1100 #
b1100 '
b1100 (
b1011 &
0$
#9677000
b1101 #
b1101 '
b1101 (
b1100 &
0$
#9678000
b1110 #
b1110 '
b1110 (
b1101 &
0$
#9679000
b1111 #
b1111 '
b1111 (
b1110 &
0$
#9680000
b10000 #
b10000 '
b10000 (
b1111 &
0$
#9681000
b10001 #
b10001 '
b10001 (
b10000 &
0$
#9682000
b10010 #
b10010 '
b10010 (
b10001 &
0$
#9683000
b10011 #
b10011 '
b10011 (
b10010 &
0$
#9684000
b10100 #
b10100 '
b10100 (
b10011 &
0$
#9685000
b10101 #
b10101 '
b10101 (
b10100 &
0$
#9686000
b10110 #
b10110 '
b10110 (
b10101 &
0$
#9687000
b10111 #
b10111 '
b10111 (
b10110 &
0$
#9688000
b11000 #
b11000 '
b11000 (
b10111 &
0$
#9689000
b11001 #
b11001 '
b11001 (
b11000 &
0$
#9690000
b11010 #
b11010 '
b11010 (
b11001 &
0$
#9691000
b11011 #
b11011 '
b11011 (
b11010 &
0$
#9692000
b11100 #
b11100 '
b11100 (
b11011 &
0$
#9693000
b11101 #
b11101 '
b11101 (
b11100 &
0$
#9694000
b11110 #
b11110 '
b11110 (
b11101 &
0$
#9695000
b11111 #
b11111 '
b11111 (
b11110 &
0$
#9696000
b0 #
b0 '
b0 (
b11111 &
0$
#9697000
b1 #
b1 '
b1 (
b0 &
0$
#9698000
b10 #
b10 '
b10 (
b1 &
0$
#9699000
b11 #
b11 '
b11 (
b10 &
0$
#9700000
b100 #
b100 '
b100 (
b11 &
0$
#9701000
b101 #
b101 '
b101 (
b100 &
0$
#9702000
b110 #
b110 '
b110 (
b101 &
0$
#9703000
b111 #
b111 '
b111 (
b110 &
0$
#9704000
b1000 #
b1000 '
b1000 (
b111 &
0$
#9705000
b1001 #
b1001 '
b1001 (
b1000 &
0$
#9706000
b1010 #
b1010 '
b1010 (
b1001 &
0$
#9707000
b1011 #
b1011 '
b1011 (
b1010 &
0$
#9708000
b1100 #
b1100 '
b1100 (
b1011 &
0$
#9709000
b1101 #
b1101 '
b1101 (
b1100 &
0$
#9710000
b1110 #
b1110 '
b1110 (
b1101 &
0$
#9711000
b1111 #
b1111 '
b1111 (
b1110 &
0$
#9712000
b10000 #
b10000 '
b10000 (
b1111 &
0$
#9713000
b10001 #
b10001 '
b10001 (
b10000 &
0$
#9714000
b10010 #
b10010 '
b10010 (
b10001 &
0$
#9715000
b10011 #
b10011 '
b10011 (
b10010 &
0$
#9716000
b10100 #
b10100 '
b10100 (
b10011 &
0$
#9717000
b10101 #
b10101 '
b10101 (
b10100 &
0$
#9718000
b10110 #
b10110 '
b10110 (
b10101 &
0$
#9719000
b10111 #
b10111 '
b10111 (
b10110 &
0$
#9720000
b11000 #
b11000 '
b11000 (
b10111 &
0$
#9721000
b11001 #
b11001 '
b11001 (
b11000 &
0$
#9722000
b11010 #
b11010 '
b11010 (
b11001 &
0$
#9723000
b11011 #
b11011 '
b11011 (
b11010 &
0$
#9724000
b11100 #
b11100 '
b11100 (
b11011 &
0$
#9725000
b11101 #
b11101 '
b11101 (
b11100 &
0$
#9726000
b11110 #
b11110 '
b11110 (
b11101 &
0$
#9727000
b11111 #
b11111 '
b11111 (
b11110 &
0$
#9728000
b0 #
b0 '
b0 (
b11111 &
0$
#9729000
b1 #
b1 '
b1 (
b0 &
0$
#9730000
b10 #
b10 '
b10 (
b1 &
0$
#9731000
b11 #
b11 '
b11 (
b10 &
0$
#9732000
b100 #
b100 '
b100 (
b11 &
0$
#9733000
b101 #
b101 '
b101 (
b100 &
0$
#9734000
b110 #
b110 '
b110 (
b101 &
0$
#9735000
b111 #
b111 '
b111 (
b110 &
0$
#9736000
b1000 #
b1000 '
b1000 (
b111 &
0$
#9737000
b1001 #
b1001 '
b1001 (
b1000 &
0$
#9738000
b1010 #
b1010 '
b1010 (
b1001 &
0$
#9739000
b1011 #
b1011 '
b1011 (
b1010 &
0$
#9740000
b1100 #
b1100 '
b1100 (
b1011 &
0$
#9741000
b1101 #
b1101 '
b1101 (
b1100 &
0$
#9742000
b1110 #
b1110 '
b1110 (
b1101 &
0$
#9743000
b1111 #
b1111 '
b1111 (
b1110 &
0$
#9744000
b10000 #
b10000 '
b10000 (
b1111 &
0$
#9745000
b10001 #
b10001 '
b10001 (
b10000 &
0$
#9746000
b10010 #
b10010 '
b10010 (
b10001 &
0$
#9747000
b10011 #
b10011 '
b10011 (
b10010 &
0$
#9748000
b10100 #
b10100 '
b10100 (
b10011 &
0$
#9749000
b10101 #
b10101 '
b10101 (
b10100 &
0$
#9750000
b10110 #
b10110 '
b10110 (
b10101 &
0$
#9751000
b10111 #
b10111 '
b10111 (
b10110 &
0$
#9752000
b11000 #
b11000 '
b11000 (
b10111 &
0$
#9753000
b11001 #
b11001 '
b11001 (
b11000 &
0$
#9754000
b11010 #
b11010 '
b11010 (
b11001 &
0$
#9755000
b11011 #
b11011 '
b11011 (
b11010 &
0$
#9756000
b11100 #
b11100 '
b11100 (
b11011 &
0$
#9757000
b11101 #
b11101 '
b11101 (
b11100 &
0$
#9758000
b11110 #
b11110 '
b11110 (
b11101 &
0$
#9759000
b11111 #
b11111 '
b11111 (
b11110 &
0$
#9760000
b0 #
b0 '
b0 (
b11111 &
0$
#9761000
b1 #
b1 '
b1 (
b0 &
0$
#9762000
b10 #
b10 '
b10 (
b1 &
0$
#9763000
b11 #
b11 '
b11 (
b10 &
0$
#9764000
b100 #
b100 '
b100 (
b11 &
0$
#9765000
b101 #
b101 '
b101 (
b100 &
0$
#9766000
b110 #
b110 '
b110 (
b101 &
0$
#9767000
b111 #
b111 '
b111 (
b110 &
0$
#9768000
b1000 #
b1000 '
b1000 (
b111 &
0$
#9769000
b1001 #
b1001 '
b1001 (
b1000 &
0$
#9770000
b1010 #
b1010 '
b1010 (
b1001 &
0$
#9771000
b1011 #
b1011 '
b1011 (
b1010 &
0$
#9772000
b1100 #
b1100 '
b1100 (
b1011 &
0$
#9773000
b1101 #
b1101 '
b1101 (
b1100 &
0$
#9774000
b1110 #
b1110 '
b1110 (
b1101 &
0$
#9775000
b1111 #
b1111 '
b1111 (
b1110 &
0$
#9776000
b10000 #
b10000 '
b10000 (
b1111 &
0$
#9777000
b10001 #
b10001 '
b10001 (
b10000 &
0$
#9778000
b10010 #
b10010 '
b10010 (
b10001 &
0$
#9779000
b10011 #
b10011 '
b10011 (
b10010 &
0$
#9780000
b10100 #
b10100 '
b10100 (
b10011 &
0$
#9781000
b10101 #
b10101 '
b10101 (
b10100 &
0$
#9782000
b10110 #
b10110 '
b10110 (
b10101 &
0$
#9783000
b10111 #
b10111 '
b10111 (
b10110 &
0$
#9784000
b11000 #
b11000 '
b11000 (
b10111 &
0$
#9785000
b11001 #
b11001 '
b11001 (
b11000 &
0$
#9786000
b11010 #
b11010 '
b11010 (
b11001 &
0$
#9787000
b11011 #
b11011 '
b11011 (
b11010 &
0$
#9788000
b11100 #
b11100 '
b11100 (
b11011 &
0$
#9789000
b11101 #
b11101 '
b11101 (
b11100 &
0$
#9790000
b11110 #
b11110 '
b11110 (
b11101 &
0$
#9791000
b11111 #
b11111 '
b11111 (
b11110 &
0$
#9792000
b0 #
b0 '
b0 (
b11111 &
0$
#9793000
b1 #
b1 '
b1 (
b0 &
0$
#9794000
b10 #
b10 '
b10 (
b1 &
0$
#9795000
b11 #
b11 '
b11 (
b10 &
0$
#9796000
b100 #
b100 '
b100 (
b11 &
0$
#9797000
b101 #
b101 '
b101 (
b100 &
0$
#9798000
b110 #
b110 '
b110 (
b101 &
0$
#9799000
b111 #
b111 '
b111 (
b110 &
0$
#9800000
b1000 #
b1000 '
b1000 (
b111 &
0$
#9801000
b1001 #
b1001 '
b1001 (
b1000 &
0$
#9802000
b1010 #
b1010 '
b1010 (
b1001 &
0$
#9803000
b1011 #
b1011 '
b1011 (
b1010 &
0$
#9804000
b1100 #
b1100 '
b1100 (
b1011 &
0$
#9805000
b1101 #
b1101 '
b1101 (
b1100 &
0$
#9806000
b1110 #
b1110 '
b1110 (
b1101 &
0$
#9807000
b1111 #
b1111 '
b1111 (
b1110 &
0$
#9808000
b10000 #
b10000 '
b10000 (
b1111 &
0$
#9809000
b10001 #
b10001 '
b10001 (
b10000 &
0$
#9810000
b10010 #
b10010 '
b10010 (
b10001 &
0$
#9811000
b10011 #
b10011 '
b10011 (
b10010 &
0$
#9812000
b10100 #
b10100 '
b10100 (
b10011 &
0$
#9813000
b10101 #
b10101 '
b10101 (
b10100 &
0$
#9814000
b10110 #
b10110 '
b10110 (
b10101 &
0$
#9815000
b10111 #
b10111 '
b10111 (
b10110 &
0$
#9816000
b11000 #
b11000 '
b11000 (
b10111 &
0$
#9817000
b11001 #
b11001 '
b11001 (
b11000 &
0$
#9818000
b11010 #
b11010 '
b11010 (
b11001 &
0$
#9819000
b11011 #
b11011 '
b11011 (
b11010 &
0$
#9820000
b11100 #
b11100 '
b11100 (
b11011 &
0$
#9821000
b11101 #
b11101 '
b11101 (
b11100 &
0$
#9822000
b11110 #
b11110 '
b11110 (
b11101 &
0$
#9823000
b11111 #
b11111 '
b11111 (
b11110 &
0$
#9824000
b0 #
b0 '
b0 (
b11111 &
0$
#9825000
b1 #
b1 '
b1 (
b0 &
0$
#9826000
b10 #
b10 '
b10 (
b1 &
0$
#9827000
b11 #
b11 '
b11 (
b10 &
0$
#9828000
b100 #
b100 '
b100 (
b11 &
0$
#9829000
b101 #
b101 '
b101 (
b100 &
0$
#9830000
b110 #
b110 '
b110 (
b101 &
0$
#9831000
b111 #
b111 '
b111 (
b110 &
0$
#9832000
b1000 #
b1000 '
b1000 (
b111 &
0$
#9833000
b1001 #
b1001 '
b1001 (
b1000 &
0$
#9834000
b1010 #
b1010 '
b1010 (
b1001 &
0$
#9835000
b1011 #
b1011 '
b1011 (
b1010 &
0$
#9836000
b1100 #
b1100 '
b1100 (
b1011 &
0$
#9837000
b1101 #
b1101 '
b1101 (
b1100 &
0$
#9838000
b1110 #
b1110 '
b1110 (
b1101 &
0$
#9839000
b1111 #
b1111 '
b1111 (
b1110 &
0$
#9840000
b10000 #
b10000 '
b10000 (
b1111 &
0$
#9841000
b10001 #
b10001 '
b10001 (
b10000 &
0$
#9842000
b10010 #
b10010 '
b10010 (
b10001 &
0$
#9843000
b10011 #
b10011 '
b10011 (
b10010 &
0$
#9844000
b10100 #
b10100 '
b10100 (
b10011 &
0$
#9845000
b10101 #
b10101 '
b10101 (
b10100 &
0$
#9846000
b10110 #
b10110 '
b10110 (
b10101 &
0$
#9847000
b10111 #
b10111 '
b10111 (
b10110 &
0$
#9848000
b11000 #
b11000 '
b11000 (
b10111 &
0$
#9849000
b11001 #
b11001 '
b11001 (
b11000 &
0$
#9850000
b11010 #
b11010 '
b11010 (
b11001 &
0$
#9851000
b11011 #
b11011 '
b11011 (
b11010 &
0$
#9852000
b11100 #
b11100 '
b11100 (
b11011 &
0$
#9853000
b11101 #
b11101 '
b11101 (
b11100 &
0$
#9854000
b11110 #
b11110 '
b11110 (
b11101 &
0$
#9855000
b11111 #
b11111 '
b11111 (
b11110 &
0$
#9856000
b0 #
b0 '
b0 (
b11111 &
0$
#9857000
b1 #
b1 '
b1 (
b0 &
0$
#9858000
b10 #
b10 '
b10 (
b1 &
0$
#9859000
b11 #
b11 '
b11 (
b10 &
0$
#9860000
b100 #
b100 '
b100 (
b11 &
0$
#9861000
b101 #
b101 '
b101 (
b100 &
0$
#9862000
b110 #
b110 '
b110 (
b101 &
0$
#9863000
b111 #
b111 '
b111 (
b110 &
0$
#9864000
b1000 #
b1000 '
b1000 (
b111 &
0$
#9865000
b1001 #
b1001 '
b1001 (
b1000 &
0$
#9866000
b1010 #
b1010 '
b1010 (
b1001 &
0$
#9867000
b1011 #
b1011 '
b1011 (
b1010 &
0$
#9868000
b1100 #
b1100 '
b1100 (
b1011 &
0$
#9869000
b1101 #
b1101 '
b1101 (
b1100 &
0$
#9870000
b1110 #
b1110 '
b1110 (
b1101 &
0$
#9871000
b1111 #
b1111 '
b1111 (
b1110 &
0$
#9872000
b10000 #
b10000 '
b10000 (
b1111 &
0$
#9873000
b10001 #
b10001 '
b10001 (
b10000 &
0$
#9874000
b10010 #
b10010 '
b10010 (
b10001 &
0$
#9875000
b10011 #
b10011 '
b10011 (
b10010 &
0$
#9876000
b10100 #
b10100 '
b10100 (
b10011 &
0$
#9877000
b10101 #
b10101 '
b10101 (
b10100 &
0$
#9878000
b10110 #
b10110 '
b10110 (
b10101 &
0$
#9879000
b10111 #
b10111 '
b10111 (
b10110 &
0$
#9880000
b11000 #
b11000 '
b11000 (
b10111 &
0$
#9881000
b11001 #
b11001 '
b11001 (
b11000 &
0$
#9882000
b11010 #
b11010 '
b11010 (
b11001 &
0$
#9883000
b11011 #
b11011 '
b11011 (
b11010 &
0$
#9884000
b11100 #
b11100 '
b11100 (
b11011 &
0$
#9885000
b11101 #
b11101 '
b11101 (
b11100 &
0$
#9886000
b11110 #
b11110 '
b11110 (
b11101 &
0$
#9887000
b11111 #
b11111 '
b11111 (
b11110 &
0$
#9888000
b0 #
b0 '
b0 (
b11111 &
0$
#9889000
b1 #
b1 '
b1 (
b0 &
0$
#9890000
b10 #
b10 '
b10 (
b1 &
0$
#9891000
b11 #
b11 '
b11 (
b10 &
0$
#9892000
b100 #
b100 '
b100 (
b11 &
0$
#9893000
b101 #
b101 '
b101 (
b100 &
0$
#9894000
b110 #
b110 '
b110 (
b101 &
0$
#9895000
b111 #
b111 '
b111 (
b110 &
0$
#9896000
b1000 #
b1000 '
b1000 (
b111 &
0$
#9897000
b1001 #
b1001 '
b1001 (
b1000 &
0$
#9898000
b1010 #
b1010 '
b1010 (
b1001 &
0$
#9899000
b1011 #
b1011 '
b1011 (
b1010 &
0$
#9900000
b1100 #
b1100 '
b1100 (
b1011 &
0$
#9901000
b1101 #
b1101 '
b1101 (
b1100 &
0$
#9902000
b1110 #
b1110 '
b1110 (
b1101 &
0$
#9903000
b1111 #
b1111 '
b1111 (
b1110 &
0$
#9904000
b10000 #
b10000 '
b10000 (
b1111 &
0$
#9905000
b10001 #
b10001 '
b10001 (
b10000 &
0$
#9906000
b10010 #
b10010 '
b10010 (
b10001 &
0$
#9907000
b10011 #
b10011 '
b10011 (
b10010 &
0$
#9908000
b10100 #
b10100 '
b10100 (
b10011 &
0$
#9909000
b10101 #
b10101 '
b10101 (
b10100 &
0$
#9910000
b10110 #
b10110 '
b10110 (
b10101 &
0$
#9911000
b10111 #
b10111 '
b10111 (
b10110 &
0$
#9912000
b11000 #
b11000 '
b11000 (
b10111 &
0$
#9913000
b11001 #
b11001 '
b11001 (
b11000 &
0$
#9914000
b11010 #
b11010 '
b11010 (
b11001 &
0$
#9915000
b11011 #
b11011 '
b11011 (
b11010 &
0$
#9916000
b11100 #
b11100 '
b11100 (
b11011 &
0$
#9917000
b11101 #
b11101 '
b11101 (
b11100 &
0$
#9918000
b11110 #
b11110 '
b11110 (
b11101 &
0$
#9919000
b11111 #
b11111 '
b11111 (
b11110 &
0$
#9920000
b0 #
b0 '
b0 (
b11111 &
0$
#9921000
b1 #
b1 '
b1 (
b0 &
0$
#9922000
b10 #
b10 '
b10 (
b1 &
0$
#9923000
b11 #
b11 '
b11 (
b10 &
0$
#9924000
b100 #
b100 '
b100 (
b11 &
0$
#9925000
b101 #
b101 '
b101 (
b100 &
0$
#9926000
b110 #
b110 '
b110 (
b101 &
0$
#9927000
b111 #
b111 '
b111 (
b110 &
0$
#9928000
b1000 #
b1000 '
b1000 (
b111 &
0$
#9929000
b1001 #
b1001 '
b1001 (
b1000 &
0$
#9930000
b1010 #
b1010 '
b1010 (
b1001 &
0$
#9931000
b1011 #
b1011 '
b1011 (
b1010 &
0$
#9932000
b1100 #
b1100 '
b1100 (
b1011 &
0$
#9933000
b1101 #
b1101 '
b1101 (
b1100 &
0$
#9934000
b1110 #
b1110 '
b1110 (
b1101 &
0$
#9935000
b1111 #
b1111 '
b1111 (
b1110 &
0$
#9936000
b10000 #
b10000 '
b10000 (
b1111 &
0$
#9937000
b10001 #
b10001 '
b10001 (
b10000 &
0$
#9938000
b10010 #
b10010 '
b10010 (
b10001 &
0$
#9939000
b10011 #
b10011 '
b10011 (
b10010 &
0$
#9940000
b10100 #
b10100 '
b10100 (
b10011 &
0$
#9941000
b10101 #
b10101 '
b10101 (
b10100 &
0$
#9942000
b10110 #
b10110 '
b10110 (
b10101 &
0$
#9943000
b10111 #
b10111 '
b10111 (
b10110 &
0$
#9944000
b11000 #
b11000 '
b11000 (
b10111 &
0$
#9945000
b11001 #
b11001 '
b11001 (
b11000 &
0$
#9946000
b11010 #
b11010 '
b11010 (
b11001 &
0$
#9947000
b11011 #
b11011 '
b11011 (
b11010 &
0$
#9948000
b11100 #
b11100 '
b11100 (
b11011 &
0$
#9949000
b11101 #
b11101 '
b11101 (
b11100 &
0$
#9950000
b11110 #
b11110 '
b11110 (
b11101 &
0$
#9951000
b11111 #
b11111 '
b11111 (
b11110 &
0$
#9952000
b0 #
b0 '
b0 (
b11111 &
0$
#9953000
b1 #
b1 '
b1 (
b0 &
0$
#9954000
b10 #
b10 '
b10 (
b1 &
0$
#9955000
b11 #
b11 '
b11 (
b10 &
0$
#9956000
b100 #
b100 '
b100 (
b11 &
0$
#9957000
b101 #
b101 '
b101 (
b100 &
0$
#9958000
b110 #
b110 '
b110 (
b101 &
0$
#9959000
b111 #
b111 '
b111 (
b110 &
0$
#9960000
b1000 #
b1000 '
b1000 (
b111 &
0$
#9961000
b1001 #
b1001 '
b1001 (
b1000 &
0$
#9962000
b1010 #
b1010 '
b1010 (
b1001 &
0$
#9963000
b1011 #
b1011 '
b1011 (
b1010 &
0$
#9964000
b1100 #
b1100 '
b1100 (
b1011 &
0$
#9965000
b1101 #
b1101 '
b1101 (
b1100 &
0$
#9966000
b1110 #
b1110 '
b1110 (
b1101 &
0$
#9967000
b1111 #
b1111 '
b1111 (
b1110 &
0$
#9968000
b10000 #
b10000 '
b10000 (
b1111 &
0$
#9969000
b10001 #
b10001 '
b10001 (
b10000 &
0$
#9970000
b10010 #
b10010 '
b10010 (
b10001 &
0$
#9971000
b10011 #
b10011 '
b10011 (
b10010 &
0$
#9972000
b10100 #
b10100 '
b10100 (
b10011 &
0$
#9973000
b10101 #
b10101 '
b10101 (
b10100 &
0$
#9974000
b10110 #
b10110 '
b10110 (
b10101 &
0$
#9975000
b10111 #
b10111 '
b10111 (
b10110 &
0$
#9976000
b11000 #
b11000 '
b11000 (
b10111 &
0$
#9977000
b11001 #
b11001 '
b11001 (
b11000 &
0$
#9978000
b11010 #
b11010 '
b11010 (
b11001 &
0$
#9979000
b11011 #
b11011 '
b11011 (
b11010 &
0$
#9980000
b11100 #
b11100 '
b11100 (
b11011 &
0$
#9981000
b11101 #
b11101 '
b11101 (
b11100 &
0$
#9982000
b11110 #
b11110 '
b11110 (
b11101 &
0$
#9983000
b11111 #
b11111 '
b11111 (
b11110 &
0$
#9984000
b0 #
b0 '
b0 (
b11111 &
0$
#9985000
b1 #
b1 '
b1 (
b0 &
0$
#9986000
b10 #
b10 '
b10 (
b1 &
0$
#9987000
b11 #
b11 '
b11 (
b10 &
0$
#9988000
b100 #
b100 '
b100 (
b11 &
0$
#9989000
b101 #
b101 '
b101 (
b100 &
0$
#9990000
b110 #
b110 '
b110 (
b101 &
0$
#9991000
b111 #
b111 '
b111 (
b110 &
0$
#9992000
b1000 #
b1000 '
b1000 (
b111 &
0$
#9993000
b1001 #
b1001 '
b1001 (
b1000 &
0$
#9994000
b1010 #
b1010 '
b1010 (
b1001 &
0$
#9995000
b1011 #
b1011 '
b1011 (
b1010 &
0$
#9996000
b1100 #
b1100 '
b1100 (
b1011 &
0$
#9997000
b1101 #
b1101 '
b1101 (
b1100 &
0$
#9998000
b1110 #
b1110 '
b1110 (
b1101 &
0$
#9999000
b1111 #
b1111 '
b1111 (
b1110 &
0$
#10000000
b10000 #
b10000 '
b10000 (
b1111 &
0$
#10001000
b10001 #
b10001 '
b10001 (
b10000 &
0$
#10002000
b10010 #
b10010 '
b10010 (
b10001 &
0$
#10003000
b10011 #
b10011 '
b10011 (
b10010 &
0$
#10004000
b10100 #
b10100 '
b10100 (
b10011 &
0$
#10005000
b10101 #
b10101 '
b10101 (
b10100 &
0$
#10006000
b10110 #
b10110 '
b10110 (
b10101 &
0$
#10007000
b10111 #
b10111 '
b10111 (
b10110 &
0$
#10008000
b11000 #
b11000 '
b11000 (
b10111 &
0$
#10009000
b11001 #
b11001 '
b11001 (
b11000 &
0$
#10010000
b11010 #
b11010 '
b11010 (
b11001 &
0$
#10011000
b11011 #
b11011 '
b11011 (
b11010 &
0$
#10012000
b11100 #
b11100 '
b11100 (
b11011 &
0$
#10013000
b11101 #
b11101 '
b11101 (
b11100 &
0$
#10014000
b11110 #
b11110 '
b11110 (
b11101 &
0$
#10015000
b11111 #
b11111 '
b11111 (
b11110 &
0$
#10016000
b0 #
b0 '
b0 (
b11111 &
0$
#10017000
b1 #
b1 '
b1 (
b0 &
0$
#10018000
b10 #
b10 '
b10 (
b1 &
0$
#10019000
b11 #
b11 '
b11 (
b10 &
0$
#10020000
b100 #
b100 '
b100 (
b11 &
0$
#10021000
b101 #
b101 '
b101 (
b100 &
0$
#10022000
b110 #
b110 '
b110 (
b101 &
0$
#10023000
b111 #
b111 '
b111 (
b110 &
0$
#10024000
b1000 #
b1000 '
b1000 (
b111 &
0$
#10025000
b1001 #
b1001 '
b1001 (
b1000 &
0$
#10026000
b1010 #
b1010 '
b1010 (
b1001 &
0$
#10027000
b1011 #
b1011 '
b1011 (
b1010 &
0$
#10028000
b1100 #
b1100 '
b1100 (
b1011 &
0$
#10029000
b1101 #
b1101 '
b1101 (
b1100 &
0$
#10030000
b1110 #
b1110 '
b1110 (
b1101 &
0$
#10031000
b1111 #
b1111 '
b1111 (
b1110 &
0$
#10032000
b10000 #
b10000 '
b10000 (
b1111 &
0$
#10033000
b10001 #
b10001 '
b10001 (
b10000 &
0$
#10034000
b10010 #
b10010 '
b10010 (
b10001 &
0$
#10035000
b10011 #
b10011 '
b10011 (
b10010 &
0$
#10036000
b10100 #
b10100 '
b10100 (
b10011 &
0$
#10037000
b10101 #
b10101 '
b10101 (
b10100 &
0$
#10038000
b10110 #
b10110 '
b10110 (
b10101 &
0$
#10039000
b10111 #
b10111 '
b10111 (
b10110 &
0$
#10040000
b11000 #
b11000 '
b11000 (
b10111 &
0$
#10041000
b11001 #
b11001 '
b11001 (
b11000 &
0$
#10042000
b11010 #
b11010 '
b11010 (
b11001 &
0$
#10043000
b11011 #
b11011 '
b11011 (
b11010 &
0$
#10044000
b11100 #
b11100 '
b11100 (
b11011 &
0$
#10045000
b11101 #
b11101 '
b11101 (
b11100 &
0$
#10046000
b11110 #
b11110 '
b11110 (
b11101 &
0$
#10047000
b11111 #
b11111 '
b11111 (
b11110 &
0$
#10048000
b0 #
b0 '
b0 (
b11111 &
0$
#10049000
b1 #
b1 '
b1 (
b0 &
0$
#10050000
b10 #
b10 '
b10 (
b1 &
0$
#10051000
b11 #
b11 '
b11 (
b10 &
0$
#10052000
b100 #
b100 '
b100 (
b11 &
0$
#10053000
b101 #
b101 '
b101 (
b100 &
0$
#10054000
b110 #
b110 '
b110 (
b101 &
0$
#10055000
b111 #
b111 '
b111 (
b110 &
0$
#10056000
b1000 #
b1000 '
b1000 (
b111 &
0$
#10057000
b1001 #
b1001 '
b1001 (
b1000 &
0$
#10058000
b1010 #
b1010 '
b1010 (
b1001 &
0$
#10059000
b1011 #
b1011 '
b1011 (
b1010 &
0$
#10060000
b1100 #
b1100 '
b1100 (
b1011 &
0$
#10061000
b1101 #
b1101 '
b1101 (
b1100 &
0$
#10062000
b1110 #
b1110 '
b1110 (
b1101 &
0$
#10063000
b1111 #
b1111 '
b1111 (
b1110 &
0$
#10064000
b10000 #
b10000 '
b10000 (
b1111 &
0$
#10065000
b10001 #
b10001 '
b10001 (
b10000 &
0$
#10066000
b10010 #
b10010 '
b10010 (
b10001 &
0$
#10067000
b10011 #
b10011 '
b10011 (
b10010 &
0$
#10068000
b10100 #
b10100 '
b10100 (
b10011 &
0$
#10069000
b10101 #
b10101 '
b10101 (
b10100 &
0$
#10070000
b10110 #
b10110 '
b10110 (
b10101 &
0$
#10071000
b10111 #
b10111 '
b10111 (
b10110 &
0$
#10072000
b11000 #
b11000 '
b11000 (
b10111 &
0$
#10073000
b11001 #
b11001 '
b11001 (
b11000 &
0$
#10074000
b11010 #
b11010 '
b11010 (
b11001 &
0$
#10075000
b11011 #
b11011 '
b11011 (
b11010 &
0$
#10076000
b11100 #
b11100 '
b11100 (
b11011 &
0$
#10077000
b11101 #
b11101 '
b11101 (
b11100 &
0$
#10078000
b11110 #
b11110 '
b11110 (
b11101 &
0$
#10079000
b11111 #
b11111 '
b11111 (
b11110 &
0$
#10080000
b0 #
b0 '
b0 (
b11111 &
0$
#10081000
b1 #
b1 '
b1 (
b0 &
0$
#10082000
b10 #
b10 '
b10 (
b1 &
0$
#10083000
b11 #
b11 '
b11 (
b10 &
0$
#10084000
b100 #
b100 '
b100 (
b11 &
0$
#10085000
b101 #
b101 '
b101 (
b100 &
0$
#10086000
b110 #
b110 '
b110 (
b101 &
0$
#10087000
b111 #
b111 '
b111 (
b110 &
0$
#10088000
b1000 #
b1000 '
b1000 (
b111 &
0$
#10089000
b1001 #
b1001 '
b1001 (
b1000 &
0$
#10090000
b1010 #
b1010 '
b1010 (
b1001 &
0$
#10091000
b1011 #
b1011 '
b1011 (
b1010 &
0$
#10092000
b1100 #
b1100 '
b1100 (
b1011 &
0$
#10093000
b1101 #
b1101 '
b1101 (
b1100 &
0$
#10094000
b1110 #
b1110 '
b1110 (
b1101 &
0$
#10095000
b1111 #
b1111 '
b1111 (
b1110 &
0$
#10096000
b10000 #
b10000 '
b10000 (
b1111 &
0$
#10097000
b10001 #
b10001 '
b10001 (
b10000 &
0$
#10098000
b10010 #
b10010 '
b10010 (
b10001 &
0$
#10099000
b10011 #
b10011 '
b10011 (
b10010 &
0$
#10100000
b10100 #
b10100 '
b10100 (
b10011 &
0$
#10101000
b10101 #
b10101 '
b10101 (
b10100 &
0$
#10102000
b10110 #
b10110 '
b10110 (
b10101 &
0$
#10103000
b10111 #
b10111 '
b10111 (
b10110 &
0$
#10104000
b11000 #
b11000 '
b11000 (
b10111 &
0$
#10105000
b11001 #
b11001 '
b11001 (
b11000 &
0$
#10106000
b11010 #
b11010 '
b11010 (
b11001 &
0$
#10107000
b11011 #
b11011 '
b11011 (
b11010 &
0$
#10108000
b11100 #
b11100 '
b11100 (
b11011 &
0$
#10109000
b11101 #
b11101 '
b11101 (
b11100 &
0$
#10110000
b11110 #
b11110 '
b11110 (
b11101 &
0$
#10111000
b11111 #
b11111 '
b11111 (
b11110 &
0$
#10112000
b0 #
b0 '
b0 (
b11111 &
0$
#10113000
b1 #
b1 '
b1 (
b0 &
0$
#10114000
b10 #
b10 '
b10 (
b1 &
0$
#10115000
b11 #
b11 '
b11 (
b10 &
0$
#10116000
b100 #
b100 '
b100 (
b11 &
0$
#10117000
b101 #
b101 '
b101 (
b100 &
0$
#10118000
b110 #
b110 '
b110 (
b101 &
0$
#10119000
b111 #
b111 '
b111 (
b110 &
0$
#10120000
b1000 #
b1000 '
b1000 (
b111 &
0$
#10121000
b1001 #
b1001 '
b1001 (
b1000 &
0$
#10122000
b1010 #
b1010 '
b1010 (
b1001 &
0$
#10123000
b1011 #
b1011 '
b1011 (
b1010 &
0$
#10124000
b1100 #
b1100 '
b1100 (
b1011 &
0$
#10125000
b1101 #
b1101 '
b1101 (
b1100 &
0$
#10126000
b1110 #
b1110 '
b1110 (
b1101 &
0$
#10127000
b1111 #
b1111 '
b1111 (
b1110 &
0$
#10128000
b10000 #
b10000 '
b10000 (
b1111 &
0$
#10129000
b10001 #
b10001 '
b10001 (
b10000 &
0$
#10130000
b10010 #
b10010 '
b10010 (
b10001 &
0$
#10131000
b10011 #
b10011 '
b10011 (
b10010 &
0$
#10132000
b10100 #
b10100 '
b10100 (
b10011 &
0$
#10133000
b10101 #
b10101 '
b10101 (
b10100 &
0$
#10134000
b10110 #
b10110 '
b10110 (
b10101 &
0$
#10135000
b10111 #
b10111 '
b10111 (
b10110 &
0$
#10136000
b11000 #
b11000 '
b11000 (
b10111 &
0$
#10137000
b11001 #
b11001 '
b11001 (
b11000 &
0$
#10138000
b11010 #
b11010 '
b11010 (
b11001 &
0$
#10139000
b11011 #
b11011 '
b11011 (
b11010 &
0$
#10140000
b11100 #
b11100 '
b11100 (
b11011 &
0$
#10141000
b11101 #
b11101 '
b11101 (
b11100 &
0$
#10142000
b11110 #
b11110 '
b11110 (
b11101 &
0$
#10143000
b11111 #
b11111 '
b11111 (
b11110 &
0$
#10144000
b0 #
b0 '
b0 (
b11111 &
0$
#10145000
b1 #
b1 '
b1 (
b0 &
0$
#10146000
b10 #
b10 '
b10 (
b1 &
0$
#10147000
b11 #
b11 '
b11 (
b10 &
0$
#10148000
b100 #
b100 '
b100 (
b11 &
0$
#10149000
b101 #
b101 '
b101 (
b100 &
0$
#10150000
b110 #
b110 '
b110 (
b101 &
0$
#10151000
b111 #
b111 '
b111 (
b110 &
0$
#10152000
b1000 #
b1000 '
b1000 (
b111 &
0$
#10153000
b1001 #
b1001 '
b1001 (
b1000 &
0$
#10154000
b1010 #
b1010 '
b1010 (
b1001 &
0$
#10155000
b1011 #
b1011 '
b1011 (
b1010 &
0$
#10156000
b1100 #
b1100 '
b1100 (
b1011 &
0$
#10157000
b1101 #
b1101 '
b1101 (
b1100 &
0$
#10158000
b1110 #
b1110 '
b1110 (
b1101 &
0$
#10159000
b1111 #
b1111 '
b1111 (
b1110 &
0$
#10160000
b10000 #
b10000 '
b10000 (
b1111 &
0$
#10161000
b10001 #
b10001 '
b10001 (
b10000 &
0$
#10162000
b10010 #
b10010 '
b10010 (
b10001 &
0$
#10163000
b10011 #
b10011 '
b10011 (
b10010 &
0$
#10164000
b10100 #
b10100 '
b10100 (
b10011 &
0$
#10165000
b10101 #
b10101 '
b10101 (
b10100 &
0$
#10166000
b10110 #
b10110 '
b10110 (
b10101 &
0$
#10167000
b10111 #
b10111 '
b10111 (
b10110 &
0$
#10168000
b11000 #
b11000 '
b11000 (
b10111 &
0$
#10169000
b11001 #
b11001 '
b11001 (
b11000 &
0$
#10170000
b11010 #
b11010 '
b11010 (
b11001 &
0$
#10171000
b11011 #
b11011 '
b11011 (
b11010 &
0$
#10172000
b11100 #
b11100 '
b11100 (
b11011 &
0$
#10173000
b11101 #
b11101 '
b11101 (
b11100 &
0$
#10174000
b11110 #
b11110 '
b11110 (
b11101 &
0$
#10175000
b11111 #
b11111 '
b11111 (
b11110 &
0$
#10176000
b0 #
b0 '
b0 (
b11111 &
0$
#10177000
b1 #
b1 '
b1 (
b0 &
0$
#10178000
b10 #
b10 '
b10 (
b1 &
0$
#10179000
b11 #
b11 '
b11 (
b10 &
0$
#10180000
b100 #
b100 '
b100 (
b11 &
0$
#10181000
b101 #
b101 '
b101 (
b100 &
0$
#10182000
b110 #
b110 '
b110 (
b101 &
0$
#10183000
b111 #
b111 '
b111 (
b110 &
0$
#10184000
b1000 #
b1000 '
b1000 (
b111 &
0$
#10185000
b1001 #
b1001 '
b1001 (
b1000 &
0$
#10186000
b1010 #
b1010 '
b1010 (
b1001 &
0$
#10187000
b1011 #
b1011 '
b1011 (
b1010 &
0$
#10188000
b1100 #
b1100 '
b1100 (
b1011 &
0$
#10189000
b1101 #
b1101 '
b1101 (
b1100 &
0$
#10190000
b1110 #
b1110 '
b1110 (
b1101 &
0$
#10191000
b1111 #
b1111 '
b1111 (
b1110 &
0$
#10192000
b10000 #
b10000 '
b10000 (
b1111 &
0$
#10193000
b10001 #
b10001 '
b10001 (
b10000 &
0$
#10194000
b10010 #
b10010 '
b10010 (
b10001 &
0$
#10195000
b10011 #
b10011 '
b10011 (
b10010 &
0$
#10196000
b10100 #
b10100 '
b10100 (
b10011 &
0$
#10197000
b10101 #
b10101 '
b10101 (
b10100 &
0$
#10198000
b10110 #
b10110 '
b10110 (
b10101 &
0$
#10199000
b10111 #
b10111 '
b10111 (
b10110 &
0$
#10200000
b11000 #
b11000 '
b11000 (
b10111 &
0$
#10201000
b11001 #
b11001 '
b11001 (
b11000 &
0$
#10202000
b11010 #
b11010 '
b11010 (
b11001 &
0$
#10203000
b11011 #
b11011 '
b11011 (
b11010 &
0$
#10204000
b11100 #
b11100 '
b11100 (
b11011 &
0$
#10205000
b11101 #
b11101 '
b11101 (
b11100 &
0$
#10206000
b11110 #
b11110 '
b11110 (
b11101 &
0$
#10207000
b11111 #
b11111 '
b11111 (
b11110 &
0$
#10208000
b0 #
b0 '
b0 (
b11111 &
0$
#10209000
b1 #
b1 '
b1 (
b0 &
0$
#10210000
b10 #
b10 '
b10 (
b1 &
0$
#10211000
b11 #
b11 '
b11 (
b10 &
0$
#10212000
b100 #
b100 '
b100 (
b11 &
0$
#10213000
b101 #
b101 '
b101 (
b100 &
0$
#10214000
b110 #
b110 '
b110 (
b101 &
0$
#10215000
b111 #
b111 '
b111 (
b110 &
0$
#10216000
b1000 #
b1000 '
b1000 (
b111 &
0$
#10217000
b1001 #
b1001 '
b1001 (
b1000 &
0$
#10218000
b1010 #
b1010 '
b1010 (
b1001 &
0$
#10219000
b1011 #
b1011 '
b1011 (
b1010 &
0$
#10220000
b1100 #
b1100 '
b1100 (
b1011 &
0$
#10221000
b1101 #
b1101 '
b1101 (
b1100 &
0$
#10222000
b1110 #
b1110 '
b1110 (
b1101 &
0$
#10223000
b1111 #
b1111 '
b1111 (
b1110 &
0$
#10224000
b10000 #
b10000 '
b10000 (
b1111 &
0$
#10225000
b10001 #
b10001 '
b10001 (
b10000 &
0$
#10226000
b10010 #
b10010 '
b10010 (
b10001 &
0$
#10227000
b10011 #
b10011 '
b10011 (
b10010 &
0$
#10228000
b10100 #
b10100 '
b10100 (
b10011 &
0$
#10229000
b10101 #
b10101 '
b10101 (
b10100 &
0$
#10230000
b10110 #
b10110 '
b10110 (
b10101 &
0$
#10231000
b10111 #
b10111 '
b10111 (
b10110 &
0$
#10232000
b11000 #
b11000 '
b11000 (
b10111 &
0$
#10233000
b11001 #
b11001 '
b11001 (
b11000 &
0$
#10234000
b11010 #
b11010 '
b11010 (
b11001 &
0$
#10235000
b11011 #
b11011 '
b11011 (
b11010 &
0$
#10236000
b11100 #
b11100 '
b11100 (
b11011 &
0$
#10237000
b11101 #
b11101 '
b11101 (
b11100 &
0$
#10238000
b11110 #
b11110 '
b11110 (
b11101 &
0$
#10239000
b11111 #
b11111 '
b11111 (
b11110 &
0$
#10240000
b0 #
b0 '
b0 (
b11111 &
0$
#10241000
b1 #
b1 '
b1 (
b0 &
0$
#10242000
b10 #
b10 '
b10 (
b1 &
0$
#10243000
b11 #
b11 '
b11 (
b10 &
0$
#10244000
b100 #
b100 '
b100 (
b11 &
0$
#10245000
b101 #
b101 '
b101 (
b100 &
0$
#10246000
b110 #
b110 '
b110 (
b101 &
0$
#10247000
b111 #
b111 '
b111 (
b110 &
0$
#10248000
b1000 #
b1000 '
b1000 (
b111 &
0$
#10249000
b1001 #
b1001 '
b1001 (
b1000 &
0$
#10250000
b1010 #
b1010 '
b1010 (
b1001 &
0$
#10251000
b1011 #
b1011 '
b1011 (
b1010 &
0$
#10252000
b1100 #
b1100 '
b1100 (
b1011 &
0$
#10253000
b1101 #
b1101 '
b1101 (
b1100 &
0$
#10254000
b1110 #
b1110 '
b1110 (
b1101 &
0$
#10255000
b1111 #
b1111 '
b1111 (
b1110 &
0$
#10256000
b10000 #
b10000 '
b10000 (
b1111 &
0$
#10257000
b10001 #
b10001 '
b10001 (
b10000 &
0$
#10258000
b10010 #
b10010 '
b10010 (
b10001 &
0$
#10259000
b10011 #
b10011 '
b10011 (
b10010 &
0$
#10260000
b10100 #
b10100 '
b10100 (
b10011 &
0$
#10261000
b10101 #
b10101 '
b10101 (
b10100 &
0$
#10262000
b10110 #
b10110 '
b10110 (
b10101 &
0$
#10263000
b10111 #
b10111 '
b10111 (
b10110 &
0$
#10264000
b11000 #
b11000 '
b11000 (
b10111 &
0$
#10265000
b11001 #
b11001 '
b11001 (
b11000 &
0$
#10266000
b11010 #
b11010 '
b11010 (
b11001 &
0$
#10267000
b11011 #
b11011 '
b11011 (
b11010 &
0$
#10268000
b11100 #
b11100 '
b11100 (
b11011 &
0$
#10269000
b11101 #
b11101 '
b11101 (
b11100 &
0$
#10270000
b11110 #
b11110 '
b11110 (
b11101 &
0$
#10271000
b11111 #
b11111 '
b11111 (
b11110 &
0$
#10272000
b0 #
b0 '
b0 (
b11111 &
0$
#10273000
b1 #
b1 '
b1 (
b0 &
0$
#10274000
b10 #
b10 '
b10 (
b1 &
0$
#10275000
b11 #
b11 '
b11 (
b10 &
0$
#10276000
b100 #
b100 '
b100 (
b11 &
0$
#10277000
b101 #
b101 '
b101 (
b100 &
0$
#10278000
b110 #
b110 '
b110 (
b101 &
0$
#10279000
b111 #
b111 '
b111 (
b110 &
0$
#10280000
b1000 #
b1000 '
b1000 (
b111 &
0$
#10281000
b1001 #
b1001 '
b1001 (
b1000 &
0$
#10282000
b1010 #
b1010 '
b1010 (
b1001 &
0$
#10283000
b1011 #
b1011 '
b1011 (
b1010 &
0$
#10284000
b1100 #
b1100 '
b1100 (
b1011 &
0$
#10285000
b1101 #
b1101 '
b1101 (
b1100 &
0$
#10286000
b1110 #
b1110 '
b1110 (
b1101 &
0$
#10287000
b1111 #
b1111 '
b1111 (
b1110 &
0$
#10288000
b10000 #
b10000 '
b10000 (
b1111 &
0$
#10289000
b10001 #
b10001 '
b10001 (
b10000 &
0$
#10290000
b10010 #
b10010 '
b10010 (
b10001 &
0$
#10291000
b10011 #
b10011 '
b10011 (
b10010 &
0$
#10292000
b10100 #
b10100 '
b10100 (
b10011 &
0$
#10293000
b10101 #
b10101 '
b10101 (
b10100 &
0$
#10294000
b10110 #
b10110 '
b10110 (
b10101 &
0$
#10295000
b10111 #
b10111 '
b10111 (
b10110 &
0$
#10296000
b11000 #
b11000 '
b11000 (
b10111 &
0$
#10297000
b11001 #
b11001 '
b11001 (
b11000 &
0$
#10298000
b11010 #
b11010 '
b11010 (
b11001 &
0$
#10299000
b11011 #
b11011 '
b11011 (
b11010 &
0$
#10300000
b11100 #
b11100 '
b11100 (
b11011 &
0$
#10301000
b11101 #
b11101 '
b11101 (
b11100 &
0$
#10302000
b11110 #
b11110 '
b11110 (
b11101 &
0$
#10303000
b11111 #
b11111 '
b11111 (
b11110 &
0$
#10304000
b0 #
b0 '
b0 (
b11111 &
0$
#10305000
b1 #
b1 '
b1 (
b0 &
0$
#10306000
b10 #
b10 '
b10 (
b1 &
0$
#10307000
b11 #
b11 '
b11 (
b10 &
0$
#10308000
b100 #
b100 '
b100 (
b11 &
0$
#10309000
b101 #
b101 '
b101 (
b100 &
0$
#10310000
b110 #
b110 '
b110 (
b101 &
0$
#10311000
b111 #
b111 '
b111 (
b110 &
0$
#10312000
b1000 #
b1000 '
b1000 (
b111 &
0$
#10313000
b1001 #
b1001 '
b1001 (
b1000 &
0$
#10314000
b1010 #
b1010 '
b1010 (
b1001 &
0$
#10315000
b1011 #
b1011 '
b1011 (
b1010 &
0$
#10316000
b1100 #
b1100 '
b1100 (
b1011 &
0$
#10317000
b1101 #
b1101 '
b1101 (
b1100 &
0$
#10318000
b1110 #
b1110 '
b1110 (
b1101 &
0$
#10319000
b1111 #
b1111 '
b1111 (
b1110 &
0$
#10320000
b10000 #
b10000 '
b10000 (
b1111 &
0$
#10321000
b10001 #
b10001 '
b10001 (
b10000 &
0$
#10322000
b10010 #
b10010 '
b10010 (
b10001 &
0$
#10323000
b10011 #
b10011 '
b10011 (
b10010 &
0$
#10324000
b10100 #
b10100 '
b10100 (
b10011 &
0$
#10325000
b10101 #
b10101 '
b10101 (
b10100 &
0$
#10326000
b10110 #
b10110 '
b10110 (
b10101 &
0$
#10327000
b10111 #
b10111 '
b10111 (
b10110 &
0$
#10328000
b11000 #
b11000 '
b11000 (
b10111 &
0$
#10329000
b11001 #
b11001 '
b11001 (
b11000 &
0$
#10330000
b11010 #
b11010 '
b11010 (
b11001 &
0$
#10331000
b11011 #
b11011 '
b11011 (
b11010 &
0$
#10332000
b11100 #
b11100 '
b11100 (
b11011 &
0$
#10333000
b11101 #
b11101 '
b11101 (
b11100 &
0$
#10334000
b11110 #
b11110 '
b11110 (
b11101 &
0$
#10335000
b11111 #
b11111 '
b11111 (
b11110 &
0$
#10336000
b0 #
b0 '
b0 (
b11111 &
0$
#10337000
b1 #
b1 '
b1 (
b0 &
0$
#10338000
b10 #
b10 '
b10 (
b1 &
0$
#10339000
b11 #
b11 '
b11 (
b10 &
0$
#10340000
b100 #
b100 '
b100 (
b11 &
0$
#10341000
b101 #
b101 '
b101 (
b100 &
0$
#10342000
b110 #
b110 '
b110 (
b101 &
0$
#10343000
b111 #
b111 '
b111 (
b110 &
0$
#10344000
b1000 #
b1000 '
b1000 (
b111 &
0$
#10345000
b1001 #
b1001 '
b1001 (
b1000 &
0$
#10346000
b1010 #
b1010 '
b1010 (
b1001 &
0$
#10347000
b1011 #
b1011 '
b1011 (
b1010 &
0$
#10348000
b1100 #
b1100 '
b1100 (
b1011 &
0$
#10349000
b1101 #
b1101 '
b1101 (
b1100 &
0$
#10350000
b1110 #
b1110 '
b1110 (
b1101 &
0$
#10351000
b1111 #
b1111 '
b1111 (
b1110 &
0$
#10352000
b10000 #
b10000 '
b10000 (
b1111 &
0$
#10353000
b10001 #
b10001 '
b10001 (
b10000 &
0$
#10354000
b10010 #
b10010 '
b10010 (
b10001 &
0$
#10355000
b10011 #
b10011 '
b10011 (
b10010 &
0$
#10356000
b10100 #
b10100 '
b10100 (
b10011 &
0$
#10357000
b10101 #
b10101 '
b10101 (
b10100 &
0$
#10358000
b10110 #
b10110 '
b10110 (
b10101 &
0$
#10359000
b10111 #
b10111 '
b10111 (
b10110 &
0$
#10360000
b11000 #
b11000 '
b11000 (
b10111 &
0$
#10361000
b11001 #
b11001 '
b11001 (
b11000 &
0$
#10362000
b11010 #
b11010 '
b11010 (
b11001 &
0$
#10363000
b11011 #
b11011 '
b11011 (
b11010 &
0$
#10364000
b11100 #
b11100 '
b11100 (
b11011 &
0$
#10365000
b11101 #
b11101 '
b11101 (
b11100 &
0$
#10366000
b11110 #
b11110 '
b11110 (
b11101 &
0$
#10367000
b11111 #
b11111 '
b11111 (
b11110 &
0$
#10368000
b0 #
b0 '
b0 (
b11111 &
0$
#10369000
b1 #
b1 '
b1 (
b0 &
0$
#10370000
b10 #
b10 '
b10 (
b1 &
0$
#10371000
b11 #
b11 '
b11 (
b10 &
0$
#10372000
b100 #
b100 '
b100 (
b11 &
0$
#10373000
b101 #
b101 '
b101 (
b100 &
0$
#10374000
b110 #
b110 '
b110 (
b101 &
0$
#10375000
b111 #
b111 '
b111 (
b110 &
0$
#10376000
b1000 #
b1000 '
b1000 (
b111 &
0$
#10377000
b1001 #
b1001 '
b1001 (
b1000 &
0$
#10378000
b1010 #
b1010 '
b1010 (
b1001 &
0$
#10379000
b1011 #
b1011 '
b1011 (
b1010 &
0$
#10380000
b1100 #
b1100 '
b1100 (
b1011 &
0$
#10381000
b1101 #
b1101 '
b1101 (
b1100 &
0$
#10382000
b1110 #
b1110 '
b1110 (
b1101 &
0$
#10383000
b1111 #
b1111 '
b1111 (
b1110 &
0$
#10384000
b10000 #
b10000 '
b10000 (
b1111 &
0$
#10385000
b10001 #
b10001 '
b10001 (
b10000 &
0$
#10386000
b10010 #
b10010 '
b10010 (
b10001 &
0$
#10387000
b10011 #
b10011 '
b10011 (
b10010 &
0$
#10388000
b10100 #
b10100 '
b10100 (
b10011 &
0$
#10389000
b10101 #
b10101 '
b10101 (
b10100 &
0$
#10390000
b10110 #
b10110 '
b10110 (
b10101 &
0$
#10391000
b10111 #
b10111 '
b10111 (
b10110 &
0$
#10392000
b11000 #
b11000 '
b11000 (
b10111 &
0$
#10393000
b11001 #
b11001 '
b11001 (
b11000 &
0$
#10394000
b11010 #
b11010 '
b11010 (
b11001 &
0$
#10395000
b11011 #
b11011 '
b11011 (
b11010 &
0$
#10396000
b11100 #
b11100 '
b11100 (
b11011 &
0$
#10397000
b11101 #
b11101 '
b11101 (
b11100 &
0$
#10398000
b11110 #
b11110 '
b11110 (
b11101 &
0$
#10399000
b11111 #
b11111 '
b11111 (
b11110 &
0$
#10400000
b0 #
b0 '
b0 (
b11111 &
0$
#10401000
b1 #
b1 '
b1 (
b0 &
0$
#10402000
b10 #
b10 '
b10 (
b1 &
0$
#10403000
b11 #
b11 '
b11 (
b10 &
0$
#10404000
b100 #
b100 '
b100 (
b11 &
0$
#10405000
b101 #
b101 '
b101 (
b100 &
0$
#10406000
b110 #
b110 '
b110 (
b101 &
0$
#10407000
b111 #
b111 '
b111 (
b110 &
0$
#10408000
b1000 #
b1000 '
b1000 (
b111 &
0$
#10409000
b1001 #
b1001 '
b1001 (
b1000 &
0$
#10410000
b1010 #
b1010 '
b1010 (
b1001 &
0$
#10411000
b1011 #
b1011 '
b1011 (
b1010 &
0$
#10412000
b1100 #
b1100 '
b1100 (
b1011 &
0$
#10413000
b1101 #
b1101 '
b1101 (
b1100 &
0$
#10414000
b1110 #
b1110 '
b1110 (
b1101 &
0$
#10415000
b1111 #
b1111 '
b1111 (
b1110 &
0$
#10416000
b10000 #
b10000 '
b10000 (
b1111 &
0$
#10417000
b10001 #
b10001 '
b10001 (
b10000 &
0$
#10418000
b10010 #
b10010 '
b10010 (
b10001 &
0$
#10419000
b10011 #
b10011 '
b10011 (
b10010 &
0$
#10420000
b10100 #
b10100 '
b10100 (
b10011 &
0$
#10421000
b10101 #
b10101 '
b10101 (
b10100 &
0$
#10422000
b10110 #
b10110 '
b10110 (
b10101 &
0$
#10423000
b10111 #
b10111 '
b10111 (
b10110 &
0$
#10424000
b11000 #
b11000 '
b11000 (
b10111 &
0$
#10425000
b11001 #
b11001 '
b11001 (
b11000 &
0$
#10426000
b11010 #
b11010 '
b11010 (
b11001 &
0$
#10427000
b11011 #
b11011 '
b11011 (
b11010 &
0$
#10428000
b11100 #
b11100 '
b11100 (
b11011 &
0$
#10429000
b11101 #
b11101 '
b11101 (
b11100 &
0$
#10430000
b11110 #
b11110 '
b11110 (
b11101 &
0$
#10431000
b11111 #
b11111 '
b11111 (
b11110 &
0$
#10432000
b0 #
b0 '
b0 (
b11111 &
0$
#10433000
b1 #
b1 '
b1 (
b0 &
0$
#10434000
b10 #
b10 '
b10 (
b1 &
0$
#10435000
b11 #
b11 '
b11 (
b10 &
0$
#10436000
b100 #
b100 '
b100 (
b11 &
0$
#10437000
b101 #
b101 '
b101 (
b100 &
0$
#10438000
b110 #
b110 '
b110 (
b101 &
0$
#10439000
b111 #
b111 '
b111 (
b110 &
0$
#10440000
b1000 #
b1000 '
b1000 (
b111 &
0$
#10441000
b1001 #
b1001 '
b1001 (
b1000 &
0$
#10442000
b1010 #
b1010 '
b1010 (
b1001 &
0$
#10443000
b1011 #
b1011 '
b1011 (
b1010 &
0$
#10444000
b1100 #
b1100 '
b1100 (
b1011 &
0$
#10445000
b1101 #
b1101 '
b1101 (
b1100 &
0$
#10446000
b1110 #
b1110 '
b1110 (
b1101 &
0$
#10447000
b1111 #
b1111 '
b1111 (
b1110 &
0$
#10448000
b10000 #
b10000 '
b10000 (
b1111 &
0$
#10449000
b10001 #
b10001 '
b10001 (
b10000 &
0$
#10450000
b10010 #
b10010 '
b10010 (
b10001 &
0$
#10451000
b10011 #
b10011 '
b10011 (
b10010 &
0$
#10452000
b10100 #
b10100 '
b10100 (
b10011 &
0$
#10453000
b10101 #
b10101 '
b10101 (
b10100 &
0$
#10454000
b10110 #
b10110 '
b10110 (
b10101 &
0$
#10455000
b10111 #
b10111 '
b10111 (
b10110 &
0$
#10456000
b11000 #
b11000 '
b11000 (
b10111 &
0$
#10457000
b11001 #
b11001 '
b11001 (
b11000 &
0$
#10458000
b11010 #
b11010 '
b11010 (
b11001 &
0$
#10459000
b11011 #
b11011 '
b11011 (
b11010 &
0$
#10460000
b11100 #
b11100 '
b11100 (
b11011 &
0$
#10461000
b11101 #
b11101 '
b11101 (
b11100 &
0$
#10462000
b11110 #
b11110 '
b11110 (
b11101 &
0$
#10463000
b11111 #
b11111 '
b11111 (
b11110 &
0$
#10464000
b0 #
b0 '
b0 (
b11111 &
0$
#10465000
b1 #
b1 '
b1 (
b0 &
0$
#10466000
b10 #
b10 '
b10 (
b1 &
0$
#10467000
b11 #
b11 '
b11 (
b10 &
0$
#10468000
b100 #
b100 '
b100 (
b11 &
0$
#10469000
b101 #
b101 '
b101 (
b100 &
0$
#10470000
b110 #
b110 '
b110 (
b101 &
0$
#10471000
b111 #
b111 '
b111 (
b110 &
0$
#10472000
b1000 #
b1000 '
b1000 (
b111 &
0$
#10473000
b1001 #
b1001 '
b1001 (
b1000 &
0$
#10474000
b1010 #
b1010 '
b1010 (
b1001 &
0$
#10475000
b1011 #
b1011 '
b1011 (
b1010 &
0$
#10476000
b1100 #
b1100 '
b1100 (
b1011 &
0$
#10477000
b1101 #
b1101 '
b1101 (
b1100 &
0$
#10478000
b1110 #
b1110 '
b1110 (
b1101 &
0$
#10479000
b1111 #
b1111 '
b1111 (
b1110 &
0$
#10480000
b10000 #
b10000 '
b10000 (
b1111 &
0$
#10481000
b10001 #
b10001 '
b10001 (
b10000 &
0$
#10482000
b10010 #
b10010 '
b10010 (
b10001 &
0$
#10483000
b10011 #
b10011 '
b10011 (
b10010 &
0$
#10484000
b10100 #
b10100 '
b10100 (
b10011 &
0$
#10485000
b10101 #
b10101 '
b10101 (
b10100 &
0$
#10486000
b10110 #
b10110 '
b10110 (
b10101 &
0$
#10487000
b10111 #
b10111 '
b10111 (
b10110 &
0$
#10488000
b11000 #
b11000 '
b11000 (
b10111 &
0$
#10489000
b11001 #
b11001 '
b11001 (
b11000 &
0$
#10490000
b11010 #
b11010 '
b11010 (
b11001 &
0$
#10491000
b11011 #
b11011 '
b11011 (
b11010 &
0$
#10492000
b11100 #
b11100 '
b11100 (
b11011 &
0$
#10493000
b11101 #
b11101 '
b11101 (
b11100 &
0$
#10494000
b11110 #
b11110 '
b11110 (
b11101 &
0$
#10495000
b11111 #
b11111 '
b11111 (
b11110 &
0$
#10496000
b0 #
b0 '
b0 (
b11111 &
0$
#10497000
b1 #
b1 '
b1 (
b0 &
0$
#10498000
b10 #
b10 '
b10 (
b1 &
0$
#10499000
b11 #
b11 '
b11 (
b10 &
0$
#10500000
b100 #
b100 '
b100 (
b11 &
0$
#10501000
b101 #
b101 '
b101 (
b100 &
0$
#10502000
b110 #
b110 '
b110 (
b101 &
0$
#10503000
b111 #
b111 '
b111 (
b110 &
0$
#10504000
b1000 #
b1000 '
b1000 (
b111 &
0$
#10505000
b1001 #
b1001 '
b1001 (
b1000 &
0$
#10506000
b1010 #
b1010 '
b1010 (
b1001 &
0$
#10507000
b1011 #
b1011 '
b1011 (
b1010 &
0$
#10508000
b1100 #
b1100 '
b1100 (
b1011 &
0$
#10509000
b1101 #
b1101 '
b1101 (
b1100 &
0$
#10510000
b1110 #
b1110 '
b1110 (
b1101 &
0$
#10511000
b1111 #
b1111 '
b1111 (
b1110 &
0$
#10512000
b10000 #
b10000 '
b10000 (
b1111 &
0$
#10513000
b10001 #
b10001 '
b10001 (
b10000 &
0$
#10514000
b10010 #
b10010 '
b10010 (
b10001 &
0$
#10515000
b10011 #
b10011 '
b10011 (
b10010 &
0$
#10516000
b10100 #
b10100 '
b10100 (
b10011 &
0$
#10517000
b10101 #
b10101 '
b10101 (
b10100 &
0$
#10518000
b10110 #
b10110 '
b10110 (
b10101 &
0$
#10519000
b10111 #
b10111 '
b10111 (
b10110 &
0$
#10520000
b11000 #
b11000 '
b11000 (
b10111 &
0$
#10521000
b11001 #
b11001 '
b11001 (
b11000 &
0$
#10522000
b11010 #
b11010 '
b11010 (
b11001 &
0$
#10523000
b11011 #
b11011 '
b11011 (
b11010 &
0$
#10524000
b11100 #
b11100 '
b11100 (
b11011 &
0$
#10525000
b11101 #
b11101 '
b11101 (
b11100 &
0$
#10526000
b11110 #
b11110 '
b11110 (
b11101 &
0$
#10527000
b11111 #
b11111 '
b11111 (
b11110 &
0$
#10528000
b0 #
b0 '
b0 (
b11111 &
0$
#10529000
b1 #
b1 '
b1 (
b0 &
0$
#10530000
b10 #
b10 '
b10 (
b1 &
0$
#10531000
b11 #
b11 '
b11 (
b10 &
0$
#10532000
b100 #
b100 '
b100 (
b11 &
0$
#10533000
b101 #
b101 '
b101 (
b100 &
0$
#10534000
b110 #
b110 '
b110 (
b101 &
0$
#10535000
b111 #
b111 '
b111 (
b110 &
0$
#10536000
b1000 #
b1000 '
b1000 (
b111 &
0$
#10537000
b1001 #
b1001 '
b1001 (
b1000 &
0$
#10538000
b1010 #
b1010 '
b1010 (
b1001 &
0$
#10539000
b1011 #
b1011 '
b1011 (
b1010 &
0$
#10540000
b1100 #
b1100 '
b1100 (
b1011 &
0$
#10541000
b1101 #
b1101 '
b1101 (
b1100 &
0$
#10542000
b1110 #
b1110 '
b1110 (
b1101 &
0$
#10543000
b1111 #
b1111 '
b1111 (
b1110 &
0$
#10544000
b10000 #
b10000 '
b10000 (
b1111 &
0$
#10545000
b10001 #
b10001 '
b10001 (
b10000 &
0$
#10546000
b10010 #
b10010 '
b10010 (
b10001 &
0$
#10547000
b10011 #
b10011 '
b10011 (
b10010 &
0$
#10548000
b10100 #
b10100 '
b10100 (
b10011 &
0$
#10549000
b10101 #
b10101 '
b10101 (
b10100 &
0$
#10550000
b10110 #
b10110 '
b10110 (
b10101 &
0$
#10551000
b10111 #
b10111 '
b10111 (
b10110 &
0$
#10552000
b11000 #
b11000 '
b11000 (
b10111 &
0$
#10553000
b11001 #
b11001 '
b11001 (
b11000 &
0$
#10554000
b11010 #
b11010 '
b11010 (
b11001 &
0$
#10555000
b11011 #
b11011 '
b11011 (
b11010 &
0$
#10556000
b11100 #
b11100 '
b11100 (
b11011 &
0$
#10557000
b11101 #
b11101 '
b11101 (
b11100 &
0$
#10558000
b11110 #
b11110 '
b11110 (
b11101 &
0$
#10559000
b11111 #
b11111 '
b11111 (
b11110 &
0$
#10560000
b0 #
b0 '
b0 (
b11111 &
0$
#10561000
b1 #
b1 '
b1 (
b0 &
0$
#10562000
b10 #
b10 '
b10 (
b1 &
0$
#10563000
b11 #
b11 '
b11 (
b10 &
0$
#10564000
b100 #
b100 '
b100 (
b11 &
0$
#10565000
b101 #
b101 '
b101 (
b100 &
0$
#10566000
b110 #
b110 '
b110 (
b101 &
0$
#10567000
b111 #
b111 '
b111 (
b110 &
0$
#10568000
b1000 #
b1000 '
b1000 (
b111 &
0$
#10569000
b1001 #
b1001 '
b1001 (
b1000 &
0$
#10570000
b1010 #
b1010 '
b1010 (
b1001 &
0$
#10571000
b1011 #
b1011 '
b1011 (
b1010 &
0$
#10572000
b1100 #
b1100 '
b1100 (
b1011 &
0$
#10573000
b1101 #
b1101 '
b1101 (
b1100 &
0$
#10574000
b1110 #
b1110 '
b1110 (
b1101 &
0$
#10575000
b1111 #
b1111 '
b1111 (
b1110 &
0$
#10576000
b10000 #
b10000 '
b10000 (
b1111 &
0$
#10577000
b10001 #
b10001 '
b10001 (
b10000 &
0$
#10578000
b10010 #
b10010 '
b10010 (
b10001 &
0$
#10579000
b10011 #
b10011 '
b10011 (
b10010 &
0$
#10580000
b10100 #
b10100 '
b10100 (
b10011 &
0$
#10581000
b10101 #
b10101 '
b10101 (
b10100 &
0$
#10582000
b10110 #
b10110 '
b10110 (
b10101 &
0$
#10583000
b10111 #
b10111 '
b10111 (
b10110 &
0$
#10584000
b11000 #
b11000 '
b11000 (
b10111 &
0$
#10585000
b11001 #
b11001 '
b11001 (
b11000 &
0$
#10586000
b11010 #
b11010 '
b11010 (
b11001 &
0$
#10587000
b11011 #
b11011 '
b11011 (
b11010 &
0$
#10588000
b11100 #
b11100 '
b11100 (
b11011 &
0$
#10589000
b11101 #
b11101 '
b11101 (
b11100 &
0$
#10590000
b11110 #
b11110 '
b11110 (
b11101 &
0$
#10591000
b11111 #
b11111 '
b11111 (
b11110 &
0$
#10592000
b0 #
b0 '
b0 (
b11111 &
0$
#10593000
b1 #
b1 '
b1 (
b0 &
0$
#10594000
b10 #
b10 '
b10 (
b1 &
0$
#10595000
b11 #
b11 '
b11 (
b10 &
0$
#10596000
b100 #
b100 '
b100 (
b11 &
0$
#10597000
b101 #
b101 '
b101 (
b100 &
0$
#10598000
b110 #
b110 '
b110 (
b101 &
0$
#10599000
b111 #
b111 '
b111 (
b110 &
0$
#10600000
b1000 #
b1000 '
b1000 (
b111 &
0$
#10601000
b1001 #
b1001 '
b1001 (
b1000 &
0$
#10602000
b1010 #
b1010 '
b1010 (
b1001 &
0$
#10603000
b1011 #
b1011 '
b1011 (
b1010 &
0$
#10604000
b1100 #
b1100 '
b1100 (
b1011 &
0$
#10605000
b1101 #
b1101 '
b1101 (
b1100 &
0$
#10606000
b1110 #
b1110 '
b1110 (
b1101 &
0$
#10607000
b1111 #
b1111 '
b1111 (
b1110 &
0$
#10608000
b10000 #
b10000 '
b10000 (
b1111 &
0$
#10609000
b10001 #
b10001 '
b10001 (
b10000 &
0$
#10610000
b10010 #
b10010 '
b10010 (
b10001 &
0$
#10611000
b10011 #
b10011 '
b10011 (
b10010 &
0$
#10612000
b10100 #
b10100 '
b10100 (
b10011 &
0$
#10613000
b10101 #
b10101 '
b10101 (
b10100 &
0$
#10614000
b10110 #
b10110 '
b10110 (
b10101 &
0$
#10615000
b10111 #
b10111 '
b10111 (
b10110 &
0$
#10616000
b11000 #
b11000 '
b11000 (
b10111 &
0$
#10617000
b11001 #
b11001 '
b11001 (
b11000 &
0$
#10618000
b11010 #
b11010 '
b11010 (
b11001 &
0$
#10619000
b11011 #
b11011 '
b11011 (
b11010 &
0$
#10620000
b11100 #
b11100 '
b11100 (
b11011 &
0$
#10621000
b11101 #
b11101 '
b11101 (
b11100 &
0$
#10622000
b11110 #
b11110 '
b11110 (
b11101 &
0$
#10623000
b11111 #
b11111 '
b11111 (
b11110 &
0$
#10624000
b0 #
b0 '
b0 (
b11111 &
0$
#10625000
b1 #
b1 '
b1 (
b0 &
0$
#10626000
b10 #
b10 '
b10 (
b1 &
0$
#10627000
b11 #
b11 '
b11 (
b10 &
0$
#10628000
b100 #
b100 '
b100 (
b11 &
0$
#10629000
b101 #
b101 '
b101 (
b100 &
0$
#10630000
b110 #
b110 '
b110 (
b101 &
0$
#10631000
b111 #
b111 '
b111 (
b110 &
0$
#10632000
b1000 #
b1000 '
b1000 (
b111 &
0$
#10633000
b1001 #
b1001 '
b1001 (
b1000 &
0$
#10634000
b1010 #
b1010 '
b1010 (
b1001 &
0$
#10635000
b1011 #
b1011 '
b1011 (
b1010 &
0$
#10636000
b1100 #
b1100 '
b1100 (
b1011 &
0$
#10637000
b1101 #
b1101 '
b1101 (
b1100 &
0$
#10638000
b1110 #
b1110 '
b1110 (
b1101 &
0$
#10639000
b1111 #
b1111 '
b1111 (
b1110 &
0$
#10640000
b10000 #
b10000 '
b10000 (
b1111 &
0$
#10641000
b10001 #
b10001 '
b10001 (
b10000 &
0$
#10642000
b10010 #
b10010 '
b10010 (
b10001 &
0$
#10643000
b10011 #
b10011 '
b10011 (
b10010 &
0$
#10644000
b10100 #
b10100 '
b10100 (
b10011 &
0$
#10645000
b10101 #
b10101 '
b10101 (
b10100 &
0$
#10646000
b10110 #
b10110 '
b10110 (
b10101 &
0$
#10647000
b10111 #
b10111 '
b10111 (
b10110 &
0$
#10648000
b11000 #
b11000 '
b11000 (
b10111 &
0$
#10649000
b11001 #
b11001 '
b11001 (
b11000 &
0$
#10650000
b11010 #
b11010 '
b11010 (
b11001 &
0$
#10651000
b11011 #
b11011 '
b11011 (
b11010 &
0$
#10652000
b11100 #
b11100 '
b11100 (
b11011 &
0$
#10653000
b11101 #
b11101 '
b11101 (
b11100 &
0$
#10654000
b11110 #
b11110 '
b11110 (
b11101 &
0$
#10655000
b11111 #
b11111 '
b11111 (
b11110 &
0$
#10656000
b0 #
b0 '
b0 (
b11111 &
0$
#10657000
b1 #
b1 '
b1 (
b0 &
0$
#10658000
b10 #
b10 '
b10 (
b1 &
0$
#10659000
b11 #
b11 '
b11 (
b10 &
0$
#10660000
b100 #
b100 '
b100 (
b11 &
0$
#10661000
b101 #
b101 '
b101 (
b100 &
0$
#10662000
b110 #
b110 '
b110 (
b101 &
0$
#10663000
b111 #
b111 '
b111 (
b110 &
0$
#10664000
b1000 #
b1000 '
b1000 (
b111 &
0$
#10665000
b1001 #
b1001 '
b1001 (
b1000 &
0$
#10666000
b1010 #
b1010 '
b1010 (
b1001 &
0$
#10667000
b1011 #
b1011 '
b1011 (
b1010 &
0$
#10668000
b1100 #
b1100 '
b1100 (
b1011 &
0$
#10669000
b1101 #
b1101 '
b1101 (
b1100 &
0$
#10670000
b1110 #
b1110 '
b1110 (
b1101 &
0$
#10671000
b1111 #
b1111 '
b1111 (
b1110 &
0$
#10672000
b10000 #
b10000 '
b10000 (
b1111 &
0$
#10673000
b10001 #
b10001 '
b10001 (
b10000 &
0$
#10674000
b10010 #
b10010 '
b10010 (
b10001 &
0$
#10675000
b10011 #
b10011 '
b10011 (
b10010 &
0$
#10676000
b10100 #
b10100 '
b10100 (
b10011 &
0$
#10677000
b10101 #
b10101 '
b10101 (
b10100 &
0$
#10678000
b10110 #
b10110 '
b10110 (
b10101 &
0$
#10679000
b10111 #
b10111 '
b10111 (
b10110 &
0$
#10680000
b11000 #
b11000 '
b11000 (
b10111 &
0$
#10681000
b11001 #
b11001 '
b11001 (
b11000 &
0$
#10682000
b11010 #
b11010 '
b11010 (
b11001 &
0$
#10683000
b11011 #
b11011 '
b11011 (
b11010 &
0$
#10684000
b11100 #
b11100 '
b11100 (
b11011 &
0$
#10685000
b11101 #
b11101 '
b11101 (
b11100 &
0$
#10686000
b11110 #
b11110 '
b11110 (
b11101 &
0$
#10687000
b11111 #
b11111 '
b11111 (
b11110 &
0$
#10688000
b0 #
b0 '
b0 (
b11111 &
0$
#10689000
b1 #
b1 '
b1 (
b0 &
0$
#10690000
b10 #
b10 '
b10 (
b1 &
0$
#10691000
b11 #
b11 '
b11 (
b10 &
0$
#10692000
b100 #
b100 '
b100 (
b11 &
0$
#10693000
b101 #
b101 '
b101 (
b100 &
0$
#10694000
b110 #
b110 '
b110 (
b101 &
0$
#10695000
b111 #
b111 '
b111 (
b110 &
0$
#10696000
b1000 #
b1000 '
b1000 (
b111 &
0$
#10697000
b1001 #
b1001 '
b1001 (
b1000 &
0$
#10698000
b1010 #
b1010 '
b1010 (
b1001 &
0$
#10699000
b1011 #
b1011 '
b1011 (
b1010 &
0$
#10700000
b1100 #
b1100 '
b1100 (
b1011 &
0$
#10701000
b1101 #
b1101 '
b1101 (
b1100 &
0$
#10702000
b1110 #
b1110 '
b1110 (
b1101 &
0$
#10703000
b1111 #
b1111 '
b1111 (
b1110 &
0$
#10704000
b10000 #
b10000 '
b10000 (
b1111 &
0$
#10705000
b10001 #
b10001 '
b10001 (
b10000 &
0$
#10706000
b10010 #
b10010 '
b10010 (
b10001 &
0$
#10707000
b10011 #
b10011 '
b10011 (
b10010 &
0$
#10708000
b10100 #
b10100 '
b10100 (
b10011 &
0$
#10709000
b10101 #
b10101 '
b10101 (
b10100 &
0$
#10710000
b10110 #
b10110 '
b10110 (
b10101 &
0$
#10711000
b10111 #
b10111 '
b10111 (
b10110 &
0$
#10712000
b11000 #
b11000 '
b11000 (
b10111 &
0$
#10713000
b11001 #
b11001 '
b11001 (
b11000 &
0$
#10714000
b11010 #
b11010 '
b11010 (
b11001 &
0$
#10715000
b11011 #
b11011 '
b11011 (
b11010 &
0$
#10716000
b11100 #
b11100 '
b11100 (
b11011 &
0$
#10717000
b11101 #
b11101 '
b11101 (
b11100 &
0$
#10718000
b11110 #
b11110 '
b11110 (
b11101 &
0$
#10719000
b11111 #
b11111 '
b11111 (
b11110 &
0$
#10720000
b0 #
b0 '
b0 (
b11111 &
0$
#10721000
b1 #
b1 '
b1 (
b0 &
0$
#10722000
b10 #
b10 '
b10 (
b1 &
0$
#10723000
b11 #
b11 '
b11 (
b10 &
0$
#10724000
b100 #
b100 '
b100 (
b11 &
0$
#10725000
b101 #
b101 '
b101 (
b100 &
0$
#10726000
b110 #
b110 '
b110 (
b101 &
0$
#10727000
b111 #
b111 '
b111 (
b110 &
0$
#10728000
b1000 #
b1000 '
b1000 (
b111 &
0$
#10729000
b1001 #
b1001 '
b1001 (
b1000 &
0$
#10730000
b1010 #
b1010 '
b1010 (
b1001 &
0$
#10731000
b1011 #
b1011 '
b1011 (
b1010 &
0$
#10732000
b1100 #
b1100 '
b1100 (
b1011 &
0$
#10733000
b1101 #
b1101 '
b1101 (
b1100 &
0$
#10734000
b1110 #
b1110 '
b1110 (
b1101 &
0$
#10735000
b1111 #
b1111 '
b1111 (
b1110 &
0$
#10736000
b10000 #
b10000 '
b10000 (
b1111 &
0$
#10737000
b10001 #
b10001 '
b10001 (
b10000 &
0$
#10738000
b10010 #
b10010 '
b10010 (
b10001 &
0$
#10739000
b10011 #
b10011 '
b10011 (
b10010 &
0$
#10740000
b10100 #
b10100 '
b10100 (
b10011 &
0$
#10741000
b10101 #
b10101 '
b10101 (
b10100 &
0$
#10742000
b10110 #
b10110 '
b10110 (
b10101 &
0$
#10743000
b10111 #
b10111 '
b10111 (
b10110 &
0$
#10744000
b11000 #
b11000 '
b11000 (
b10111 &
0$
#10745000
b11001 #
b11001 '
b11001 (
b11000 &
0$
#10746000
b11010 #
b11010 '
b11010 (
b11001 &
0$
#10747000
b11011 #
b11011 '
b11011 (
b11010 &
0$
#10748000
b11100 #
b11100 '
b11100 (
b11011 &
0$
#10749000
b11101 #
b11101 '
b11101 (
b11100 &
0$
#10750000
b11110 #
b11110 '
b11110 (
b11101 &
0$
#10751000
b11111 #
b11111 '
b11111 (
b11110 &
0$
#10752000
b0 #
b0 '
b0 (
b11111 &
0$
#10753000
b1 #
b1 '
b1 (
b0 &
0$
#10754000
b10 #
b10 '
b10 (
b1 &
0$
#10755000
b11 #
b11 '
b11 (
b10 &
0$
#10756000
b100 #
b100 '
b100 (
b11 &
0$
#10757000
b101 #
b101 '
b101 (
b100 &
0$
#10758000
b110 #
b110 '
b110 (
b101 &
0$
#10759000
b111 #
b111 '
b111 (
b110 &
0$
#10760000
b1000 #
b1000 '
b1000 (
b111 &
0$
#10761000
b1001 #
b1001 '
b1001 (
b1000 &
0$
#10762000
b1010 #
b1010 '
b1010 (
b1001 &
0$
#10763000
b1011 #
b1011 '
b1011 (
b1010 &
0$
#10764000
b1100 #
b1100 '
b1100 (
b1011 &
0$
#10765000
b1101 #
b1101 '
b1101 (
b1100 &
0$
#10766000
b1110 #
b1110 '
b1110 (
b1101 &
0$
#10767000
b1111 #
b1111 '
b1111 (
b1110 &
0$
#10768000
b10000 #
b10000 '
b10000 (
b1111 &
0$
#10769000
b10001 #
b10001 '
b10001 (
b10000 &
0$
#10770000
b10010 #
b10010 '
b10010 (
b10001 &
0$
#10771000
b10011 #
b10011 '
b10011 (
b10010 &
0$
#10772000
b10100 #
b10100 '
b10100 (
b10011 &
0$
#10773000
b10101 #
b10101 '
b10101 (
b10100 &
0$
#10774000
b10110 #
b10110 '
b10110 (
b10101 &
0$
#10775000
b10111 #
b10111 '
b10111 (
b10110 &
0$
#10776000
b11000 #
b11000 '
b11000 (
b10111 &
0$
#10777000
b11001 #
b11001 '
b11001 (
b11000 &
0$
#10778000
b11010 #
b11010 '
b11010 (
b11001 &
0$
#10779000
b11011 #
b11011 '
b11011 (
b11010 &
0$
#10780000
b11100 #
b11100 '
b11100 (
b11011 &
0$
#10781000
b11101 #
b11101 '
b11101 (
b11100 &
0$
#10782000
b11110 #
b11110 '
b11110 (
b11101 &
0$
#10783000
b11111 #
b11111 '
b11111 (
b11110 &
0$
#10784000
b0 #
b0 '
b0 (
b11111 &
0$
#10785000
b1 #
b1 '
b1 (
b0 &
0$
#10786000
b10 #
b10 '
b10 (
b1 &
0$
#10787000
b11 #
b11 '
b11 (
b10 &
0$
#10788000
b100 #
b100 '
b100 (
b11 &
0$
#10789000
b101 #
b101 '
b101 (
b100 &
0$
#10790000
b110 #
b110 '
b110 (
b101 &
0$
#10791000
b111 #
b111 '
b111 (
b110 &
0$
#10792000
b1000 #
b1000 '
b1000 (
b111 &
0$
#10793000
b1001 #
b1001 '
b1001 (
b1000 &
0$
#10794000
b1010 #
b1010 '
b1010 (
b1001 &
0$
#10795000
b1011 #
b1011 '
b1011 (
b1010 &
0$
#10796000
b1100 #
b1100 '
b1100 (
b1011 &
0$
#10797000
b1101 #
b1101 '
b1101 (
b1100 &
0$
#10798000
b1110 #
b1110 '
b1110 (
b1101 &
0$
#10799000
b1111 #
b1111 '
b1111 (
b1110 &
0$
#10800000
b10000 #
b10000 '
b10000 (
b1111 &
0$
#10801000
b10001 #
b10001 '
b10001 (
b10000 &
0$
#10802000
b10010 #
b10010 '
b10010 (
b10001 &
0$
#10803000
b10011 #
b10011 '
b10011 (
b10010 &
0$
#10804000
b10100 #
b10100 '
b10100 (
b10011 &
0$
#10805000
b10101 #
b10101 '
b10101 (
b10100 &
0$
#10806000
b10110 #
b10110 '
b10110 (
b10101 &
0$
#10807000
b10111 #
b10111 '
b10111 (
b10110 &
0$
#10808000
b11000 #
b11000 '
b11000 (
b10111 &
0$
#10809000
b11001 #
b11001 '
b11001 (
b11000 &
0$
#10810000
b11010 #
b11010 '
b11010 (
b11001 &
0$
#10811000
b11011 #
b11011 '
b11011 (
b11010 &
0$
#10812000
b11100 #
b11100 '
b11100 (
b11011 &
0$
#10813000
b11101 #
b11101 '
b11101 (
b11100 &
0$
#10814000
b11110 #
b11110 '
b11110 (
b11101 &
0$
#10815000
b11111 #
b11111 '
b11111 (
b11110 &
0$
#10816000
b0 #
b0 '
b0 (
b11111 &
0$
#10817000
b1 #
b1 '
b1 (
b0 &
0$
#10818000
b10 #
b10 '
b10 (
b1 &
0$
#10819000
b11 #
b11 '
b11 (
b10 &
0$
#10820000
b100 #
b100 '
b100 (
b11 &
0$
#10821000
b101 #
b101 '
b101 (
b100 &
0$
#10822000
b110 #
b110 '
b110 (
b101 &
0$
#10823000
b111 #
b111 '
b111 (
b110 &
0$
#10824000
b1000 #
b1000 '
b1000 (
b111 &
0$
#10825000
b1001 #
b1001 '
b1001 (
b1000 &
0$
#10826000
b1010 #
b1010 '
b1010 (
b1001 &
0$
#10827000
b1011 #
b1011 '
b1011 (
b1010 &
0$
#10828000
b1100 #
b1100 '
b1100 (
b1011 &
0$
#10829000
b1101 #
b1101 '
b1101 (
b1100 &
0$
#10830000
b1110 #
b1110 '
b1110 (
b1101 &
0$
#10831000
b1111 #
b1111 '
b1111 (
b1110 &
0$
#10832000
b10000 #
b10000 '
b10000 (
b1111 &
0$
#10833000
b10001 #
b10001 '
b10001 (
b10000 &
0$
#10834000
b10010 #
b10010 '
b10010 (
b10001 &
0$
#10835000
b10011 #
b10011 '
b10011 (
b10010 &
0$
#10836000
b10100 #
b10100 '
b10100 (
b10011 &
0$
#10837000
b10101 #
b10101 '
b10101 (
b10100 &
0$
#10838000
b10110 #
b10110 '
b10110 (
b10101 &
0$
#10839000
b10111 #
b10111 '
b10111 (
b10110 &
0$
#10840000
b11000 #
b11000 '
b11000 (
b10111 &
0$
#10841000
b11001 #
b11001 '
b11001 (
b11000 &
0$
#10842000
b11010 #
b11010 '
b11010 (
b11001 &
0$
#10843000
b11011 #
b11011 '
b11011 (
b11010 &
0$
#10844000
b11100 #
b11100 '
b11100 (
b11011 &
0$
#10845000
b11101 #
b11101 '
b11101 (
b11100 &
0$
#10846000
b11110 #
b11110 '
b11110 (
b11101 &
0$
#10847000
b11111 #
b11111 '
b11111 (
b11110 &
0$
#10848000
b0 #
b0 '
b0 (
b11111 &
0$
#10849000
b1 #
b1 '
b1 (
b0 &
0$
#10850000
b10 #
b10 '
b10 (
b1 &
0$
#10851000
b11 #
b11 '
b11 (
b10 &
0$
#10852000
b100 #
b100 '
b100 (
b11 &
0$
#10853000
b101 #
b101 '
b101 (
b100 &
0$
#10854000
b110 #
b110 '
b110 (
b101 &
0$
#10855000
b111 #
b111 '
b111 (
b110 &
0$
#10856000
b1000 #
b1000 '
b1000 (
b111 &
0$
#10857000
b1001 #
b1001 '
b1001 (
b1000 &
0$
#10858000
b1010 #
b1010 '
b1010 (
b1001 &
0$
#10859000
b1011 #
b1011 '
b1011 (
b1010 &
0$
#10860000
b1100 #
b1100 '
b1100 (
b1011 &
0$
#10861000
b1101 #
b1101 '
b1101 (
b1100 &
0$
#10862000
b1110 #
b1110 '
b1110 (
b1101 &
0$
#10863000
b1111 #
b1111 '
b1111 (
b1110 &
0$
#10864000
b10000 #
b10000 '
b10000 (
b1111 &
0$
#10865000
b10001 #
b10001 '
b10001 (
b10000 &
0$
#10866000
b10010 #
b10010 '
b10010 (
b10001 &
0$
#10867000
b10011 #
b10011 '
b10011 (
b10010 &
0$
#10868000
b10100 #
b10100 '
b10100 (
b10011 &
0$
#10869000
b10101 #
b10101 '
b10101 (
b10100 &
0$
#10870000
b10110 #
b10110 '
b10110 (
b10101 &
0$
#10871000
b10111 #
b10111 '
b10111 (
b10110 &
0$
#10872000
b11000 #
b11000 '
b11000 (
b10111 &
0$
#10873000
b11001 #
b11001 '
b11001 (
b11000 &
0$
#10874000
b11010 #
b11010 '
b11010 (
b11001 &
0$
#10875000
b11011 #
b11011 '
b11011 (
b11010 &
0$
#10876000
b11100 #
b11100 '
b11100 (
b11011 &
0$
#10877000
b11101 #
b11101 '
b11101 (
b11100 &
0$
#10878000
b11110 #
b11110 '
b11110 (
b11101 &
0$
#10879000
b11111 #
b11111 '
b11111 (
b11110 &
0$
#10880000
b0 #
b0 '
b0 (
b11111 &
0$
#10881000
b1 #
b1 '
b1 (
b0 &
0$
#10882000
b10 #
b10 '
b10 (
b1 &
0$
#10883000
b11 #
b11 '
b11 (
b10 &
0$
#10884000
b100 #
b100 '
b100 (
b11 &
0$
#10885000
b101 #
b101 '
b101 (
b100 &
0$
#10886000
b110 #
b110 '
b110 (
b101 &
0$
#10887000
b111 #
b111 '
b111 (
b110 &
0$
#10888000
b1000 #
b1000 '
b1000 (
b111 &
0$
#10889000
b1001 #
b1001 '
b1001 (
b1000 &
0$
#10890000
b1010 #
b1010 '
b1010 (
b1001 &
0$
#10891000
b1011 #
b1011 '
b1011 (
b1010 &
0$
#10892000
b1100 #
b1100 '
b1100 (
b1011 &
0$
#10893000
b1101 #
b1101 '
b1101 (
b1100 &
0$
#10894000
b1110 #
b1110 '
b1110 (
b1101 &
0$
#10895000
b1111 #
b1111 '
b1111 (
b1110 &
0$
#10896000
b10000 #
b10000 '
b10000 (
b1111 &
0$
#10897000
b10001 #
b10001 '
b10001 (
b10000 &
0$
#10898000
b10010 #
b10010 '
b10010 (
b10001 &
0$
#10899000
b10011 #
b10011 '
b10011 (
b10010 &
0$
#10900000
b10100 #
b10100 '
b10100 (
b10011 &
0$
#10901000
b10101 #
b10101 '
b10101 (
b10100 &
0$
#10902000
b10110 #
b10110 '
b10110 (
b10101 &
0$
#10903000
b10111 #
b10111 '
b10111 (
b10110 &
0$
#10904000
b11000 #
b11000 '
b11000 (
b10111 &
0$
#10905000
b11001 #
b11001 '
b11001 (
b11000 &
0$
#10906000
b11010 #
b11010 '
b11010 (
b11001 &
0$
#10907000
b11011 #
b11011 '
b11011 (
b11010 &
0$
#10908000
b11100 #
b11100 '
b11100 (
b11011 &
0$
#10909000
b11101 #
b11101 '
b11101 (
b11100 &
0$
#10910000
b11110 #
b11110 '
b11110 (
b11101 &
0$
#10911000
b11111 #
b11111 '
b11111 (
b11110 &
0$
#10912000
b0 #
b0 '
b0 (
b11111 &
0$
#10913000
b1 #
b1 '
b1 (
b0 &
0$
#10914000
b10 #
b10 '
b10 (
b1 &
0$
#10915000
b11 #
b11 '
b11 (
b10 &
0$
#10916000
b100 #
b100 '
b100 (
b11 &
0$
#10917000
b101 #
b101 '
b101 (
b100 &
0$
#10918000
b110 #
b110 '
b110 (
b101 &
0$
#10919000
b111 #
b111 '
b111 (
b110 &
0$
#10920000
b1000 #
b1000 '
b1000 (
b111 &
0$
#10921000
b1001 #
b1001 '
b1001 (
b1000 &
0$
#10922000
b1010 #
b1010 '
b1010 (
b1001 &
0$
#10923000
b1011 #
b1011 '
b1011 (
b1010 &
0$
#10924000
b1100 #
b1100 '
b1100 (
b1011 &
0$
#10925000
b1101 #
b1101 '
b1101 (
b1100 &
0$
#10926000
b1110 #
b1110 '
b1110 (
b1101 &
0$
#10927000
b1111 #
b1111 '
b1111 (
b1110 &
0$
#10928000
b10000 #
b10000 '
b10000 (
b1111 &
0$
#10929000
b10001 #
b10001 '
b10001 (
b10000 &
0$
#10930000
b10010 #
b10010 '
b10010 (
b10001 &
0$
#10931000
b10011 #
b10011 '
b10011 (
b10010 &
0$
#10932000
b10100 #
b10100 '
b10100 (
b10011 &
0$
#10933000
b10101 #
b10101 '
b10101 (
b10100 &
0$
#10934000
b10110 #
b10110 '
b10110 (
b10101 &
0$
#10935000
b10111 #
b10111 '
b10111 (
b10110 &
0$
#10936000
b11000 #
b11000 '
b11000 (
b10111 &
0$
#10937000
b11001 #
b11001 '
b11001 (
b11000 &
0$
#10938000
b11010 #
b11010 '
b11010 (
b11001 &
0$
#10939000
b11011 #
b11011 '
b11011 (
b11010 &
0$
#10940000
b11100 #
b11100 '
b11100 (
b11011 &
0$
#10941000
b11101 #
b11101 '
b11101 (
b11100 &
0$
#10942000
b11110 #
b11110 '
b11110 (
b11101 &
0$
#10943000
b11111 #
b11111 '
b11111 (
b11110 &
0$
#10944000
b0 #
b0 '
b0 (
b11111 &
0$
#10945000
b1 #
b1 '
b1 (
b0 &
0$
#10946000
b10 #
b10 '
b10 (
b1 &
0$
#10947000
b11 #
b11 '
b11 (
b10 &
0$
#10948000
b100 #
b100 '
b100 (
b11 &
0$
#10949000
b101 #
b101 '
b101 (
b100 &
0$
#10950000
b110 #
b110 '
b110 (
b101 &
0$
#10951000
b111 #
b111 '
b111 (
b110 &
0$
#10952000
b1000 #
b1000 '
b1000 (
b111 &
0$
#10953000
b1001 #
b1001 '
b1001 (
b1000 &
0$
#10954000
b1010 #
b1010 '
b1010 (
b1001 &
0$
#10955000
b1011 #
b1011 '
b1011 (
b1010 &
0$
#10956000
b1100 #
b1100 '
b1100 (
b1011 &
0$
#10957000
b1101 #
b1101 '
b1101 (
b1100 &
0$
#10958000
b1110 #
b1110 '
b1110 (
b1101 &
0$
#10959000
b1111 #
b1111 '
b1111 (
b1110 &
0$
#10960000
b10000 #
b10000 '
b10000 (
b1111 &
0$
#10961000
b10001 #
b10001 '
b10001 (
b10000 &
0$
#10962000
b10010 #
b10010 '
b10010 (
b10001 &
0$
#10963000
b10011 #
b10011 '
b10011 (
b10010 &
0$
#10964000
b10100 #
b10100 '
b10100 (
b10011 &
0$
#10965000
b10101 #
b10101 '
b10101 (
b10100 &
0$
#10966000
b10110 #
b10110 '
b10110 (
b10101 &
0$
#10967000
b10111 #
b10111 '
b10111 (
b10110 &
0$
#10968000
b11000 #
b11000 '
b11000 (
b10111 &
0$
#10969000
b11001 #
b11001 '
b11001 (
b11000 &
0$
#10970000
b11010 #
b11010 '
b11010 (
b11001 &
0$
#10971000
b11011 #
b11011 '
b11011 (
b11010 &
0$
#10972000
b11100 #
b11100 '
b11100 (
b11011 &
0$
#10973000
b11101 #
b11101 '
b11101 (
b11100 &
0$
#10974000
b11110 #
b11110 '
b11110 (
b11101 &
0$
#10975000
b11111 #
b11111 '
b11111 (
b11110 &
0$
#10976000
b0 #
b0 '
b0 (
b11111 &
0$
#10977000
b1 #
b1 '
b1 (
b0 &
0$
#10978000
b10 #
b10 '
b10 (
b1 &
0$
#10979000
b11 #
b11 '
b11 (
b10 &
0$
#10980000
b100 #
b100 '
b100 (
b11 &
0$
#10981000
b101 #
b101 '
b101 (
b100 &
0$
#10982000
b110 #
b110 '
b110 (
b101 &
0$
#10983000
b111 #
b111 '
b111 (
b110 &
0$
#10984000
b1000 #
b1000 '
b1000 (
b111 &
0$
#10985000
b1001 #
b1001 '
b1001 (
b1000 &
0$
#10986000
b1010 #
b1010 '
b1010 (
b1001 &
0$
#10987000
b1011 #
b1011 '
b1011 (
b1010 &
0$
#10988000
b1100 #
b1100 '
b1100 (
b1011 &
0$
#10989000
b1101 #
b1101 '
b1101 (
b1100 &
0$
#10990000
b1110 #
b1110 '
b1110 (
b1101 &
0$
#10991000
b1111 #
b1111 '
b1111 (
b1110 &
0$
#10992000
b10000 #
b10000 '
b10000 (
b1111 &
0$
#10993000
b10001 #
b10001 '
b10001 (
b10000 &
0$
#10994000
b10010 #
b10010 '
b10010 (
b10001 &
0$
#10995000
b10011 #
b10011 '
b10011 (
b10010 &
0$
#10996000
b10100 #
b10100 '
b10100 (
b10011 &
0$
#10997000
b10101 #
b10101 '
b10101 (
b10100 &
0$
#10998000
b10110 #
b10110 '
b10110 (
b10101 &
0$
#10999000
b10111 #
b10111 '
b10111 (
b10110 &
0$
#11000000
b11000 #
b11000 '
b11000 (
b10111 &
0$
#11001000
b11001 #
b11001 '
b11001 (
b11000 &
0$
#11002000
b11010 #
b11010 '
b11010 (
b11001 &
0$
#11003000
b11011 #
b11011 '
b11011 (
b11010 &
0$
#11004000
b11100 #
b11100 '
b11100 (
b11011 &
0$
#11005000
b11101 #
b11101 '
b11101 (
b11100 &
0$
#11006000
b11110 #
b11110 '
b11110 (
b11101 &
0$
#11007000
b11111 #
b11111 '
b11111 (
b11110 &
0$
#11008000
b0 #
b0 '
b0 (
b11111 &
0$
#11009000
b1 #
b1 '
b1 (
b0 &
0$
#11010000
b10 #
b10 '
b10 (
b1 &
0$
#11011000
b11 #
b11 '
b11 (
b10 &
0$
#11012000
b100 #
b100 '
b100 (
b11 &
0$
#11013000
b101 #
b101 '
b101 (
b100 &
0$
#11014000
b110 #
b110 '
b110 (
b101 &
0$
#11015000
b111 #
b111 '
b111 (
b110 &
0$
#11016000
b1000 #
b1000 '
b1000 (
b111 &
0$
#11017000
b1001 #
b1001 '
b1001 (
b1000 &
0$
#11018000
b1010 #
b1010 '
b1010 (
b1001 &
0$
#11019000
b1011 #
b1011 '
b1011 (
b1010 &
0$
#11020000
b1100 #
b1100 '
b1100 (
b1011 &
0$
#11021000
b1101 #
b1101 '
b1101 (
b1100 &
0$
#11022000
b1110 #
b1110 '
b1110 (
b1101 &
0$
#11023000
b1111 #
b1111 '
b1111 (
b1110 &
0$
#11024000
b10000 #
b10000 '
b10000 (
b1111 &
0$
#11025000
b10001 #
b10001 '
b10001 (
b10000 &
0$
#11026000
b10010 #
b10010 '
b10010 (
b10001 &
0$
#11027000
b10011 #
b10011 '
b10011 (
b10010 &
0$
#11028000
b10100 #
b10100 '
b10100 (
b10011 &
0$
#11029000
b10101 #
b10101 '
b10101 (
b10100 &
0$
#11030000
b10110 #
b10110 '
b10110 (
b10101 &
0$
#11031000
b10111 #
b10111 '
b10111 (
b10110 &
0$
#11032000
b11000 #
b11000 '
b11000 (
b10111 &
0$
#11033000
b11001 #
b11001 '
b11001 (
b11000 &
0$
#11034000
b11010 #
b11010 '
b11010 (
b11001 &
0$
#11035000
b11011 #
b11011 '
b11011 (
b11010 &
0$
#11036000
b11100 #
b11100 '
b11100 (
b11011 &
0$
#11037000
b11101 #
b11101 '
b11101 (
b11100 &
0$
#11038000
b11110 #
b11110 '
b11110 (
b11101 &
0$
#11039000
b11111 #
b11111 '
b11111 (
b11110 &
0$
#11040000
b0 #
b0 '
b0 (
b11111 &
0$
#11041000
b1 #
b1 '
b1 (
b0 &
0$
#11042000
b10 #
b10 '
b10 (
b1 &
0$
#11043000
b11 #
b11 '
b11 (
b10 &
0$
#11044000
b100 #
b100 '
b100 (
b11 &
0$
#11045000
b101 #
b101 '
b101 (
b100 &
0$
#11046000
b110 #
b110 '
b110 (
b101 &
0$
#11047000
b111 #
b111 '
b111 (
b110 &
0$
#11048000
b1000 #
b1000 '
b1000 (
b111 &
0$
#11049000
b1001 #
b1001 '
b1001 (
b1000 &
0$
#11050000
b1010 #
b1010 '
b1010 (
b1001 &
0$
#11051000
b1011 #
b1011 '
b1011 (
b1010 &
0$
#11052000
b1100 #
b1100 '
b1100 (
b1011 &
0$
#11053000
b1101 #
b1101 '
b1101 (
b1100 &
0$
#11054000
b1110 #
b1110 '
b1110 (
b1101 &
0$
#11055000
b1111 #
b1111 '
b1111 (
b1110 &
0$
#11056000
b10000 #
b10000 '
b10000 (
b1111 &
0$
#11057000
b10001 #
b10001 '
b10001 (
b10000 &
0$
#11058000
b10010 #
b10010 '
b10010 (
b10001 &
0$
#11059000
b10011 #
b10011 '
b10011 (
b10010 &
0$
#11060000
b10100 #
b10100 '
b10100 (
b10011 &
0$
#11061000
b10101 #
b10101 '
b10101 (
b10100 &
0$
#11062000
b10110 #
b10110 '
b10110 (
b10101 &
0$
#11063000
b10111 #
b10111 '
b10111 (
b10110 &
0$
#11064000
b11000 #
b11000 '
b11000 (
b10111 &
0$
#11065000
b11001 #
b11001 '
b11001 (
b11000 &
0$
#11066000
b11010 #
b11010 '
b11010 (
b11001 &
0$
#11067000
b11011 #
b11011 '
b11011 (
b11010 &
0$
#11068000
b11100 #
b11100 '
b11100 (
b11011 &
0$
#11069000
b11101 #
b11101 '
b11101 (
b11100 &
0$
#11070000
b11110 #
b11110 '
b11110 (
b11101 &
0$
#11071000
b11111 #
b11111 '
b11111 (
b11110 &
0$
#11072000
b0 #
b0 '
b0 (
b11111 &
0$
#11073000
b1 #
b1 '
b1 (
b0 &
0$
#11074000
b10 #
b10 '
b10 (
b1 &
0$
#11075000
b11 #
b11 '
b11 (
b10 &
0$
#11076000
b100 #
b100 '
b100 (
b11 &
0$
#11077000
b101 #
b101 '
b101 (
b100 &
0$
#11078000
b110 #
b110 '
b110 (
b101 &
0$
#11079000
b111 #
b111 '
b111 (
b110 &
0$
#11080000
b1000 #
b1000 '
b1000 (
b111 &
0$
#11081000
b1001 #
b1001 '
b1001 (
b1000 &
0$
#11082000
b1010 #
b1010 '
b1010 (
b1001 &
0$
#11083000
b1011 #
b1011 '
b1011 (
b1010 &
0$
#11084000
b1100 #
b1100 '
b1100 (
b1011 &
0$
#11085000
b1101 #
b1101 '
b1101 (
b1100 &
0$
#11086000
b1110 #
b1110 '
b1110 (
b1101 &
0$
#11087000
b1111 #
b1111 '
b1111 (
b1110 &
0$
#11088000
b10000 #
b10000 '
b10000 (
b1111 &
0$
#11089000
b10001 #
b10001 '
b10001 (
b10000 &
0$
#11090000
b10010 #
b10010 '
b10010 (
b10001 &
0$
#11091000
b10011 #
b10011 '
b10011 (
b10010 &
0$
#11092000
b10100 #
b10100 '
b10100 (
b10011 &
0$
#11093000
b10101 #
b10101 '
b10101 (
b10100 &
0$
#11094000
b10110 #
b10110 '
b10110 (
b10101 &
0$
#11095000
b10111 #
b10111 '
b10111 (
b10110 &
0$
#11096000
b11000 #
b11000 '
b11000 (
b10111 &
0$
#11097000
b11001 #
b11001 '
b11001 (
b11000 &
0$
#11098000
b11010 #
b11010 '
b11010 (
b11001 &
0$
#11099000
b11011 #
b11011 '
b11011 (
b11010 &
0$
#11100000
b11100 #
b11100 '
b11100 (
b11011 &
0$
#11101000
b11101 #
b11101 '
b11101 (
b11100 &
0$
#11102000
b11110 #
b11110 '
b11110 (
b11101 &
0$
#11103000
b11111 #
b11111 '
b11111 (
b11110 &
0$
#11104000
b0 #
b0 '
b0 (
b11111 &
0$
#11105000
b1 #
b1 '
b1 (
b0 &
0$
#11106000
b10 #
b10 '
b10 (
b1 &
0$
#11107000
b11 #
b11 '
b11 (
b10 &
0$
#11108000
b100 #
b100 '
b100 (
b11 &
0$
#11109000
b101 #
b101 '
b101 (
b100 &
0$
#11110000
b110 #
b110 '
b110 (
b101 &
0$
#11111000
b111 #
b111 '
b111 (
b110 &
0$
#11112000
b1000 #
b1000 '
b1000 (
b111 &
0$
#11113000
b1001 #
b1001 '
b1001 (
b1000 &
0$
#11114000
b1010 #
b1010 '
b1010 (
b1001 &
0$
#11115000
b1011 #
b1011 '
b1011 (
b1010 &
0$
#11116000
b1100 #
b1100 '
b1100 (
b1011 &
0$
#11117000
b1101 #
b1101 '
b1101 (
b1100 &
0$
#11118000
b1110 #
b1110 '
b1110 (
b1101 &
0$
#11119000
b1111 #
b1111 '
b1111 (
b1110 &
0$
#11120000
b10000 #
b10000 '
b10000 (
b1111 &
0$
#11121000
b10001 #
b10001 '
b10001 (
b10000 &
0$
#11122000
b10010 #
b10010 '
b10010 (
b10001 &
0$
#11123000
b10011 #
b10011 '
b10011 (
b10010 &
0$
#11124000
b10100 #
b10100 '
b10100 (
b10011 &
0$
#11125000
b10101 #
b10101 '
b10101 (
b10100 &
0$
#11126000
b10110 #
b10110 '
b10110 (
b10101 &
0$
#11127000
b10111 #
b10111 '
b10111 (
b10110 &
0$
#11128000
b11000 #
b11000 '
b11000 (
b10111 &
0$
#11129000
b11001 #
b11001 '
b11001 (
b11000 &
0$
#11130000
b11010 #
b11010 '
b11010 (
b11001 &
0$
#11131000
b11011 #
b11011 '
b11011 (
b11010 &
0$
#11132000
b11100 #
b11100 '
b11100 (
b11011 &
0$
#11133000
b11101 #
b11101 '
b11101 (
b11100 &
0$
#11134000
b11110 #
b11110 '
b11110 (
b11101 &
0$
#11135000
b11111 #
b11111 '
b11111 (
b11110 &
0$
#11136000
b0 #
b0 '
b0 (
b11111 &
0$
#11137000
b1 #
b1 '
b1 (
b0 &
0$
#11138000
b10 #
b10 '
b10 (
b1 &
0$
#11139000
b11 #
b11 '
b11 (
b10 &
0$
#11140000
b100 #
b100 '
b100 (
b11 &
0$
#11141000
b101 #
b101 '
b101 (
b100 &
0$
#11142000
b110 #
b110 '
b110 (
b101 &
0$
#11143000
b111 #
b111 '
b111 (
b110 &
0$
#11144000
b1000 #
b1000 '
b1000 (
b111 &
0$
#11145000
b1001 #
b1001 '
b1001 (
b1000 &
0$
#11146000
b1010 #
b1010 '
b1010 (
b1001 &
0$
#11147000
b1011 #
b1011 '
b1011 (
b1010 &
0$
#11148000
b1100 #
b1100 '
b1100 (
b1011 &
0$
#11149000
b1101 #
b1101 '
b1101 (
b1100 &
0$
#11150000
b1110 #
b1110 '
b1110 (
b1101 &
0$
#11151000
b1111 #
b1111 '
b1111 (
b1110 &
0$
#11152000
b10000 #
b10000 '
b10000 (
b1111 &
0$
#11153000
b10001 #
b10001 '
b10001 (
b10000 &
0$
#11154000
b10010 #
b10010 '
b10010 (
b10001 &
0$
#11155000
b10011 #
b10011 '
b10011 (
b10010 &
0$
#11156000
b10100 #
b10100 '
b10100 (
b10011 &
0$
#11157000
b10101 #
b10101 '
b10101 (
b10100 &
0$
#11158000
b10110 #
b10110 '
b10110 (
b10101 &
0$
#11159000
b10111 #
b10111 '
b10111 (
b10110 &
0$
#11160000
b11000 #
b11000 '
b11000 (
b10111 &
0$
#11161000
b11001 #
b11001 '
b11001 (
b11000 &
0$
#11162000
b11010 #
b11010 '
b11010 (
b11001 &
0$
#11163000
b11011 #
b11011 '
b11011 (
b11010 &
0$
#11164000
b11100 #
b11100 '
b11100 (
b11011 &
0$
#11165000
b11101 #
b11101 '
b11101 (
b11100 &
0$
#11166000
b11110 #
b11110 '
b11110 (
b11101 &
0$
#11167000
b11111 #
b11111 '
b11111 (
b11110 &
0$
#11168000
b0 #
b0 '
b0 (
b11111 &
0$
#11169000
b1 #
b1 '
b1 (
b0 &
0$
#11170000
b10 #
b10 '
b10 (
b1 &
0$
#11171000
b11 #
b11 '
b11 (
b10 &
0$
#11172000
b100 #
b100 '
b100 (
b11 &
0$
#11173000
b101 #
b101 '
b101 (
b100 &
0$
#11174000
b110 #
b110 '
b110 (
b101 &
0$
#11175000
b111 #
b111 '
b111 (
b110 &
0$
#11176000
b1000 #
b1000 '
b1000 (
b111 &
0$
#11177000
b1001 #
b1001 '
b1001 (
b1000 &
0$
#11178000
b1010 #
b1010 '
b1010 (
b1001 &
0$
#11179000
b1011 #
b1011 '
b1011 (
b1010 &
0$
#11180000
b1100 #
b1100 '
b1100 (
b1011 &
0$
#11181000
b1101 #
b1101 '
b1101 (
b1100 &
0$
#11182000
b1110 #
b1110 '
b1110 (
b1101 &
0$
#11183000
b1111 #
b1111 '
b1111 (
b1110 &
0$
#11184000
b10000 #
b10000 '
b10000 (
b1111 &
0$
#11185000
b10001 #
b10001 '
b10001 (
b10000 &
0$
#11186000
b10010 #
b10010 '
b10010 (
b10001 &
0$
#11187000
b10011 #
b10011 '
b10011 (
b10010 &
0$
#11188000
b10100 #
b10100 '
b10100 (
b10011 &
0$
#11189000
b10101 #
b10101 '
b10101 (
b10100 &
0$
#11190000
b10110 #
b10110 '
b10110 (
b10101 &
0$
#11191000
b10111 #
b10111 '
b10111 (
b10110 &
0$
#11192000
b11000 #
b11000 '
b11000 (
b10111 &
0$
#11193000
b11001 #
b11001 '
b11001 (
b11000 &
0$
#11194000
b11010 #
b11010 '
b11010 (
b11001 &
0$
#11195000
b11011 #
b11011 '
b11011 (
b11010 &
0$
#11196000
b11100 #
b11100 '
b11100 (
b11011 &
0$
#11197000
b11101 #
b11101 '
b11101 (
b11100 &
0$
#11198000
b11110 #
b11110 '
b11110 (
b11101 &
0$
#11199000
b11111 #
b11111 '
b11111 (
b11110 &
0$
#11200000
b0 #
b0 '
b0 (
b11111 &
0$
#11201000
b1 #
b1 '
b1 (
b0 &
0$
#11202000
b10 #
b10 '
b10 (
b1 &
0$
#11203000
b11 #
b11 '
b11 (
b10 &
0$
#11204000
b100 #
b100 '
b100 (
b11 &
0$
#11205000
b101 #
b101 '
b101 (
b100 &
0$
#11206000
b110 #
b110 '
b110 (
b101 &
0$
#11207000
b111 #
b111 '
b111 (
b110 &
0$
#11208000
b1000 #
b1000 '
b1000 (
b111 &
0$
#11209000
b1001 #
b1001 '
b1001 (
b1000 &
0$
#11210000
b1010 #
b1010 '
b1010 (
b1001 &
0$
#11211000
b1011 #
b1011 '
b1011 (
b1010 &
0$
#11212000
b1100 #
b1100 '
b1100 (
b1011 &
0$
#11213000
b1101 #
b1101 '
b1101 (
b1100 &
0$
#11214000
b1110 #
b1110 '
b1110 (
b1101 &
0$
#11215000
b1111 #
b1111 '
b1111 (
b1110 &
0$
#11216000
b10000 #
b10000 '
b10000 (
b1111 &
0$
#11217000
b10001 #
b10001 '
b10001 (
b10000 &
0$
#11218000
b10010 #
b10010 '
b10010 (
b10001 &
0$
#11219000
b10011 #
b10011 '
b10011 (
b10010 &
0$
#11220000
b10100 #
b10100 '
b10100 (
b10011 &
0$
#11221000
b10101 #
b10101 '
b10101 (
b10100 &
0$
#11222000
b10110 #
b10110 '
b10110 (
b10101 &
0$
#11223000
b10111 #
b10111 '
b10111 (
b10110 &
0$
#11224000
b11000 #
b11000 '
b11000 (
b10111 &
0$
#11225000
b11001 #
b11001 '
b11001 (
b11000 &
0$
#11226000
b11010 #
b11010 '
b11010 (
b11001 &
0$
#11227000
b11011 #
b11011 '
b11011 (
b11010 &
0$
#11228000
b11100 #
b11100 '
b11100 (
b11011 &
0$
#11229000
b11101 #
b11101 '
b11101 (
b11100 &
0$
#11230000
b11110 #
b11110 '
b11110 (
b11101 &
0$
#11231000
b11111 #
b11111 '
b11111 (
b11110 &
0$
#11232000
b0 #
b0 '
b0 (
b11111 &
0$
#11233000
b1 #
b1 '
b1 (
b0 &
0$
#11234000
b10 #
b10 '
b10 (
b1 &
0$
#11235000
b11 #
b11 '
b11 (
b10 &
0$
#11236000
b100 #
b100 '
b100 (
b11 &
0$
#11237000
b101 #
b101 '
b101 (
b100 &
0$
#11238000
b110 #
b110 '
b110 (
b101 &
0$
#11239000
b111 #
b111 '
b111 (
b110 &
0$
#11240000
b1000 #
b1000 '
b1000 (
b111 &
0$
#11241000
b1001 #
b1001 '
b1001 (
b1000 &
0$
#11242000
b1010 #
b1010 '
b1010 (
b1001 &
0$
#11243000
b1011 #
b1011 '
b1011 (
b1010 &
0$
#11244000
b1100 #
b1100 '
b1100 (
b1011 &
0$
#11245000
b1101 #
b1101 '
b1101 (
b1100 &
0$
#11246000
b1110 #
b1110 '
b1110 (
b1101 &
0$
#11247000
b1111 #
b1111 '
b1111 (
b1110 &
0$
#11248000
b10000 #
b10000 '
b10000 (
b1111 &
0$
#11249000
b10001 #
b10001 '
b10001 (
b10000 &
0$
#11250000
b10010 #
b10010 '
b10010 (
b10001 &
0$
#11251000
b10011 #
b10011 '
b10011 (
b10010 &
0$
#11252000
b10100 #
b10100 '
b10100 (
b10011 &
0$
#11253000
b10101 #
b10101 '
b10101 (
b10100 &
0$
#11254000
b10110 #
b10110 '
b10110 (
b10101 &
0$
#11255000
b10111 #
b10111 '
b10111 (
b10110 &
0$
#11256000
b11000 #
b11000 '
b11000 (
b10111 &
0$
#11257000
b11001 #
b11001 '
b11001 (
b11000 &
0$
#11258000
b11010 #
b11010 '
b11010 (
b11001 &
0$
#11259000
b11011 #
b11011 '
b11011 (
b11010 &
0$
#11260000
b11100 #
b11100 '
b11100 (
b11011 &
0$
#11261000
b11101 #
b11101 '
b11101 (
b11100 &
0$
#11262000
b11110 #
b11110 '
b11110 (
b11101 &
0$
#11263000
b11111 #
b11111 '
b11111 (
b11110 &
0$
#11264000
b0 #
b0 '
b0 (
b11111 &
0$
#11265000
b1 #
b1 '
b1 (
b0 &
0$
#11266000
b10 #
b10 '
b10 (
b1 &
0$
#11267000
b11 #
b11 '
b11 (
b10 &
0$
#11268000
b100 #
b100 '
b100 (
b11 &
0$
#11269000
b101 #
b101 '
b101 (
b100 &
0$
#11270000
b110 #
b110 '
b110 (
b101 &
0$
#11271000
b111 #
b111 '
b111 (
b110 &
0$
#11272000
b1000 #
b1000 '
b1000 (
b111 &
0$
#11273000
b1001 #
b1001 '
b1001 (
b1000 &
0$
#11274000
b1010 #
b1010 '
b1010 (
b1001 &
0$
#11275000
b1011 #
b1011 '
b1011 (
b1010 &
0$
#11276000
b1100 #
b1100 '
b1100 (
b1011 &
0$
#11277000
b1101 #
b1101 '
b1101 (
b1100 &
0$
#11278000
b1110 #
b1110 '
b1110 (
b1101 &
0$
#11279000
b1111 #
b1111 '
b1111 (
b1110 &
0$
#11280000
b10000 #
b10000 '
b10000 (
b1111 &
0$
#11281000
b10001 #
b10001 '
b10001 (
b10000 &
0$
#11282000
b10010 #
b10010 '
b10010 (
b10001 &
0$
#11283000
b10011 #
b10011 '
b10011 (
b10010 &
0$
#11284000
b10100 #
b10100 '
b10100 (
b10011 &
0$
#11285000
b10101 #
b10101 '
b10101 (
b10100 &
0$
#11286000
b10110 #
b10110 '
b10110 (
b10101 &
0$
#11287000
b10111 #
b10111 '
b10111 (
b10110 &
0$
#11288000
b11000 #
b11000 '
b11000 (
b10111 &
0$
#11289000
b11001 #
b11001 '
b11001 (
b11000 &
0$
#11290000
b11010 #
b11010 '
b11010 (
b11001 &
0$
#11291000
b11011 #
b11011 '
b11011 (
b11010 &
0$
#11292000
b11100 #
b11100 '
b11100 (
b11011 &
0$
#11293000
b11101 #
b11101 '
b11101 (
b11100 &
0$
#11294000
b11110 #
b11110 '
b11110 (
b11101 &
0$
#11295000
b11111 #
b11111 '
b11111 (
b11110 &
0$
#11296000
b0 #
b0 '
b0 (
b11111 &
0$
#11297000
b1 #
b1 '
b1 (
b0 &
0$
#11298000
b10 #
b10 '
b10 (
b1 &
0$
#11299000
b11 #
b11 '
b11 (
b10 &
0$
#11300000
b100 #
b100 '
b100 (
b11 &
0$
#11301000
b101 #
b101 '
b101 (
b100 &
0$
#11302000
b110 #
b110 '
b110 (
b101 &
0$
#11303000
b111 #
b111 '
b111 (
b110 &
0$
#11304000
b1000 #
b1000 '
b1000 (
b111 &
0$
#11305000
b1001 #
b1001 '
b1001 (
b1000 &
0$
#11306000
b1010 #
b1010 '
b1010 (
b1001 &
0$
#11307000
b1011 #
b1011 '
b1011 (
b1010 &
0$
#11308000
b1100 #
b1100 '
b1100 (
b1011 &
0$
#11309000
b1101 #
b1101 '
b1101 (
b1100 &
0$
#11310000
b1110 #
b1110 '
b1110 (
b1101 &
0$
#11311000
b1111 #
b1111 '
b1111 (
b1110 &
0$
#11312000
b10000 #
b10000 '
b10000 (
b1111 &
0$
#11313000
b10001 #
b10001 '
b10001 (
b10000 &
0$
#11314000
b10010 #
b10010 '
b10010 (
b10001 &
0$
#11315000
b10011 #
b10011 '
b10011 (
b10010 &
0$
#11316000
b10100 #
b10100 '
b10100 (
b10011 &
0$
#11317000
b10101 #
b10101 '
b10101 (
b10100 &
0$
#11318000
b10110 #
b10110 '
b10110 (
b10101 &
0$
#11319000
b10111 #
b10111 '
b10111 (
b10110 &
0$
#11320000
b11000 #
b11000 '
b11000 (
b10111 &
0$
#11321000
b11001 #
b11001 '
b11001 (
b11000 &
0$
#11322000
b11010 #
b11010 '
b11010 (
b11001 &
0$
#11323000
b11011 #
b11011 '
b11011 (
b11010 &
0$
#11324000
b11100 #
b11100 '
b11100 (
b11011 &
0$
#11325000
b11101 #
b11101 '
b11101 (
b11100 &
0$
#11326000
b11110 #
b11110 '
b11110 (
b11101 &
0$
#11327000
b11111 #
b11111 '
b11111 (
b11110 &
0$
#11328000
b0 #
b0 '
b0 (
b11111 &
0$
#11329000
b1 #
b1 '
b1 (
b0 &
0$
#11330000
b10 #
b10 '
b10 (
b1 &
0$
#11331000
b11 #
b11 '
b11 (
b10 &
0$
#11332000
b100 #
b100 '
b100 (
b11 &
0$
#11333000
b101 #
b101 '
b101 (
b100 &
0$
#11334000
b110 #
b110 '
b110 (
b101 &
0$
#11335000
b111 #
b111 '
b111 (
b110 &
0$
#11336000
b1000 #
b1000 '
b1000 (
b111 &
0$
#11337000
b1001 #
b1001 '
b1001 (
b1000 &
0$
#11338000
b1010 #
b1010 '
b1010 (
b1001 &
0$
#11339000
b1011 #
b1011 '
b1011 (
b1010 &
0$
#11340000
b1100 #
b1100 '
b1100 (
b1011 &
0$
#11341000
b1101 #
b1101 '
b1101 (
b1100 &
0$
#11342000
b1110 #
b1110 '
b1110 (
b1101 &
0$
#11343000
b1111 #
b1111 '
b1111 (
b1110 &
0$
#11344000
b10000 #
b10000 '
b10000 (
b1111 &
0$
#11345000
b10001 #
b10001 '
b10001 (
b10000 &
0$
#11346000
b10010 #
b10010 '
b10010 (
b10001 &
0$
#11347000
b10011 #
b10011 '
b10011 (
b10010 &
0$
#11348000
b10100 #
b10100 '
b10100 (
b10011 &
0$
#11349000
b10101 #
b10101 '
b10101 (
b10100 &
0$
#11350000
b10110 #
b10110 '
b10110 (
b10101 &
0$
#11351000
b10111 #
b10111 '
b10111 (
b10110 &
0$
#11352000
b11000 #
b11000 '
b11000 (
b10111 &
0$
#11353000
b11001 #
b11001 '
b11001 (
b11000 &
0$
#11354000
b11010 #
b11010 '
b11010 (
b11001 &
0$
#11355000
b11011 #
b11011 '
b11011 (
b11010 &
0$
#11356000
b11100 #
b11100 '
b11100 (
b11011 &
0$
#11357000
b11101 #
b11101 '
b11101 (
b11100 &
0$
#11358000
b11110 #
b11110 '
b11110 (
b11101 &
0$
#11359000
b11111 #
b11111 '
b11111 (
b11110 &
0$
#11360000
b0 #
b0 '
b0 (
b11111 &
0$
#11361000
b1 #
b1 '
b1 (
b0 &
0$
#11362000
b10 #
b10 '
b10 (
b1 &
0$
#11363000
b11 #
b11 '
b11 (
b10 &
0$
#11364000
b100 #
b100 '
b100 (
b11 &
0$
#11365000
b101 #
b101 '
b101 (
b100 &
0$
#11366000
b110 #
b110 '
b110 (
b101 &
0$
#11367000
b111 #
b111 '
b111 (
b110 &
0$
#11368000
b1000 #
b1000 '
b1000 (
b111 &
0$
#11369000
b1001 #
b1001 '
b1001 (
b1000 &
0$
#11370000
b1010 #
b1010 '
b1010 (
b1001 &
0$
#11371000
b1011 #
b1011 '
b1011 (
b1010 &
0$
#11372000
b1100 #
b1100 '
b1100 (
b1011 &
0$
#11373000
b1101 #
b1101 '
b1101 (
b1100 &
0$
#11374000
b1110 #
b1110 '
b1110 (
b1101 &
0$
#11375000
b1111 #
b1111 '
b1111 (
b1110 &
0$
#11376000
b10000 #
b10000 '
b10000 (
b1111 &
0$
#11377000
b10001 #
b10001 '
b10001 (
b10000 &
0$
#11378000
b10010 #
b10010 '
b10010 (
b10001 &
0$
#11379000
b10011 #
b10011 '
b10011 (
b10010 &
0$
#11380000
b10100 #
b10100 '
b10100 (
b10011 &
0$
#11381000
b10101 #
b10101 '
b10101 (
b10100 &
0$
#11382000
b10110 #
b10110 '
b10110 (
b10101 &
0$
#11383000
b10111 #
b10111 '
b10111 (
b10110 &
0$
#11384000
b11000 #
b11000 '
b11000 (
b10111 &
0$
#11385000
b11001 #
b11001 '
b11001 (
b11000 &
0$
#11386000
b11010 #
b11010 '
b11010 (
b11001 &
0$
#11387000
b11011 #
b11011 '
b11011 (
b11010 &
0$
#11388000
b11100 #
b11100 '
b11100 (
b11011 &
0$
#11389000
b11101 #
b11101 '
b11101 (
b11100 &
0$
#11390000
b11110 #
b11110 '
b11110 (
b11101 &
0$
#11391000
b11111 #
b11111 '
b11111 (
b11110 &
0$
#11392000
b0 #
b0 '
b0 (
b11111 &
0$
#11393000
b1 #
b1 '
b1 (
b0 &
0$
#11394000
b10 #
b10 '
b10 (
b1 &
0$
#11395000
b11 #
b11 '
b11 (
b10 &
0$
#11396000
b100 #
b100 '
b100 (
b11 &
0$
#11397000
b101 #
b101 '
b101 (
b100 &
0$
#11398000
b110 #
b110 '
b110 (
b101 &
0$
#11399000
b111 #
b111 '
b111 (
b110 &
0$
#11400000
b1000 #
b1000 '
b1000 (
b111 &
0$
#11401000
b1001 #
b1001 '
b1001 (
b1000 &
0$
#11402000
b1010 #
b1010 '
b1010 (
b1001 &
0$
#11403000
b1011 #
b1011 '
b1011 (
b1010 &
0$
#11404000
b1100 #
b1100 '
b1100 (
b1011 &
0$
#11405000
b1101 #
b1101 '
b1101 (
b1100 &
0$
#11406000
b1110 #
b1110 '
b1110 (
b1101 &
0$
#11407000
b1111 #
b1111 '
b1111 (
b1110 &
0$
#11408000
b10000 #
b10000 '
b10000 (
b1111 &
0$
#11409000
b10001 #
b10001 '
b10001 (
b10000 &
0$
#11410000
b10010 #
b10010 '
b10010 (
b10001 &
0$
#11411000
b10011 #
b10011 '
b10011 (
b10010 &
0$
#11412000
b10100 #
b10100 '
b10100 (
b10011 &
0$
#11413000
b10101 #
b10101 '
b10101 (
b10100 &
0$
#11414000
b10110 #
b10110 '
b10110 (
b10101 &
0$
#11415000
b10111 #
b10111 '
b10111 (
b10110 &
0$
#11416000
b11000 #
b11000 '
b11000 (
b10111 &
0$
#11417000
b11001 #
b11001 '
b11001 (
b11000 &
0$
#11418000
b11010 #
b11010 '
b11010 (
b11001 &
0$
#11419000
b11011 #
b11011 '
b11011 (
b11010 &
0$
#11420000
b11100 #
b11100 '
b11100 (
b11011 &
0$
#11421000
b11101 #
b11101 '
b11101 (
b11100 &
0$
#11422000
b11110 #
b11110 '
b11110 (
b11101 &
0$
#11423000
b11111 #
b11111 '
b11111 (
b11110 &
0$
#11424000
b0 #
b0 '
b0 (
b11111 &
0$
#11425000
b1 #
b1 '
b1 (
b0 &
0$
#11426000
b10 #
b10 '
b10 (
b1 &
0$
#11427000
b11 #
b11 '
b11 (
b10 &
0$
#11428000
b100 #
b100 '
b100 (
b11 &
0$
#11429000
b101 #
b101 '
b101 (
b100 &
0$
#11430000
b110 #
b110 '
b110 (
b101 &
0$
#11431000
b111 #
b111 '
b111 (
b110 &
0$
#11432000
b1000 #
b1000 '
b1000 (
b111 &
0$
#11433000
b1001 #
b1001 '
b1001 (
b1000 &
0$
#11434000
b1010 #
b1010 '
b1010 (
b1001 &
0$
#11435000
b1011 #
b1011 '
b1011 (
b1010 &
0$
#11436000
b1100 #
b1100 '
b1100 (
b1011 &
0$
#11437000
b1101 #
b1101 '
b1101 (
b1100 &
0$
#11438000
b1110 #
b1110 '
b1110 (
b1101 &
0$
#11439000
b1111 #
b1111 '
b1111 (
b1110 &
0$
#11440000
b10000 #
b10000 '
b10000 (
b1111 &
0$
#11441000
b10001 #
b10001 '
b10001 (
b10000 &
0$
#11442000
b10010 #
b10010 '
b10010 (
b10001 &
0$
#11443000
b10011 #
b10011 '
b10011 (
b10010 &
0$
#11444000
b10100 #
b10100 '
b10100 (
b10011 &
0$
#11445000
b10101 #
b10101 '
b10101 (
b10100 &
0$
#11446000
b10110 #
b10110 '
b10110 (
b10101 &
0$
#11447000
b10111 #
b10111 '
b10111 (
b10110 &
0$
#11448000
b11000 #
b11000 '
b11000 (
b10111 &
0$
#11449000
b11001 #
b11001 '
b11001 (
b11000 &
0$
#11450000
b11010 #
b11010 '
b11010 (
b11001 &
0$
#11451000
b11011 #
b11011 '
b11011 (
b11010 &
0$
#11452000
b11100 #
b11100 '
b11100 (
b11011 &
0$
#11453000
b11101 #
b11101 '
b11101 (
b11100 &
0$
#11454000
b11110 #
b11110 '
b11110 (
b11101 &
0$
#11455000
b11111 #
b11111 '
b11111 (
b11110 &
0$
#11456000
b0 #
b0 '
b0 (
b11111 &
0$
#11457000
b1 #
b1 '
b1 (
b0 &
0$
#11458000
b10 #
b10 '
b10 (
b1 &
0$
#11459000
b11 #
b11 '
b11 (
b10 &
0$
#11460000
b100 #
b100 '
b100 (
b11 &
0$
#11461000
b101 #
b101 '
b101 (
b100 &
0$
#11462000
b110 #
b110 '
b110 (
b101 &
0$
#11463000
b111 #
b111 '
b111 (
b110 &
0$
#11464000
b1000 #
b1000 '
b1000 (
b111 &
0$
#11465000
b1001 #
b1001 '
b1001 (
b1000 &
0$
#11466000
b1010 #
b1010 '
b1010 (
b1001 &
0$
#11467000
b1011 #
b1011 '
b1011 (
b1010 &
0$
#11468000
b1100 #
b1100 '
b1100 (
b1011 &
0$
#11469000
b1101 #
b1101 '
b1101 (
b1100 &
0$
#11470000
b1110 #
b1110 '
b1110 (
b1101 &
0$
#11471000
b1111 #
b1111 '
b1111 (
b1110 &
0$
#11472000
b10000 #
b10000 '
b10000 (
b1111 &
0$
#11473000
b10001 #
b10001 '
b10001 (
b10000 &
0$
#11474000
b10010 #
b10010 '
b10010 (
b10001 &
0$
#11475000
b10011 #
b10011 '
b10011 (
b10010 &
0$
#11476000
b10100 #
b10100 '
b10100 (
b10011 &
0$
#11477000
b10101 #
b10101 '
b10101 (
b10100 &
0$
#11478000
b10110 #
b10110 '
b10110 (
b10101 &
0$
#11479000
b10111 #
b10111 '
b10111 (
b10110 &
0$
#11480000
b11000 #
b11000 '
b11000 (
b10111 &
0$
#11481000
b11001 #
b11001 '
b11001 (
b11000 &
0$
#11482000
b11010 #
b11010 '
b11010 (
b11001 &
0$
#11483000
b11011 #
b11011 '
b11011 (
b11010 &
0$
#11484000
b11100 #
b11100 '
b11100 (
b11011 &
0$
#11485000
b11101 #
b11101 '
b11101 (
b11100 &
0$
#11486000
b11110 #
b11110 '
b11110 (
b11101 &
0$
#11487000
b11111 #
b11111 '
b11111 (
b11110 &
0$
#11488000
b0 #
b0 '
b0 (
b11111 &
0$
#11489000
b1 #
b1 '
b1 (
b0 &
0$
#11490000
b10 #
b10 '
b10 (
b1 &
0$
#11491000
b11 #
b11 '
b11 (
b10 &
0$
#11492000
b100 #
b100 '
b100 (
b11 &
0$
#11493000
b101 #
b101 '
b101 (
b100 &
0$
#11494000
b110 #
b110 '
b110 (
b101 &
0$
#11495000
b111 #
b111 '
b111 (
b110 &
0$
#11496000
b1000 #
b1000 '
b1000 (
b111 &
0$
#11497000
b1001 #
b1001 '
b1001 (
b1000 &
0$
#11498000
b1010 #
b1010 '
b1010 (
b1001 &
0$
#11499000
b1011 #
b1011 '
b1011 (
b1010 &
0$
#11500000
b1100 #
b1100 '
b1100 (
b1011 &
0$
#11501000
b1101 #
b1101 '
b1101 (
b1100 &
0$
#11502000
b1110 #
b1110 '
b1110 (
b1101 &
0$
#11503000
b1111 #
b1111 '
b1111 (
b1110 &
0$
#11504000
b10000 #
b10000 '
b10000 (
b1111 &
0$
#11505000
b10001 #
b10001 '
b10001 (
b10000 &
0$
#11506000
b10010 #
b10010 '
b10010 (
b10001 &
0$
#11507000
b10011 #
b10011 '
b10011 (
b10010 &
0$
#11508000
b10100 #
b10100 '
b10100 (
b10011 &
0$
#11509000
b10101 #
b10101 '
b10101 (
b10100 &
0$
#11510000
b10110 #
b10110 '
b10110 (
b10101 &
0$
#11511000
b10111 #
b10111 '
b10111 (
b10110 &
0$
#11512000
b11000 #
b11000 '
b11000 (
b10111 &
0$
#11513000
b11001 #
b11001 '
b11001 (
b11000 &
0$
#11514000
b11010 #
b11010 '
b11010 (
b11001 &
0$
#11515000
b11011 #
b11011 '
b11011 (
b11010 &
0$
#11516000
b11100 #
b11100 '
b11100 (
b11011 &
0$
#11517000
b11101 #
b11101 '
b11101 (
b11100 &
0$
#11518000
b11110 #
b11110 '
b11110 (
b11101 &
0$
#11519000
b11111 #
b11111 '
b11111 (
b11110 &
0$
#11520000
b0 #
b0 '
b0 (
b11111 &
0$
#11521000
b1 #
b1 '
b1 (
b0 &
0$
#11522000
b10 #
b10 '
b10 (
b1 &
0$
#11523000
b11 #
b11 '
b11 (
b10 &
0$
#11524000
b100 #
b100 '
b100 (
b11 &
0$
#11525000
b101 #
b101 '
b101 (
b100 &
0$
#11526000
b110 #
b110 '
b110 (
b101 &
0$
#11527000
b111 #
b111 '
b111 (
b110 &
0$
#11528000
b1000 #
b1000 '
b1000 (
b111 &
0$
#11529000
b1001 #
b1001 '
b1001 (
b1000 &
0$
#11530000
b1010 #
b1010 '
b1010 (
b1001 &
0$
#11531000
b1011 #
b1011 '
b1011 (
b1010 &
0$
#11532000
b1100 #
b1100 '
b1100 (
b1011 &
0$
#11533000
b1101 #
b1101 '
b1101 (
b1100 &
0$
#11534000
b1110 #
b1110 '
b1110 (
b1101 &
0$
#11535000
b1111 #
b1111 '
b1111 (
b1110 &
0$
#11536000
b10000 #
b10000 '
b10000 (
b1111 &
0$
#11537000
b10001 #
b10001 '
b10001 (
b10000 &
0$
#11538000
b10010 #
b10010 '
b10010 (
b10001 &
0$
#11539000
b10011 #
b10011 '
b10011 (
b10010 &
0$
#11540000
b10100 #
b10100 '
b10100 (
b10011 &
0$
#11541000
b10101 #
b10101 '
b10101 (
b10100 &
0$
#11542000
b10110 #
b10110 '
b10110 (
b10101 &
0$
#11543000
b10111 #
b10111 '
b10111 (
b10110 &
0$
#11544000
b11000 #
b11000 '
b11000 (
b10111 &
0$
#11545000
b11001 #
b11001 '
b11001 (
b11000 &
0$
#11546000
b11010 #
b11010 '
b11010 (
b11001 &
0$
#11547000
b11011 #
b11011 '
b11011 (
b11010 &
0$
#11548000
b11100 #
b11100 '
b11100 (
b11011 &
0$
#11549000
b11101 #
b11101 '
b11101 (
b11100 &
0$
#11550000
b11110 #
b11110 '
b11110 (
b11101 &
0$
#11551000
b11111 #
b11111 '
b11111 (
b11110 &
0$
#11552000
b0 #
b0 '
b0 (
b11111 &
0$
#11553000
b1 #
b1 '
b1 (
b0 &
0$
#11554000
b10 #
b10 '
b10 (
b1 &
0$
#11555000
b11 #
b11 '
b11 (
b10 &
0$
#11556000
b100 #
b100 '
b100 (
b11 &
0$
#11557000
b101 #
b101 '
b101 (
b100 &
0$
#11558000
b110 #
b110 '
b110 (
b101 &
0$
#11559000
b111 #
b111 '
b111 (
b110 &
0$
#11560000
b1000 #
b1000 '
b1000 (
b111 &
0$
#11561000
b1001 #
b1001 '
b1001 (
b1000 &
0$
#11562000
b1010 #
b1010 '
b1010 (
b1001 &
0$
#11563000
b1011 #
b1011 '
b1011 (
b1010 &
0$
#11564000
b1100 #
b1100 '
b1100 (
b1011 &
0$
#11565000
b1101 #
b1101 '
b1101 (
b1100 &
0$
#11566000
b1110 #
b1110 '
b1110 (
b1101 &
0$
#11567000
b1111 #
b1111 '
b1111 (
b1110 &
0$
#11568000
b10000 #
b10000 '
b10000 (
b1111 &
0$
#11569000
b10001 #
b10001 '
b10001 (
b10000 &
0$
#11570000
b10010 #
b10010 '
b10010 (
b10001 &
0$
#11571000
b10011 #
b10011 '
b10011 (
b10010 &
0$
#11572000
b10100 #
b10100 '
b10100 (
b10011 &
0$
#11573000
b10101 #
b10101 '
b10101 (
b10100 &
0$
#11574000
b10110 #
b10110 '
b10110 (
b10101 &
0$
#11575000
b10111 #
b10111 '
b10111 (
b10110 &
0$
#11576000
b11000 #
b11000 '
b11000 (
b10111 &
0$
#11577000
b11001 #
b11001 '
b11001 (
b11000 &
0$
#11578000
b11010 #
b11010 '
b11010 (
b11001 &
0$
#11579000
b11011 #
b11011 '
b11011 (
b11010 &
0$
#11580000
b11100 #
b11100 '
b11100 (
b11011 &
0$
#11581000
b11101 #
b11101 '
b11101 (
b11100 &
0$
#11582000
b11110 #
b11110 '
b11110 (
b11101 &
0$
#11583000
b11111 #
b11111 '
b11111 (
b11110 &
0$
#11584000
b0 #
b0 '
b0 (
b11111 &
0$
#11585000
b1 #
b1 '
b1 (
b0 &
0$
#11586000
b10 #
b10 '
b10 (
b1 &
0$
#11587000
b11 #
b11 '
b11 (
b10 &
0$
#11588000
b100 #
b100 '
b100 (
b11 &
0$
#11589000
b101 #
b101 '
b101 (
b100 &
0$
#11590000
b110 #
b110 '
b110 (
b101 &
0$
#11591000
b111 #
b111 '
b111 (
b110 &
0$
#11592000
b1000 #
b1000 '
b1000 (
b111 &
0$
#11593000
b1001 #
b1001 '
b1001 (
b1000 &
0$
#11594000
b1010 #
b1010 '
b1010 (
b1001 &
0$
#11595000
b1011 #
b1011 '
b1011 (
b1010 &
0$
#11596000
b1100 #
b1100 '
b1100 (
b1011 &
0$
#11597000
b1101 #
b1101 '
b1101 (
b1100 &
0$
#11598000
b1110 #
b1110 '
b1110 (
b1101 &
0$
#11599000
b1111 #
b1111 '
b1111 (
b1110 &
0$
#11600000
b10000 #
b10000 '
b10000 (
b1111 &
0$
#11601000
b10001 #
b10001 '
b10001 (
b10000 &
0$
#11602000
b10010 #
b10010 '
b10010 (
b10001 &
0$
#11603000
b10011 #
b10011 '
b10011 (
b10010 &
0$
#11604000
b10100 #
b10100 '
b10100 (
b10011 &
0$
#11605000
b10101 #
b10101 '
b10101 (
b10100 &
0$
#11606000
b10110 #
b10110 '
b10110 (
b10101 &
0$
#11607000
b10111 #
b10111 '
b10111 (
b10110 &
0$
#11608000
b11000 #
b11000 '
b11000 (
b10111 &
0$
#11609000
b11001 #
b11001 '
b11001 (
b11000 &
0$
#11610000
b11010 #
b11010 '
b11010 (
b11001 &
0$
#11611000
b11011 #
b11011 '
b11011 (
b11010 &
0$
#11612000
b11100 #
b11100 '
b11100 (
b11011 &
0$
#11613000
b11101 #
b11101 '
b11101 (
b11100 &
0$
#11614000
b11110 #
b11110 '
b11110 (
b11101 &
0$
#11615000
b11111 #
b11111 '
b11111 (
b11110 &
0$
#11616000
b0 #
b0 '
b0 (
b11111 &
0$
#11617000
b1 #
b1 '
b1 (
b0 &
0$
#11618000
b10 #
b10 '
b10 (
b1 &
0$
#11619000
b11 #
b11 '
b11 (
b10 &
0$
#11620000
b100 #
b100 '
b100 (
b11 &
0$
#11621000
b101 #
b101 '
b101 (
b100 &
0$
#11622000
b110 #
b110 '
b110 (
b101 &
0$
#11623000
b111 #
b111 '
b111 (
b110 &
0$
#11624000
b1000 #
b1000 '
b1000 (
b111 &
0$
#11625000
b1001 #
b1001 '
b1001 (
b1000 &
0$
#11626000
b1010 #
b1010 '
b1010 (
b1001 &
0$
#11627000
b1011 #
b1011 '
b1011 (
b1010 &
0$
#11628000
b1100 #
b1100 '
b1100 (
b1011 &
0$
#11629000
b1101 #
b1101 '
b1101 (
b1100 &
0$
#11630000
b1110 #
b1110 '
b1110 (
b1101 &
0$
#11631000
b1111 #
b1111 '
b1111 (
b1110 &
0$
#11632000
b10000 #
b10000 '
b10000 (
b1111 &
0$
#11633000
b10001 #
b10001 '
b10001 (
b10000 &
0$
#11634000
b10010 #
b10010 '
b10010 (
b10001 &
0$
#11635000
b10011 #
b10011 '
b10011 (
b10010 &
0$
#11636000
b10100 #
b10100 '
b10100 (
b10011 &
0$
#11637000
b10101 #
b10101 '
b10101 (
b10100 &
0$
#11638000
b10110 #
b10110 '
b10110 (
b10101 &
0$
#11639000
b10111 #
b10111 '
b10111 (
b10110 &
0$
#11640000
b11000 #
b11000 '
b11000 (
b10111 &
0$
#11641000
b11001 #
b11001 '
b11001 (
b11000 &
0$
#11642000
b11010 #
b11010 '
b11010 (
b11001 &
0$
#11643000
b11011 #
b11011 '
b11011 (
b11010 &
0$
#11644000
b11100 #
b11100 '
b11100 (
b11011 &
0$
#11645000
b11101 #
b11101 '
b11101 (
b11100 &
0$
#11646000
b11110 #
b11110 '
b11110 (
b11101 &
0$
#11647000
b11111 #
b11111 '
b11111 (
b11110 &
0$
#11648000
b0 #
b0 '
b0 (
b11111 &
0$
#11649000
b1 #
b1 '
b1 (
b0 &
0$
#11650000
b10 #
b10 '
b10 (
b1 &
0$
#11651000
b11 #
b11 '
b11 (
b10 &
0$
#11652000
b100 #
b100 '
b100 (
b11 &
0$
#11653000
b101 #
b101 '
b101 (
b100 &
0$
#11654000
b110 #
b110 '
b110 (
b101 &
0$
#11655000
b111 #
b111 '
b111 (
b110 &
0$
#11656000
b1000 #
b1000 '
b1000 (
b111 &
0$
#11657000
b1001 #
b1001 '
b1001 (
b1000 &
0$
#11658000
b1010 #
b1010 '
b1010 (
b1001 &
0$
#11659000
b1011 #
b1011 '
b1011 (
b1010 &
0$
#11660000
b1100 #
b1100 '
b1100 (
b1011 &
0$
#11661000
b1101 #
b1101 '
b1101 (
b1100 &
0$
#11662000
b1110 #
b1110 '
b1110 (
b1101 &
0$
#11663000
b1111 #
b1111 '
b1111 (
b1110 &
0$
#11664000
b10000 #
b10000 '
b10000 (
b1111 &
0$
#11665000
b10001 #
b10001 '
b10001 (
b10000 &
0$
#11666000
b10010 #
b10010 '
b10010 (
b10001 &
0$
#11667000
b10011 #
b10011 '
b10011 (
b10010 &
0$
#11668000
b10100 #
b10100 '
b10100 (
b10011 &
0$
#11669000
b10101 #
b10101 '
b10101 (
b10100 &
0$
#11670000
b10110 #
b10110 '
b10110 (
b10101 &
0$
#11671000
b10111 #
b10111 '
b10111 (
b10110 &
0$
#11672000
b11000 #
b11000 '
b11000 (
b10111 &
0$
#11673000
b11001 #
b11001 '
b11001 (
b11000 &
0$
#11674000
b11010 #
b11010 '
b11010 (
b11001 &
0$
#11675000
b11011 #
b11011 '
b11011 (
b11010 &
0$
#11676000
b11100 #
b11100 '
b11100 (
b11011 &
0$
#11677000
b11101 #
b11101 '
b11101 (
b11100 &
0$
#11678000
b11110 #
b11110 '
b11110 (
b11101 &
0$
#11679000
b11111 #
b11111 '
b11111 (
b11110 &
0$
#11680000
b0 #
b0 '
b0 (
b11111 &
0$
#11681000
b1 #
b1 '
b1 (
b0 &
0$
#11682000
b10 #
b10 '
b10 (
b1 &
0$
#11683000
b11 #
b11 '
b11 (
b10 &
0$
#11684000
b100 #
b100 '
b100 (
b11 &
0$
#11685000
b101 #
b101 '
b101 (
b100 &
0$
#11686000
b110 #
b110 '
b110 (
b101 &
0$
#11687000
b111 #
b111 '
b111 (
b110 &
0$
#11688000
b1000 #
b1000 '
b1000 (
b111 &
0$
#11689000
b1001 #
b1001 '
b1001 (
b1000 &
0$
#11690000
b1010 #
b1010 '
b1010 (
b1001 &
0$
#11691000
b1011 #
b1011 '
b1011 (
b1010 &
0$
#11692000
b1100 #
b1100 '
b1100 (
b1011 &
0$
#11693000
b1101 #
b1101 '
b1101 (
b1100 &
0$
#11694000
b1110 #
b1110 '
b1110 (
b1101 &
0$
#11695000
b1111 #
b1111 '
b1111 (
b1110 &
0$
#11696000
b10000 #
b10000 '
b10000 (
b1111 &
0$
#11697000
b10001 #
b10001 '
b10001 (
b10000 &
0$
#11698000
b10010 #
b10010 '
b10010 (
b10001 &
0$
#11699000
b10011 #
b10011 '
b10011 (
b10010 &
0$
#11700000
b10100 #
b10100 '
b10100 (
b10011 &
0$
#11701000
b10101 #
b10101 '
b10101 (
b10100 &
0$
#11702000
b10110 #
b10110 '
b10110 (
b10101 &
0$
#11703000
b10111 #
b10111 '
b10111 (
b10110 &
0$
#11704000
b11000 #
b11000 '
b11000 (
b10111 &
0$
#11705000
b11001 #
b11001 '
b11001 (
b11000 &
0$
#11706000
b11010 #
b11010 '
b11010 (
b11001 &
0$
#11707000
b11011 #
b11011 '
b11011 (
b11010 &
0$
#11708000
b11100 #
b11100 '
b11100 (
b11011 &
0$
#11709000
b11101 #
b11101 '
b11101 (
b11100 &
0$
#11710000
b11110 #
b11110 '
b11110 (
b11101 &
0$
#11711000
b11111 #
b11111 '
b11111 (
b11110 &
0$
#11712000
b0 #
b0 '
b0 (
b11111 &
0$
#11713000
b1 #
b1 '
b1 (
b0 &
0$
#11714000
b10 #
b10 '
b10 (
b1 &
0$
#11715000
b11 #
b11 '
b11 (
b10 &
0$
#11716000
b100 #
b100 '
b100 (
b11 &
0$
#11717000
b101 #
b101 '
b101 (
b100 &
0$
#11718000
b110 #
b110 '
b110 (
b101 &
0$
#11719000
b111 #
b111 '
b111 (
b110 &
0$
#11720000
b1000 #
b1000 '
b1000 (
b111 &
0$
#11721000
b1001 #
b1001 '
b1001 (
b1000 &
0$
#11722000
b1010 #
b1010 '
b1010 (
b1001 &
0$
#11723000
b1011 #
b1011 '
b1011 (
b1010 &
0$
#11724000
b1100 #
b1100 '
b1100 (
b1011 &
0$
#11725000
b1101 #
b1101 '
b1101 (
b1100 &
0$
#11726000
b1110 #
b1110 '
b1110 (
b1101 &
0$
#11727000
b1111 #
b1111 '
b1111 (
b1110 &
0$
#11728000
b10000 #
b10000 '
b10000 (
b1111 &
0$
#11729000
b10001 #
b10001 '
b10001 (
b10000 &
0$
#11730000
b10010 #
b10010 '
b10010 (
b10001 &
0$
#11731000
b10011 #
b10011 '
b10011 (
b10010 &
0$
#11732000
b10100 #
b10100 '
b10100 (
b10011 &
0$
#11733000
b10101 #
b10101 '
b10101 (
b10100 &
0$
#11734000
b10110 #
b10110 '
b10110 (
b10101 &
0$
#11735000
b10111 #
b10111 '
b10111 (
b10110 &
0$
#11736000
b11000 #
b11000 '
b11000 (
b10111 &
0$
#11737000
b11001 #
b11001 '
b11001 (
b11000 &
0$
#11738000
b11010 #
b11010 '
b11010 (
b11001 &
0$
#11739000
b11011 #
b11011 '
b11011 (
b11010 &
0$
#11740000
b11100 #
b11100 '
b11100 (
b11011 &
0$
#11741000
b11101 #
b11101 '
b11101 (
b11100 &
0$
#11742000
b11110 #
b11110 '
b11110 (
b11101 &
0$
#11743000
b11111 #
b11111 '
b11111 (
b11110 &
0$
#11744000
b0 #
b0 '
b0 (
b11111 &
0$
#11745000
b1 #
b1 '
b1 (
b0 &
0$
#11746000
b10 #
b10 '
b10 (
b1 &
0$
#11747000
b11 #
b11 '
b11 (
b10 &
0$
#11748000
b100 #
b100 '
b100 (
b11 &
0$
#11749000
b101 #
b101 '
b101 (
b100 &
0$
#11750000
b110 #
b110 '
b110 (
b101 &
0$
#11751000
b111 #
b111 '
b111 (
b110 &
0$
#11752000
b1000 #
b1000 '
b1000 (
b111 &
0$
#11753000
b1001 #
b1001 '
b1001 (
b1000 &
0$
#11754000
b1010 #
b1010 '
b1010 (
b1001 &
0$
#11755000
b1011 #
b1011 '
b1011 (
b1010 &
0$
#11756000
b1100 #
b1100 '
b1100 (
b1011 &
0$
#11757000
b1101 #
b1101 '
b1101 (
b1100 &
0$
#11758000
b1110 #
b1110 '
b1110 (
b1101 &
0$
#11759000
b1111 #
b1111 '
b1111 (
b1110 &
0$
#11760000
b10000 #
b10000 '
b10000 (
b1111 &
0$
#11761000
b10001 #
b10001 '
b10001 (
b10000 &
0$
#11762000
b10010 #
b10010 '
b10010 (
b10001 &
0$
#11763000
b10011 #
b10011 '
b10011 (
b10010 &
0$
#11764000
b10100 #
b10100 '
b10100 (
b10011 &
0$
#11765000
b10101 #
b10101 '
b10101 (
b10100 &
0$
#11766000
b10110 #
b10110 '
b10110 (
b10101 &
0$
#11767000
b10111 #
b10111 '
b10111 (
b10110 &
0$
#11768000
b11000 #
b11000 '
b11000 (
b10111 &
0$
#11769000
b11001 #
b11001 '
b11001 (
b11000 &
0$
#11770000
b11010 #
b11010 '
b11010 (
b11001 &
0$
#11771000
b11011 #
b11011 '
b11011 (
b11010 &
0$
#11772000
b11100 #
b11100 '
b11100 (
b11011 &
0$
#11773000
b11101 #
b11101 '
b11101 (
b11100 &
0$
#11774000
b11110 #
b11110 '
b11110 (
b11101 &
0$
#11775000
b11111 #
b11111 '
b11111 (
b11110 &
0$
#11776000
b0 #
b0 '
b0 (
b11111 &
0$
#11777000
b1 #
b1 '
b1 (
b0 &
0$
#11778000
b10 #
b10 '
b10 (
b1 &
0$
#11779000
b11 #
b11 '
b11 (
b10 &
0$
#11780000
b100 #
b100 '
b100 (
b11 &
0$
#11781000
b101 #
b101 '
b101 (
b100 &
0$
#11782000
b110 #
b110 '
b110 (
b101 &
0$
#11783000
b111 #
b111 '
b111 (
b110 &
0$
#11784000
b1000 #
b1000 '
b1000 (
b111 &
0$
#11785000
b1001 #
b1001 '
b1001 (
b1000 &
0$
#11786000
b1010 #
b1010 '
b1010 (
b1001 &
0$
#11787000
b1011 #
b1011 '
b1011 (
b1010 &
0$
#11788000
b1100 #
b1100 '
b1100 (
b1011 &
0$
#11789000
b1101 #
b1101 '
b1101 (
b1100 &
0$
#11790000
b1110 #
b1110 '
b1110 (
b1101 &
0$
#11791000
b1111 #
b1111 '
b1111 (
b1110 &
0$
#11792000
b10000 #
b10000 '
b10000 (
b1111 &
0$
#11793000
b10001 #
b10001 '
b10001 (
b10000 &
0$
#11794000
b10010 #
b10010 '
b10010 (
b10001 &
0$
#11795000
b10011 #
b10011 '
b10011 (
b10010 &
0$
#11796000
b10100 #
b10100 '
b10100 (
b10011 &
0$
#11797000
b10101 #
b10101 '
b10101 (
b10100 &
0$
#11798000
b10110 #
b10110 '
b10110 (
b10101 &
0$
#11799000
b10111 #
b10111 '
b10111 (
b10110 &
0$
#11800000
b11000 #
b11000 '
b11000 (
b10111 &
0$
#11801000
b11001 #
b11001 '
b11001 (
b11000 &
0$
#11802000
b11010 #
b11010 '
b11010 (
b11001 &
0$
#11803000
b11011 #
b11011 '
b11011 (
b11010 &
0$
#11804000
b11100 #
b11100 '
b11100 (
b11011 &
0$
#11805000
b11101 #
b11101 '
b11101 (
b11100 &
0$
#11806000
b11110 #
b11110 '
b11110 (
b11101 &
0$
#11807000
b11111 #
b11111 '
b11111 (
b11110 &
0$
#11808000
b0 #
b0 '
b0 (
b11111 &
0$
#11809000
b1 #
b1 '
b1 (
b0 &
0$
#11810000
b10 #
b10 '
b10 (
b1 &
0$
#11811000
b11 #
b11 '
b11 (
b10 &
0$
#11812000
b100 #
b100 '
b100 (
b11 &
0$
#11813000
b101 #
b101 '
b101 (
b100 &
0$
#11814000
b110 #
b110 '
b110 (
b101 &
0$
#11815000
b111 #
b111 '
b111 (
b110 &
0$
#11816000
b1000 #
b1000 '
b1000 (
b111 &
0$
#11817000
b1001 #
b1001 '
b1001 (
b1000 &
0$
#11818000
b1010 #
b1010 '
b1010 (
b1001 &
0$
#11819000
b1011 #
b1011 '
b1011 (
b1010 &
0$
#11820000
b1100 #
b1100 '
b1100 (
b1011 &
0$
#11821000
b1101 #
b1101 '
b1101 (
b1100 &
0$
#11822000
b1110 #
b1110 '
b1110 (
b1101 &
0$
#11823000
b1111 #
b1111 '
b1111 (
b1110 &
0$
#11824000
b10000 #
b10000 '
b10000 (
b1111 &
0$
#11825000
b10001 #
b10001 '
b10001 (
b10000 &
0$
#11826000
b10010 #
b10010 '
b10010 (
b10001 &
0$
#11827000
b10011 #
b10011 '
b10011 (
b10010 &
0$
#11828000
b10100 #
b10100 '
b10100 (
b10011 &
0$
#11829000
b10101 #
b10101 '
b10101 (
b10100 &
0$
#11830000
b10110 #
b10110 '
b10110 (
b10101 &
0$
#11831000
b10111 #
b10111 '
b10111 (
b10110 &
0$
#11832000
b11000 #
b11000 '
b11000 (
b10111 &
0$
#11833000
b11001 #
b11001 '
b11001 (
b11000 &
0$
#11834000
b11010 #
b11010 '
b11010 (
b11001 &
0$
#11835000
b11011 #
b11011 '
b11011 (
b11010 &
0$
#11836000
b11100 #
b11100 '
b11100 (
b11011 &
0$
#11837000
b11101 #
b11101 '
b11101 (
b11100 &
0$
#11838000
b11110 #
b11110 '
b11110 (
b11101 &
0$
#11839000
b11111 #
b11111 '
b11111 (
b11110 &
0$
#11840000
b0 #
b0 '
b0 (
b11111 &
0$
#11841000
b1 #
b1 '
b1 (
b0 &
0$
#11842000
b10 #
b10 '
b10 (
b1 &
0$
#11843000
b11 #
b11 '
b11 (
b10 &
0$
#11844000
b100 #
b100 '
b100 (
b11 &
0$
#11845000
b101 #
b101 '
b101 (
b100 &
0$
#11846000
b110 #
b110 '
b110 (
b101 &
0$
#11847000
b111 #
b111 '
b111 (
b110 &
0$
#11848000
b1000 #
b1000 '
b1000 (
b111 &
0$
#11849000
b1001 #
b1001 '
b1001 (
b1000 &
0$
#11850000
b1010 #
b1010 '
b1010 (
b1001 &
0$
#11851000
b1011 #
b1011 '
b1011 (
b1010 &
0$
#11852000
b1100 #
b1100 '
b1100 (
b1011 &
0$
#11853000
b1101 #
b1101 '
b1101 (
b1100 &
0$
#11854000
b1110 #
b1110 '
b1110 (
b1101 &
0$
#11855000
b1111 #
b1111 '
b1111 (
b1110 &
0$
#11856000
b10000 #
b10000 '
b10000 (
b1111 &
0$
#11857000
b10001 #
b10001 '
b10001 (
b10000 &
0$
#11858000
b10010 #
b10010 '
b10010 (
b10001 &
0$
#11859000
b10011 #
b10011 '
b10011 (
b10010 &
0$
#11860000
b10100 #
b10100 '
b10100 (
b10011 &
0$
#11861000
b10101 #
b10101 '
b10101 (
b10100 &
0$
#11862000
b10110 #
b10110 '
b10110 (
b10101 &
0$
#11863000
b10111 #
b10111 '
b10111 (
b10110 &
0$
#11864000
b11000 #
b11000 '
b11000 (
b10111 &
0$
#11865000
b11001 #
b11001 '
b11001 (
b11000 &
0$
#11866000
b11010 #
b11010 '
b11010 (
b11001 &
0$
#11867000
b11011 #
b11011 '
b11011 (
b11010 &
0$
#11868000
b11100 #
b11100 '
b11100 (
b11011 &
0$
#11869000
b11101 #
b11101 '
b11101 (
b11100 &
0$
#11870000
b11110 #
b11110 '
b11110 (
b11101 &
0$
#11871000
b11111 #
b11111 '
b11111 (
b11110 &
0$
#11872000
b0 #
b0 '
b0 (
b11111 &
0$
#11873000
b1 #
b1 '
b1 (
b0 &
0$
#11874000
b10 #
b10 '
b10 (
b1 &
0$
#11875000
b11 #
b11 '
b11 (
b10 &
0$
#11876000
b100 #
b100 '
b100 (
b11 &
0$
#11877000
b101 #
b101 '
b101 (
b100 &
0$
#11878000
b110 #
b110 '
b110 (
b101 &
0$
#11879000
b111 #
b111 '
b111 (
b110 &
0$
#11880000
b1000 #
b1000 '
b1000 (
b111 &
0$
#11881000
b1001 #
b1001 '
b1001 (
b1000 &
0$
#11882000
b1010 #
b1010 '
b1010 (
b1001 &
0$
#11883000
b1011 #
b1011 '
b1011 (
b1010 &
0$
#11884000
b1100 #
b1100 '
b1100 (
b1011 &
0$
#11885000
b1101 #
b1101 '
b1101 (
b1100 &
0$
#11886000
b1110 #
b1110 '
b1110 (
b1101 &
0$
#11887000
b1111 #
b1111 '
b1111 (
b1110 &
0$
#11888000
b10000 #
b10000 '
b10000 (
b1111 &
0$
#11889000
b10001 #
b10001 '
b10001 (
b10000 &
0$
#11890000
b10010 #
b10010 '
b10010 (
b10001 &
0$
#11891000
b10011 #
b10011 '
b10011 (
b10010 &
0$
#11892000
b10100 #
b10100 '
b10100 (
b10011 &
0$
#11893000
b10101 #
b10101 '
b10101 (
b10100 &
0$
#11894000
b10110 #
b10110 '
b10110 (
b10101 &
0$
#11895000
b10111 #
b10111 '
b10111 (
b10110 &
0$
#11896000
b11000 #
b11000 '
b11000 (
b10111 &
0$
#11897000
b11001 #
b11001 '
b11001 (
b11000 &
0$
#11898000
b11010 #
b11010 '
b11010 (
b11001 &
0$
#11899000
b11011 #
b11011 '
b11011 (
b11010 &
0$
#11900000
b11100 #
b11100 '
b11100 (
b11011 &
0$
#11901000
b11101 #
b11101 '
b11101 (
b11100 &
0$
#11902000
b11110 #
b11110 '
b11110 (
b11101 &
0$
#11903000
b11111 #
b11111 '
b11111 (
b11110 &
0$
#11904000
b0 #
b0 '
b0 (
b11111 &
0$
#11905000
b1 #
b1 '
b1 (
b0 &
0$
#11906000
b10 #
b10 '
b10 (
b1 &
0$
#11907000
b11 #
b11 '
b11 (
b10 &
0$
#11908000
b100 #
b100 '
b100 (
b11 &
0$
#11909000
b101 #
b101 '
b101 (
b100 &
0$
#11910000
b110 #
b110 '
b110 (
b101 &
0$
#11911000
b111 #
b111 '
b111 (
b110 &
0$
#11912000
b1000 #
b1000 '
b1000 (
b111 &
0$
#11913000
b1001 #
b1001 '
b1001 (
b1000 &
0$
#11914000
b1010 #
b1010 '
b1010 (
b1001 &
0$
#11915000
b1011 #
b1011 '
b1011 (
b1010 &
0$
#11916000
b1100 #
b1100 '
b1100 (
b1011 &
0$
#11917000
b1101 #
b1101 '
b1101 (
b1100 &
0$
#11918000
b1110 #
b1110 '
b1110 (
b1101 &
0$
#11919000
b1111 #
b1111 '
b1111 (
b1110 &
0$
#11920000
b10000 #
b10000 '
b10000 (
b1111 &
0$
#11921000
b10001 #
b10001 '
b10001 (
b10000 &
0$
#11922000
b10010 #
b10010 '
b10010 (
b10001 &
0$
#11923000
b10011 #
b10011 '
b10011 (
b10010 &
0$
#11924000
b10100 #
b10100 '
b10100 (
b10011 &
0$
#11925000
b10101 #
b10101 '
b10101 (
b10100 &
0$
#11926000
b10110 #
b10110 '
b10110 (
b10101 &
0$
#11927000
b10111 #
b10111 '
b10111 (
b10110 &
0$
#11928000
b11000 #
b11000 '
b11000 (
b10111 &
0$
#11929000
b11001 #
b11001 '
b11001 (
b11000 &
0$
#11930000
b11010 #
b11010 '
b11010 (
b11001 &
0$
#11931000
b11011 #
b11011 '
b11011 (
b11010 &
0$
#11932000
b11100 #
b11100 '
b11100 (
b11011 &
0$
#11933000
b11101 #
b11101 '
b11101 (
b11100 &
0$
#11934000
b11110 #
b11110 '
b11110 (
b11101 &
0$
#11935000
b11111 #
b11111 '
b11111 (
b11110 &
0$
#11936000
b0 #
b0 '
b0 (
b11111 &
0$
#11937000
b1 #
b1 '
b1 (
b0 &
0$
#11938000
b10 #
b10 '
b10 (
b1 &
0$
#11939000
b11 #
b11 '
b11 (
b10 &
0$
#11940000
b100 #
b100 '
b100 (
b11 &
0$
#11941000
b101 #
b101 '
b101 (
b100 &
0$
#11942000
b110 #
b110 '
b110 (
b101 &
0$
#11943000
b111 #
b111 '
b111 (
b110 &
0$
#11944000
b1000 #
b1000 '
b1000 (
b111 &
0$
#11945000
b1001 #
b1001 '
b1001 (
b1000 &
0$
#11946000
b1010 #
b1010 '
b1010 (
b1001 &
0$
#11947000
b1011 #
b1011 '
b1011 (
b1010 &
0$
#11948000
b1100 #
b1100 '
b1100 (
b1011 &
0$
#11949000
b1101 #
b1101 '
b1101 (
b1100 &
0$
#11950000
b1110 #
b1110 '
b1110 (
b1101 &
0$
#11951000
b1111 #
b1111 '
b1111 (
b1110 &
0$
#11952000
b10000 #
b10000 '
b10000 (
b1111 &
0$
#11953000
b10001 #
b10001 '
b10001 (
b10000 &
0$
#11954000
b10010 #
b10010 '
b10010 (
b10001 &
0$
#11955000
b10011 #
b10011 '
b10011 (
b10010 &
0$
#11956000
b10100 #
b10100 '
b10100 (
b10011 &
0$
#11957000
b10101 #
b10101 '
b10101 (
b10100 &
0$
#11958000
b10110 #
b10110 '
b10110 (
b10101 &
0$
#11959000
b10111 #
b10111 '
b10111 (
b10110 &
0$
#11960000
b11000 #
b11000 '
b11000 (
b10111 &
0$
#11961000
b11001 #
b11001 '
b11001 (
b11000 &
0$
#11962000
b11010 #
b11010 '
b11010 (
b11001 &
0$
#11963000
b11011 #
b11011 '
b11011 (
b11010 &
0$
#11964000
b11100 #
b11100 '
b11100 (
b11011 &
0$
#11965000
b11101 #
b11101 '
b11101 (
b11100 &
0$
#11966000
b11110 #
b11110 '
b11110 (
b11101 &
0$
#11967000
b11111 #
b11111 '
b11111 (
b11110 &
0$
#11968000
b0 #
b0 '
b0 (
b11111 &
0$
#11969000
b1 #
b1 '
b1 (
b0 &
0$
#11970000
b10 #
b10 '
b10 (
b1 &
0$
#11971000
b11 #
b11 '
b11 (
b10 &
0$
#11972000
b100 #
b100 '
b100 (
b11 &
0$
#11973000
b101 #
b101 '
b101 (
b100 &
0$
#11974000
b110 #
b110 '
b110 (
b101 &
0$
#11975000
b111 #
b111 '
b111 (
b110 &
0$
#11976000
b1000 #
b1000 '
b1000 (
b111 &
0$
#11977000
b1001 #
b1001 '
b1001 (
b1000 &
0$
#11978000
b1010 #
b1010 '
b1010 (
b1001 &
0$
#11979000
b1011 #
b1011 '
b1011 (
b1010 &
0$
#11980000
b1100 #
b1100 '
b1100 (
b1011 &
0$
#11981000
b1101 #
b1101 '
b1101 (
b1100 &
0$
#11982000
b1110 #
b1110 '
b1110 (
b1101 &
0$
#11983000
b1111 #
b1111 '
b1111 (
b1110 &
0$
#11984000
b10000 #
b10000 '
b10000 (
b1111 &
0$
#11985000
b10001 #
b10001 '
b10001 (
b10000 &
0$
#11986000
b10010 #
b10010 '
b10010 (
b10001 &
0$
#11987000
b10011 #
b10011 '
b10011 (
b10010 &
0$
#11988000
b10100 #
b10100 '
b10100 (
b10011 &
0$
#11989000
b10101 #
b10101 '
b10101 (
b10100 &
0$
#11990000
b10110 #
b10110 '
b10110 (
b10101 &
0$
#11991000
b10111 #
b10111 '
b10111 (
b10110 &
0$
#11992000
b11000 #
b11000 '
b11000 (
b10111 &
0$
#11993000
b11001 #
b11001 '
b11001 (
b11000 &
0$
#11994000
b11010 #
b11010 '
b11010 (
b11001 &
0$
#11995000
b11011 #
b11011 '
b11011 (
b11010 &
0$
#11996000
b11100 #
b11100 '
b11100 (
b11011 &
0$
#11997000
b11101 #
b11101 '
b11101 (
b11100 &
0$
#11998000
b11110 #
b11110 '
b11110 (
b11101 &
0$
#11999000
b11111 #
b11111 '
b11111 (
b11110 &
0$
#12000000
b0 #
b0 '
b0 (
b11111 &
0$
#12001000
b1 #
b1 '
b1 (
b0 &
0$
#12002000
b10 #
b10 '
b10 (
b1 &
0$
#12003000
b11 #
b11 '
b11 (
b10 &
0$
#12004000
b100 #
b100 '
b100 (
b11 &
0$
#12005000
b101 #
b101 '
b101 (
b100 &
0$
#12006000
b110 #
b110 '
b110 (
b101 &
0$
#12007000
b111 #
b111 '
b111 (
b110 &
0$
#12008000
b1000 #
b1000 '
b1000 (
b111 &
0$
#12009000
b1001 #
b1001 '
b1001 (
b1000 &
0$
#12010000
b1010 #
b1010 '
b1010 (
b1001 &
0$
#12011000
b1011 #
b1011 '
b1011 (
b1010 &
0$
#12012000
b1100 #
b1100 '
b1100 (
b1011 &
0$
#12013000
b1101 #
b1101 '
b1101 (
b1100 &
0$
#12014000
b1110 #
b1110 '
b1110 (
b1101 &
0$
#12015000
b1111 #
b1111 '
b1111 (
b1110 &
0$
#12016000
b10000 #
b10000 '
b10000 (
b1111 &
0$
#12017000
b10001 #
b10001 '
b10001 (
b10000 &
0$
#12018000
b10010 #
b10010 '
b10010 (
b10001 &
0$
#12019000
b10011 #
b10011 '
b10011 (
b10010 &
0$
#12020000
b10100 #
b10100 '
b10100 (
b10011 &
0$
#12021000
b10101 #
b10101 '
b10101 (
b10100 &
0$
#12022000
b10110 #
b10110 '
b10110 (
b10101 &
0$
#12023000
b10111 #
b10111 '
b10111 (
b10110 &
0$
#12024000
b11000 #
b11000 '
b11000 (
b10111 &
0$
#12025000
b11001 #
b11001 '
b11001 (
b11000 &
0$
#12026000
b11010 #
b11010 '
b11010 (
b11001 &
0$
#12027000
b11011 #
b11011 '
b11011 (
b11010 &
0$
#12028000
b11100 #
b11100 '
b11100 (
b11011 &
0$
#12029000
b11101 #
b11101 '
b11101 (
b11100 &
0$
#12030000
b11110 #
b11110 '
b11110 (
b11101 &
0$
#12031000
b11111 #
b11111 '
b11111 (
b11110 &
0$
#12032000
b0 #
b0 '
b0 (
b11111 &
0$
#12033000
b1 #
b1 '
b1 (
b0 &
0$
#12034000
b10 #
b10 '
b10 (
b1 &
0$
#12035000
b11 #
b11 '
b11 (
b10 &
0$
#12036000
b100 #
b100 '
b100 (
b11 &
0$
#12037000
b101 #
b101 '
b101 (
b100 &
0$
#12038000
b110 #
b110 '
b110 (
b101 &
0$
#12039000
b111 #
b111 '
b111 (
b110 &
0$
#12040000
b1000 #
b1000 '
b1000 (
b111 &
0$
#12041000
b1001 #
b1001 '
b1001 (
b1000 &
0$
#12042000
b1010 #
b1010 '
b1010 (
b1001 &
0$
#12043000
b1011 #
b1011 '
b1011 (
b1010 &
0$
#12044000
b1100 #
b1100 '
b1100 (
b1011 &
0$
#12045000
b1101 #
b1101 '
b1101 (
b1100 &
0$
#12046000
b1110 #
b1110 '
b1110 (
b1101 &
0$
#12047000
b1111 #
b1111 '
b1111 (
b1110 &
0$
#12048000
b10000 #
b10000 '
b10000 (
b1111 &
0$
#12049000
b10001 #
b10001 '
b10001 (
b10000 &
0$
#12050000
b10010 #
b10010 '
b10010 (
b10001 &
0$
#12051000
b10011 #
b10011 '
b10011 (
b10010 &
0$
#12052000
b10100 #
b10100 '
b10100 (
b10011 &
0$
#12053000
b10101 #
b10101 '
b10101 (
b10100 &
0$
#12054000
b10110 #
b10110 '
b10110 (
b10101 &
0$
#12055000
b10111 #
b10111 '
b10111 (
b10110 &
0$
#12056000
b11000 #
b11000 '
b11000 (
b10111 &
0$
#12057000
b11001 #
b11001 '
b11001 (
b11000 &
0$
#12058000
b11010 #
b11010 '
b11010 (
b11001 &
0$
#12059000
b11011 #
b11011 '
b11011 (
b11010 &
0$
#12060000
b11100 #
b11100 '
b11100 (
b11011 &
0$
#12061000
b11101 #
b11101 '
b11101 (
b11100 &
0$
#12062000
b11110 #
b11110 '
b11110 (
b11101 &
0$
#12063000
b11111 #
b11111 '
b11111 (
b11110 &
0$
#12064000
b0 #
b0 '
b0 (
b11111 &
0$
#12065000
b1 #
b1 '
b1 (
b0 &
0$
#12066000
b10 #
b10 '
b10 (
b1 &
0$
#12067000
b11 #
b11 '
b11 (
b10 &
0$
#12068000
b100 #
b100 '
b100 (
b11 &
0$
#12069000
b101 #
b101 '
b101 (
b100 &
0$
#12070000
b110 #
b110 '
b110 (
b101 &
0$
#12071000
b111 #
b111 '
b111 (
b110 &
0$
#12072000
b1000 #
b1000 '
b1000 (
b111 &
0$
#12073000
b1001 #
b1001 '
b1001 (
b1000 &
0$
#12074000
b1010 #
b1010 '
b1010 (
b1001 &
0$
#12075000
b1011 #
b1011 '
b1011 (
b1010 &
0$
#12076000
b1100 #
b1100 '
b1100 (
b1011 &
0$
#12077000
b1101 #
b1101 '
b1101 (
b1100 &
0$
#12078000
b1110 #
b1110 '
b1110 (
b1101 &
0$
#12079000
b1111 #
b1111 '
b1111 (
b1110 &
0$
#12080000
b10000 #
b10000 '
b10000 (
b1111 &
0$
#12081000
b10001 #
b10001 '
b10001 (
b10000 &
0$
#12082000
b10010 #
b10010 '
b10010 (
b10001 &
0$
#12083000
b10011 #
b10011 '
b10011 (
b10010 &
0$
#12084000
b10100 #
b10100 '
b10100 (
b10011 &
0$
#12085000
b10101 #
b10101 '
b10101 (
b10100 &
0$
#12086000
b10110 #
b10110 '
b10110 (
b10101 &
0$
#12087000
b10111 #
b10111 '
b10111 (
b10110 &
0$
#12088000
b11000 #
b11000 '
b11000 (
b10111 &
0$
#12089000
b11001 #
b11001 '
b11001 (
b11000 &
0$
#12090000
b11010 #
b11010 '
b11010 (
b11001 &
0$
#12091000
b11011 #
b11011 '
b11011 (
b11010 &
0$
#12092000
b11100 #
b11100 '
b11100 (
b11011 &
0$
#12093000
b11101 #
b11101 '
b11101 (
b11100 &
0$
#12094000
b11110 #
b11110 '
b11110 (
b11101 &
0$
#12095000
b11111 #
b11111 '
b11111 (
b11110 &
0$
#12096000
b0 #
b0 '
b0 (
b11111 &
0$
#12097000
b1 #
b1 '
b1 (
b0 &
0$
#12098000
b10 #
b10 '
b10 (
b1 &
0$
#12099000
b11 #
b11 '
b11 (
b10 &
0$
#12100000
b100 #
b100 '
b100 (
b11 &
0$
#12101000
b101 #
b101 '
b101 (
b100 &
0$
#12102000
b110 #
b110 '
b110 (
b101 &
0$
#12103000
b111 #
b111 '
b111 (
b110 &
0$
#12104000
b1000 #
b1000 '
b1000 (
b111 &
0$
#12105000
b1001 #
b1001 '
b1001 (
b1000 &
0$
#12106000
b1010 #
b1010 '
b1010 (
b1001 &
0$
#12107000
b1011 #
b1011 '
b1011 (
b1010 &
0$
#12108000
b1100 #
b1100 '
b1100 (
b1011 &
0$
#12109000
b1101 #
b1101 '
b1101 (
b1100 &
0$
#12110000
b1110 #
b1110 '
b1110 (
b1101 &
0$
#12111000
b1111 #
b1111 '
b1111 (
b1110 &
0$
#12112000
b10000 #
b10000 '
b10000 (
b1111 &
0$
#12113000
b10001 #
b10001 '
b10001 (
b10000 &
0$
#12114000
b10010 #
b10010 '
b10010 (
b10001 &
0$
#12115000
b10011 #
b10011 '
b10011 (
b10010 &
0$
#12116000
b10100 #
b10100 '
b10100 (
b10011 &
0$
#12117000
b10101 #
b10101 '
b10101 (
b10100 &
0$
#12118000
b10110 #
b10110 '
b10110 (
b10101 &
0$
#12119000
b10111 #
b10111 '
b10111 (
b10110 &
0$
#12120000
b11000 #
b11000 '
b11000 (
b10111 &
0$
#12121000
b11001 #
b11001 '
b11001 (
b11000 &
0$
#12122000
b11010 #
b11010 '
b11010 (
b11001 &
0$
#12123000
b11011 #
b11011 '
b11011 (
b11010 &
0$
#12124000
b11100 #
b11100 '
b11100 (
b11011 &
0$
#12125000
b11101 #
b11101 '
b11101 (
b11100 &
0$
#12126000
b11110 #
b11110 '
b11110 (
b11101 &
0$
#12127000
b11111 #
b11111 '
b11111 (
b11110 &
0$
#12128000
b0 #
b0 '
b0 (
b11111 &
0$
#12129000
b1 #
b1 '
b1 (
b0 &
0$
#12130000
b10 #
b10 '
b10 (
b1 &
0$
#12131000
b11 #
b11 '
b11 (
b10 &
0$
#12132000
b100 #
b100 '
b100 (
b11 &
0$
#12133000
b101 #
b101 '
b101 (
b100 &
0$
#12134000
b110 #
b110 '
b110 (
b101 &
0$
#12135000
b111 #
b111 '
b111 (
b110 &
0$
#12136000
b1000 #
b1000 '
b1000 (
b111 &
0$
#12137000
b1001 #
b1001 '
b1001 (
b1000 &
0$
#12138000
b1010 #
b1010 '
b1010 (
b1001 &
0$
#12139000
b1011 #
b1011 '
b1011 (
b1010 &
0$
#12140000
b1100 #
b1100 '
b1100 (
b1011 &
0$
#12141000
b1101 #
b1101 '
b1101 (
b1100 &
0$
#12142000
b1110 #
b1110 '
b1110 (
b1101 &
0$
#12143000
b1111 #
b1111 '
b1111 (
b1110 &
0$
#12144000
b10000 #
b10000 '
b10000 (
b1111 &
0$
#12145000
b10001 #
b10001 '
b10001 (
b10000 &
0$
#12146000
b10010 #
b10010 '
b10010 (
b10001 &
0$
#12147000
b10011 #
b10011 '
b10011 (
b10010 &
0$
#12148000
b10100 #
b10100 '
b10100 (
b10011 &
0$
#12149000
b10101 #
b10101 '
b10101 (
b10100 &
0$
#12150000
b10110 #
b10110 '
b10110 (
b10101 &
0$
#12151000
b10111 #
b10111 '
b10111 (
b10110 &
0$
#12152000
b11000 #
b11000 '
b11000 (
b10111 &
0$
#12153000
b11001 #
b11001 '
b11001 (
b11000 &
0$
#12154000
b11010 #
b11010 '
b11010 (
b11001 &
0$
#12155000
b11011 #
b11011 '
b11011 (
b11010 &
0$
#12156000
b11100 #
b11100 '
b11100 (
b11011 &
0$
#12157000
b11101 #
b11101 '
b11101 (
b11100 &
0$
#12158000
b11110 #
b11110 '
b11110 (
b11101 &
0$
#12159000
b11111 #
b11111 '
b11111 (
b11110 &
0$
#12160000
b0 #
b0 '
b0 (
b11111 &
0$
#12161000
b1 #
b1 '
b1 (
b0 &
0$
#12162000
b10 #
b10 '
b10 (
b1 &
0$
#12163000
b11 #
b11 '
b11 (
b10 &
0$
#12164000
b100 #
b100 '
b100 (
b11 &
0$
#12165000
b101 #
b101 '
b101 (
b100 &
0$
#12166000
b110 #
b110 '
b110 (
b101 &
0$
#12167000
b111 #
b111 '
b111 (
b110 &
0$
#12168000
b1000 #
b1000 '
b1000 (
b111 &
0$
#12169000
b1001 #
b1001 '
b1001 (
b1000 &
0$
#12170000
b1010 #
b1010 '
b1010 (
b1001 &
0$
#12171000
b1011 #
b1011 '
b1011 (
b1010 &
0$
#12172000
b1100 #
b1100 '
b1100 (
b1011 &
0$
#12173000
b1101 #
b1101 '
b1101 (
b1100 &
0$
#12174000
b1110 #
b1110 '
b1110 (
b1101 &
0$
#12175000
b1111 #
b1111 '
b1111 (
b1110 &
0$
#12176000
b10000 #
b10000 '
b10000 (
b1111 &
0$
#12177000
b10001 #
b10001 '
b10001 (
b10000 &
0$
#12178000
b10010 #
b10010 '
b10010 (
b10001 &
0$
#12179000
b10011 #
b10011 '
b10011 (
b10010 &
0$
#12180000
b10100 #
b10100 '
b10100 (
b10011 &
0$
#12181000
b10101 #
b10101 '
b10101 (
b10100 &
0$
#12182000
b10110 #
b10110 '
b10110 (
b10101 &
0$
#12183000
b10111 #
b10111 '
b10111 (
b10110 &
0$
#12184000
b11000 #
b11000 '
b11000 (
b10111 &
0$
#12185000
b11001 #
b11001 '
b11001 (
b11000 &
0$
#12186000
b11010 #
b11010 '
b11010 (
b11001 &
0$
#12187000
b11011 #
b11011 '
b11011 (
b11010 &
0$
#12188000
b11100 #
b11100 '
b11100 (
b11011 &
0$
#12189000
b11101 #
b11101 '
b11101 (
b11100 &
0$
#12190000
b11110 #
b11110 '
b11110 (
b11101 &
0$
#12191000
b11111 #
b11111 '
b11111 (
b11110 &
0$
#12192000
b0 #
b0 '
b0 (
b11111 &
0$
#12193000
b1 #
b1 '
b1 (
b0 &
0$
#12194000
b10 #
b10 '
b10 (
b1 &
0$
#12195000
b11 #
b11 '
b11 (
b10 &
0$
#12196000
b100 #
b100 '
b100 (
b11 &
0$
#12197000
b101 #
b101 '
b101 (
b100 &
0$
#12198000
b110 #
b110 '
b110 (
b101 &
0$
#12199000
b111 #
b111 '
b111 (
b110 &
0$
#12200000
b1000 #
b1000 '
b1000 (
b111 &
0$
#12201000
b1001 #
b1001 '
b1001 (
b1000 &
0$
#12202000
b1010 #
b1010 '
b1010 (
b1001 &
0$
#12203000
b1011 #
b1011 '
b1011 (
b1010 &
0$
#12204000
b1100 #
b1100 '
b1100 (
b1011 &
0$
#12205000
b1101 #
b1101 '
b1101 (
b1100 &
0$
#12206000
b1110 #
b1110 '
b1110 (
b1101 &
0$
#12207000
b1111 #
b1111 '
b1111 (
b1110 &
0$
#12208000
b10000 #
b10000 '
b10000 (
b1111 &
0$
#12209000
b10001 #
b10001 '
b10001 (
b10000 &
0$
#12210000
b10010 #
b10010 '
b10010 (
b10001 &
0$
#12211000
b10011 #
b10011 '
b10011 (
b10010 &
0$
#12212000
b10100 #
b10100 '
b10100 (
b10011 &
0$
#12213000
b10101 #
b10101 '
b10101 (
b10100 &
0$
#12214000
b10110 #
b10110 '
b10110 (
b10101 &
0$
#12215000
b10111 #
b10111 '
b10111 (
b10110 &
0$
#12216000
b11000 #
b11000 '
b11000 (
b10111 &
0$
#12217000
b11001 #
b11001 '
b11001 (
b11000 &
0$
#12218000
b11010 #
b11010 '
b11010 (
b11001 &
0$
#12219000
b11011 #
b11011 '
b11011 (
b11010 &
0$
#12220000
b11100 #
b11100 '
b11100 (
b11011 &
0$
#12221000
b11101 #
b11101 '
b11101 (
b11100 &
0$
#12222000
b11110 #
b11110 '
b11110 (
b11101 &
0$
#12223000
b11111 #
b11111 '
b11111 (
b11110 &
0$
#12224000
b0 #
b0 '
b0 (
b11111 &
0$
#12225000
b1 #
b1 '
b1 (
b0 &
0$
#12226000
b10 #
b10 '
b10 (
b1 &
0$
#12227000
b11 #
b11 '
b11 (
b10 &
0$
#12228000
b100 #
b100 '
b100 (
b11 &
0$
#12229000
b101 #
b101 '
b101 (
b100 &
0$
#12230000
b110 #
b110 '
b110 (
b101 &
0$
#12231000
b111 #
b111 '
b111 (
b110 &
0$
#12232000
b1000 #
b1000 '
b1000 (
b111 &
0$
#12233000
b1001 #
b1001 '
b1001 (
b1000 &
0$
#12234000
b1010 #
b1010 '
b1010 (
b1001 &
0$
#12235000
b1011 #
b1011 '
b1011 (
b1010 &
0$
#12236000
b1100 #
b1100 '
b1100 (
b1011 &
0$
#12237000
b1101 #
b1101 '
b1101 (
b1100 &
0$
#12238000
b1110 #
b1110 '
b1110 (
b1101 &
0$
#12239000
b1111 #
b1111 '
b1111 (
b1110 &
0$
#12240000
b10000 #
b10000 '
b10000 (
b1111 &
0$
#12241000
b10001 #
b10001 '
b10001 (
b10000 &
0$
#12242000
b10010 #
b10010 '
b10010 (
b10001 &
0$
#12243000
b10011 #
b10011 '
b10011 (
b10010 &
0$
#12244000
b10100 #
b10100 '
b10100 (
b10011 &
0$
#12245000
b10101 #
b10101 '
b10101 (
b10100 &
0$
#12246000
b10110 #
b10110 '
b10110 (
b10101 &
0$
#12247000
b10111 #
b10111 '
b10111 (
b10110 &
0$
#12248000
b11000 #
b11000 '
b11000 (
b10111 &
0$
#12249000
b11001 #
b11001 '
b11001 (
b11000 &
0$
#12250000
b11010 #
b11010 '
b11010 (
b11001 &
0$
#12251000
b11011 #
b11011 '
b11011 (
b11010 &
0$
#12252000
b11100 #
b11100 '
b11100 (
b11011 &
0$
#12253000
b11101 #
b11101 '
b11101 (
b11100 &
0$
#12254000
b11110 #
b11110 '
b11110 (
b11101 &
0$
#12255000
b11111 #
b11111 '
b11111 (
b11110 &
0$
#12256000
b0 #
b0 '
b0 (
b11111 &
0$
#12257000
b1 #
b1 '
b1 (
b0 &
0$
#12258000
b10 #
b10 '
b10 (
b1 &
0$
#12259000
b11 #
b11 '
b11 (
b10 &
0$
#12260000
b100 #
b100 '
b100 (
b11 &
0$
#12261000
b101 #
b101 '
b101 (
b100 &
0$
#12262000
b110 #
b110 '
b110 (
b101 &
0$
#12263000
b111 #
b111 '
b111 (
b110 &
0$
#12264000
b1000 #
b1000 '
b1000 (
b111 &
0$
#12265000
b1001 #
b1001 '
b1001 (
b1000 &
0$
#12266000
b1010 #
b1010 '
b1010 (
b1001 &
0$
#12267000
b1011 #
b1011 '
b1011 (
b1010 &
0$
#12268000
b1100 #
b1100 '
b1100 (
b1011 &
0$
#12269000
b1101 #
b1101 '
b1101 (
b1100 &
0$
#12270000
b1110 #
b1110 '
b1110 (
b1101 &
0$
#12271000
b1111 #
b1111 '
b1111 (
b1110 &
0$
#12272000
b10000 #
b10000 '
b10000 (
b1111 &
0$
#12273000
b10001 #
b10001 '
b10001 (
b10000 &
0$
#12274000
b10010 #
b10010 '
b10010 (
b10001 &
0$
#12275000
b10011 #
b10011 '
b10011 (
b10010 &
0$
#12276000
b10100 #
b10100 '
b10100 (
b10011 &
0$
#12277000
b10101 #
b10101 '
b10101 (
b10100 &
0$
#12278000
b10110 #
b10110 '
b10110 (
b10101 &
0$
#12279000
b10111 #
b10111 '
b10111 (
b10110 &
0$
#12280000
b11000 #
b11000 '
b11000 (
b10111 &
0$
#12281000
b11001 #
b11001 '
b11001 (
b11000 &
0$
#12282000
b11010 #
b11010 '
b11010 (
b11001 &
0$
#12283000
b11011 #
b11011 '
b11011 (
b11010 &
0$
#12284000
b11100 #
b11100 '
b11100 (
b11011 &
0$
#12285000
b11101 #
b11101 '
b11101 (
b11100 &
0$
#12286000
b11110 #
b11110 '
b11110 (
b11101 &
0$
#12287000
b11111 #
b11111 '
b11111 (
b11110 &
0$
#12288000
b0 #
b0 '
b0 (
b11111 &
0$
#12289000
b1 #
b1 '
b1 (
b0 &
0$
#12290000
b10 #
b10 '
b10 (
b1 &
0$
#12291000
b11 #
b11 '
b11 (
b10 &
0$
#12292000
b100 #
b100 '
b100 (
b11 &
0$
#12293000
b101 #
b101 '
b101 (
b100 &
0$
#12294000
b110 #
b110 '
b110 (
b101 &
0$
#12295000
b111 #
b111 '
b111 (
b110 &
0$
#12296000
b1000 #
b1000 '
b1000 (
b111 &
0$
#12297000
b1001 #
b1001 '
b1001 (
b1000 &
0$
#12298000
b1010 #
b1010 '
b1010 (
b1001 &
0$
#12299000
b1011 #
b1011 '
b1011 (
b1010 &
0$
#12300000
b1100 #
b1100 '
b1100 (
b1011 &
0$
#12301000
b1101 #
b1101 '
b1101 (
b1100 &
0$
#12302000
b1110 #
b1110 '
b1110 (
b1101 &
0$
#12303000
b1111 #
b1111 '
b1111 (
b1110 &
0$
#12304000
b10000 #
b10000 '
b10000 (
b1111 &
0$
#12305000
b10001 #
b10001 '
b10001 (
b10000 &
0$
#12306000
b10010 #
b10010 '
b10010 (
b10001 &
0$
#12307000
b10011 #
b10011 '
b10011 (
b10010 &
0$
#12308000
b10100 #
b10100 '
b10100 (
b10011 &
0$
#12309000
b10101 #
b10101 '
b10101 (
b10100 &
0$
#12310000
b10110 #
b10110 '
b10110 (
b10101 &
0$
#12311000
b10111 #
b10111 '
b10111 (
b10110 &
0$
#12312000
b11000 #
b11000 '
b11000 (
b10111 &
0$
#12313000
b11001 #
b11001 '
b11001 (
b11000 &
0$
#12314000
b11010 #
b11010 '
b11010 (
b11001 &
0$
#12315000
b11011 #
b11011 '
b11011 (
b11010 &
0$
#12316000
b11100 #
b11100 '
b11100 (
b11011 &
0$
#12317000
b11101 #
b11101 '
b11101 (
b11100 &
0$
#12318000
b11110 #
b11110 '
b11110 (
b11101 &
0$
#12319000
b11111 #
b11111 '
b11111 (
b11110 &
0$
#12320000
b0 #
b0 '
b0 (
b11111 &
0$
#12321000
b1 #
b1 '
b1 (
b0 &
0$
#12322000
b10 #
b10 '
b10 (
b1 &
0$
#12323000
b11 #
b11 '
b11 (
b10 &
0$
#12324000
b100 #
b100 '
b100 (
b11 &
0$
#12325000
b101 #
b101 '
b101 (
b100 &
0$
#12326000
b110 #
b110 '
b110 (
b101 &
0$
#12327000
b111 #
b111 '
b111 (
b110 &
0$
#12328000
b1000 #
b1000 '
b1000 (
b111 &
0$
#12329000
b1001 #
b1001 '
b1001 (
b1000 &
0$
#12330000
b1010 #
b1010 '
b1010 (
b1001 &
0$
#12331000
b1011 #
b1011 '
b1011 (
b1010 &
0$
#12332000
b1100 #
b1100 '
b1100 (
b1011 &
0$
#12333000
b1101 #
b1101 '
b1101 (
b1100 &
0$
#12334000
b1110 #
b1110 '
b1110 (
b1101 &
0$
#12335000
b1111 #
b1111 '
b1111 (
b1110 &
0$
#12336000
b10000 #
b10000 '
b10000 (
b1111 &
0$
#12337000
b10001 #
b10001 '
b10001 (
b10000 &
0$
#12338000
b10010 #
b10010 '
b10010 (
b10001 &
0$
#12339000
b10011 #
b10011 '
b10011 (
b10010 &
0$
#12340000
b10100 #
b10100 '
b10100 (
b10011 &
0$
#12341000
b10101 #
b10101 '
b10101 (
b10100 &
0$
#12342000
b10110 #
b10110 '
b10110 (
b10101 &
0$
#12343000
b10111 #
b10111 '
b10111 (
b10110 &
0$
#12344000
b11000 #
b11000 '
b11000 (
b10111 &
0$
#12345000
b11001 #
b11001 '
b11001 (
b11000 &
0$
#12346000
b11010 #
b11010 '
b11010 (
b11001 &
0$
#12347000
b11011 #
b11011 '
b11011 (
b11010 &
0$
#12348000
b11100 #
b11100 '
b11100 (
b11011 &
0$
#12349000
b11101 #
b11101 '
b11101 (
b11100 &
0$
#12350000
b11110 #
b11110 '
b11110 (
b11101 &
0$
#12351000
b11111 #
b11111 '
b11111 (
b11110 &
0$
#12352000
b0 #
b0 '
b0 (
b11111 &
0$
#12353000
b1 #
b1 '
b1 (
b0 &
0$
#12354000
b10 #
b10 '
b10 (
b1 &
0$
#12355000
b11 #
b11 '
b11 (
b10 &
0$
#12356000
b100 #
b100 '
b100 (
b11 &
0$
#12357000
b101 #
b101 '
b101 (
b100 &
0$
#12358000
b110 #
b110 '
b110 (
b101 &
0$
#12359000
b111 #
b111 '
b111 (
b110 &
0$
#12360000
b1000 #
b1000 '
b1000 (
b111 &
0$
#12361000
b1001 #
b1001 '
b1001 (
b1000 &
0$
#12362000
b1010 #
b1010 '
b1010 (
b1001 &
0$
#12363000
b1011 #
b1011 '
b1011 (
b1010 &
0$
#12364000
b1100 #
b1100 '
b1100 (
b1011 &
0$
#12365000
b1101 #
b1101 '
b1101 (
b1100 &
0$
#12366000
b1110 #
b1110 '
b1110 (
b1101 &
0$
#12367000
b1111 #
b1111 '
b1111 (
b1110 &
0$
#12368000
b10000 #
b10000 '
b10000 (
b1111 &
0$
#12369000
b10001 #
b10001 '
b10001 (
b10000 &
0$
#12370000
b10010 #
b10010 '
b10010 (
b10001 &
0$
#12371000
b10011 #
b10011 '
b10011 (
b10010 &
0$
#12372000
b10100 #
b10100 '
b10100 (
b10011 &
0$
#12373000
b10101 #
b10101 '
b10101 (
b10100 &
0$
#12374000
b10110 #
b10110 '
b10110 (
b10101 &
0$
#12375000
b10111 #
b10111 '
b10111 (
b10110 &
0$
#12376000
b11000 #
b11000 '
b11000 (
b10111 &
0$
#12377000
b11001 #
b11001 '
b11001 (
b11000 &
0$
#12378000
b11010 #
b11010 '
b11010 (
b11001 &
0$
#12379000
b11011 #
b11011 '
b11011 (
b11010 &
0$
#12380000
b11100 #
b11100 '
b11100 (
b11011 &
0$
#12381000
b11101 #
b11101 '
b11101 (
b11100 &
0$
#12382000
b11110 #
b11110 '
b11110 (
b11101 &
0$
#12383000
b11111 #
b11111 '
b11111 (
b11110 &
0$
#12384000
b0 #
b0 '
b0 (
b11111 &
0$
#12385000
b1 #
b1 '
b1 (
b0 &
0$
#12386000
b10 #
b10 '
b10 (
b1 &
0$
#12387000
b11 #
b11 '
b11 (
b10 &
0$
#12388000
b100 #
b100 '
b100 (
b11 &
0$
#12389000
b101 #
b101 '
b101 (
b100 &
0$
#12390000
b110 #
b110 '
b110 (
b101 &
0$
#12391000
b111 #
b111 '
b111 (
b110 &
0$
#12392000
b1000 #
b1000 '
b1000 (
b111 &
0$
#12393000
b1001 #
b1001 '
b1001 (
b1000 &
0$
#12394000
b1010 #
b1010 '
b1010 (
b1001 &
0$
#12395000
b1011 #
b1011 '
b1011 (
b1010 &
0$
#12396000
b1100 #
b1100 '
b1100 (
b1011 &
0$
#12397000
b1101 #
b1101 '
b1101 (
b1100 &
0$
#12398000
b1110 #
b1110 '
b1110 (
b1101 &
0$
#12399000
b1111 #
b1111 '
b1111 (
b1110 &
0$
#12400000
b10000 #
b10000 '
b10000 (
b1111 &
0$
#12401000
b10001 #
b10001 '
b10001 (
b10000 &
0$
#12402000
b10010 #
b10010 '
b10010 (
b10001 &
0$
#12403000
b10011 #
b10011 '
b10011 (
b10010 &
0$
#12404000
b10100 #
b10100 '
b10100 (
b10011 &
0$
#12405000
b10101 #
b10101 '
b10101 (
b10100 &
0$
#12406000
b10110 #
b10110 '
b10110 (
b10101 &
0$
#12407000
b10111 #
b10111 '
b10111 (
b10110 &
0$
#12408000
b11000 #
b11000 '
b11000 (
b10111 &
0$
#12409000
b11001 #
b11001 '
b11001 (
b11000 &
0$
#12410000
b11010 #
b11010 '
b11010 (
b11001 &
0$
#12411000
b11011 #
b11011 '
b11011 (
b11010 &
0$
#12412000
b11100 #
b11100 '
b11100 (
b11011 &
0$
#12413000
b11101 #
b11101 '
b11101 (
b11100 &
0$
#12414000
b11110 #
b11110 '
b11110 (
b11101 &
0$
#12415000
b11111 #
b11111 '
b11111 (
b11110 &
0$
#12416000
b0 #
b0 '
b0 (
b11111 &
0$
#12417000
b1 #
b1 '
b1 (
b0 &
0$
#12418000
b10 #
b10 '
b10 (
b1 &
0$
#12419000
b11 #
b11 '
b11 (
b10 &
0$
#12420000
b100 #
b100 '
b100 (
b11 &
0$
#12421000
b101 #
b101 '
b101 (
b100 &
0$
#12422000
b110 #
b110 '
b110 (
b101 &
0$
#12423000
b111 #
b111 '
b111 (
b110 &
0$
#12424000
b1000 #
b1000 '
b1000 (
b111 &
0$
#12425000
b1001 #
b1001 '
b1001 (
b1000 &
0$
#12426000
b1010 #
b1010 '
b1010 (
b1001 &
0$
#12427000
b1011 #
b1011 '
b1011 (
b1010 &
0$
#12428000
b1100 #
b1100 '
b1100 (
b1011 &
0$
#12429000
b1101 #
b1101 '
b1101 (
b1100 &
0$
#12430000
b1110 #
b1110 '
b1110 (
b1101 &
0$
#12431000
b1111 #
b1111 '
b1111 (
b1110 &
0$
#12432000
b10000 #
b10000 '
b10000 (
b1111 &
0$
#12433000
b10001 #
b10001 '
b10001 (
b10000 &
0$
#12434000
b10010 #
b10010 '
b10010 (
b10001 &
0$
#12435000
b10011 #
b10011 '
b10011 (
b10010 &
0$
#12436000
b10100 #
b10100 '
b10100 (
b10011 &
0$
#12437000
b10101 #
b10101 '
b10101 (
b10100 &
0$
#12438000
b10110 #
b10110 '
b10110 (
b10101 &
0$
#12439000
b10111 #
b10111 '
b10111 (
b10110 &
0$
#12440000
b11000 #
b11000 '
b11000 (
b10111 &
0$
#12441000
b11001 #
b11001 '
b11001 (
b11000 &
0$
#12442000
b11010 #
b11010 '
b11010 (
b11001 &
0$
#12443000
b11011 #
b11011 '
b11011 (
b11010 &
0$
#12444000
b11100 #
b11100 '
b11100 (
b11011 &
0$
#12445000
b11101 #
b11101 '
b11101 (
b11100 &
0$
#12446000
b11110 #
b11110 '
b11110 (
b11101 &
0$
#12447000
b11111 #
b11111 '
b11111 (
b11110 &
0$
#12448000
b0 #
b0 '
b0 (
b11111 &
0$
#12449000
b1 #
b1 '
b1 (
b0 &
0$
#12450000
b10 #
b10 '
b10 (
b1 &
0$
#12451000
b11 #
b11 '
b11 (
b10 &
0$
#12452000
b100 #
b100 '
b100 (
b11 &
0$
#12453000
b101 #
b101 '
b101 (
b100 &
0$
#12454000
b110 #
b110 '
b110 (
b101 &
0$
#12455000
b111 #
b111 '
b111 (
b110 &
0$
#12456000
b1000 #
b1000 '
b1000 (
b111 &
0$
#12457000
b1001 #
b1001 '
b1001 (
b1000 &
0$
#12458000
b1010 #
b1010 '
b1010 (
b1001 &
0$
#12459000
b1011 #
b1011 '
b1011 (
b1010 &
0$
#12460000
b1100 #
b1100 '
b1100 (
b1011 &
0$
#12461000
b1101 #
b1101 '
b1101 (
b1100 &
0$
#12462000
b1110 #
b1110 '
b1110 (
b1101 &
0$
#12463000
b1111 #
b1111 '
b1111 (
b1110 &
0$
#12464000
b10000 #
b10000 '
b10000 (
b1111 &
0$
#12465000
b10001 #
b10001 '
b10001 (
b10000 &
0$
#12466000
b10010 #
b10010 '
b10010 (
b10001 &
0$
#12467000
b10011 #
b10011 '
b10011 (
b10010 &
0$
#12468000
b10100 #
b10100 '
b10100 (
b10011 &
0$
#12469000
b10101 #
b10101 '
b10101 (
b10100 &
0$
#12470000
b10110 #
b10110 '
b10110 (
b10101 &
0$
#12471000
b10111 #
b10111 '
b10111 (
b10110 &
0$
#12472000
b11000 #
b11000 '
b11000 (
b10111 &
0$
#12473000
b11001 #
b11001 '
b11001 (
b11000 &
0$
#12474000
b11010 #
b11010 '
b11010 (
b11001 &
0$
#12475000
b11011 #
b11011 '
b11011 (
b11010 &
0$
#12476000
b11100 #
b11100 '
b11100 (
b11011 &
0$
#12477000
b11101 #
b11101 '
b11101 (
b11100 &
0$
#12478000
b11110 #
b11110 '
b11110 (
b11101 &
0$
#12479000
b11111 #
b11111 '
b11111 (
b11110 &
0$
#12480000
b0 #
b0 '
b0 (
b11111 &
0$
#12481000
b1 #
b1 '
b1 (
b0 &
0$
#12482000
b10 #
b10 '
b10 (
b1 &
0$
#12483000
b11 #
b11 '
b11 (
b10 &
0$
#12484000
b100 #
b100 '
b100 (
b11 &
0$
#12485000
b101 #
b101 '
b101 (
b100 &
0$
#12486000
b110 #
b110 '
b110 (
b101 &
0$
#12487000
b111 #
b111 '
b111 (
b110 &
0$
#12488000
b1000 #
b1000 '
b1000 (
b111 &
0$
#12489000
b1001 #
b1001 '
b1001 (
b1000 &
0$
#12490000
b1010 #
b1010 '
b1010 (
b1001 &
0$
#12491000
b1011 #
b1011 '
b1011 (
b1010 &
0$
#12492000
b1100 #
b1100 '
b1100 (
b1011 &
0$
#12493000
b1101 #
b1101 '
b1101 (
b1100 &
0$
#12494000
b1110 #
b1110 '
b1110 (
b1101 &
0$
#12495000
b1111 #
b1111 '
b1111 (
b1110 &
0$
#12496000
b10000 #
b10000 '
b10000 (
b1111 &
0$
#12497000
b10001 #
b10001 '
b10001 (
b10000 &
0$
#12498000
b10010 #
b10010 '
b10010 (
b10001 &
0$
#12499000
b10011 #
b10011 '
b10011 (
b10010 &
0$
#12500000
b10100 #
b10100 '
b10100 (
b10011 &
0$
#12501000
b10101 #
b10101 '
b10101 (
b10100 &
0$
#12502000
b10110 #
b10110 '
b10110 (
b10101 &
0$
#12503000
b10111 #
b10111 '
b10111 (
b10110 &
0$
#12504000
b11000 #
b11000 '
b11000 (
b10111 &
0$
#12505000
b11001 #
b11001 '
b11001 (
b11000 &
0$
#12506000
b11010 #
b11010 '
b11010 (
b11001 &
0$
#12507000
b11011 #
b11011 '
b11011 (
b11010 &
0$
#12508000
b11100 #
b11100 '
b11100 (
b11011 &
0$
#12509000
b11101 #
b11101 '
b11101 (
b11100 &
0$
#12510000
b11110 #
b11110 '
b11110 (
b11101 &
0$
#12511000
b11111 #
b11111 '
b11111 (
b11110 &
0$
#12512000
b0 #
b0 '
b0 (
b11111 &
0$
#12513000
b1 #
b1 '
b1 (
b0 &
0$
#12514000
b10 #
b10 '
b10 (
b1 &
0$
#12515000
b11 #
b11 '
b11 (
b10 &
0$
#12516000
b100 #
b100 '
b100 (
b11 &
0$
#12517000
b101 #
b101 '
b101 (
b100 &
0$
#12518000
b110 #
b110 '
b110 (
b101 &
0$
#12519000
b111 #
b111 '
b111 (
b110 &
0$
#12520000
b1000 #
b1000 '
b1000 (
b111 &
0$
#12521000
b1001 #
b1001 '
b1001 (
b1000 &
0$
#12522000
b1010 #
b1010 '
b1010 (
b1001 &
0$
#12523000
b1011 #
b1011 '
b1011 (
b1010 &
0$
#12524000
b1100 #
b1100 '
b1100 (
b1011 &
0$
#12525000
b1101 #
b1101 '
b1101 (
b1100 &
0$
#12526000
b1110 #
b1110 '
b1110 (
b1101 &
0$
#12527000
b1111 #
b1111 '
b1111 (
b1110 &
0$
#12528000
b10000 #
b10000 '
b10000 (
b1111 &
0$
#12529000
b10001 #
b10001 '
b10001 (
b10000 &
0$
#12530000
b10010 #
b10010 '
b10010 (
b10001 &
0$
#12531000
b10011 #
b10011 '
b10011 (
b10010 &
0$
#12532000
b10100 #
b10100 '
b10100 (
b10011 &
0$
#12533000
b10101 #
b10101 '
b10101 (
b10100 &
0$
#12534000
b10110 #
b10110 '
b10110 (
b10101 &
0$
#12535000
b10111 #
b10111 '
b10111 (
b10110 &
0$
#12536000
b11000 #
b11000 '
b11000 (
b10111 &
0$
#12537000
b11001 #
b11001 '
b11001 (
b11000 &
0$
#12538000
b11010 #
b11010 '
b11010 (
b11001 &
0$
#12539000
b11011 #
b11011 '
b11011 (
b11010 &
0$
#12540000
b11100 #
b11100 '
b11100 (
b11011 &
0$
#12541000
b11101 #
b11101 '
b11101 (
b11100 &
0$
#12542000
b11110 #
b11110 '
b11110 (
b11101 &
0$
#12543000
b11111 #
b11111 '
b11111 (
b11110 &
0$
#12544000
b0 #
b0 '
b0 (
b11111 &
0$
#12545000
b1 #
b1 '
b1 (
b0 &
0$
#12546000
b10 #
b10 '
b10 (
b1 &
0$
#12547000
b11 #
b11 '
b11 (
b10 &
0$
#12548000
b100 #
b100 '
b100 (
b11 &
0$
#12549000
b101 #
b101 '
b101 (
b100 &
0$
#12550000
b110 #
b110 '
b110 (
b101 &
0$
#12551000
b111 #
b111 '
b111 (
b110 &
0$
#12552000
b1000 #
b1000 '
b1000 (
b111 &
0$
#12553000
b1001 #
b1001 '
b1001 (
b1000 &
0$
#12554000
b1010 #
b1010 '
b1010 (
b1001 &
0$
#12555000
b1011 #
b1011 '
b1011 (
b1010 &
0$
#12556000
b1100 #
b1100 '
b1100 (
b1011 &
0$
#12557000
b1101 #
b1101 '
b1101 (
b1100 &
0$
#12558000
b1110 #
b1110 '
b1110 (
b1101 &
0$
#12559000
b1111 #
b1111 '
b1111 (
b1110 &
0$
#12560000
b10000 #
b10000 '
b10000 (
b1111 &
0$
#12561000
b10001 #
b10001 '
b10001 (
b10000 &
0$
#12562000
b10010 #
b10010 '
b10010 (
b10001 &
0$
#12563000
b10011 #
b10011 '
b10011 (
b10010 &
0$
#12564000
b10100 #
b10100 '
b10100 (
b10011 &
0$
#12565000
b10101 #
b10101 '
b10101 (
b10100 &
0$
#12566000
b10110 #
b10110 '
b10110 (
b10101 &
0$
#12567000
b10111 #
b10111 '
b10111 (
b10110 &
0$
#12568000
b11000 #
b11000 '
b11000 (
b10111 &
0$
#12569000
b11001 #
b11001 '
b11001 (
b11000 &
0$
#12570000
b11010 #
b11010 '
b11010 (
b11001 &
0$
#12571000
b11011 #
b11011 '
b11011 (
b11010 &
0$
#12572000
b11100 #
b11100 '
b11100 (
b11011 &
0$
#12573000
b11101 #
b11101 '
b11101 (
b11100 &
0$
#12574000
b11110 #
b11110 '
b11110 (
b11101 &
0$
#12575000
b11111 #
b11111 '
b11111 (
b11110 &
0$
#12576000
b0 #
b0 '
b0 (
b11111 &
0$
#12577000
b1 #
b1 '
b1 (
b0 &
0$
#12578000
b10 #
b10 '
b10 (
b1 &
0$
#12579000
b11 #
b11 '
b11 (
b10 &
0$
#12580000
b100 #
b100 '
b100 (
b11 &
0$
#12581000
b101 #
b101 '
b101 (
b100 &
0$
#12582000
b110 #
b110 '
b110 (
b101 &
0$
#12583000
b111 #
b111 '
b111 (
b110 &
0$
#12584000
b1000 #
b1000 '
b1000 (
b111 &
0$
#12585000
b1001 #
b1001 '
b1001 (
b1000 &
0$
#12586000
b1010 #
b1010 '
b1010 (
b1001 &
0$
#12587000
b1011 #
b1011 '
b1011 (
b1010 &
0$
#12588000
b1100 #
b1100 '
b1100 (
b1011 &
0$
#12589000
b1101 #
b1101 '
b1101 (
b1100 &
0$
#12590000
b1110 #
b1110 '
b1110 (
b1101 &
0$
#12591000
b1111 #
b1111 '
b1111 (
b1110 &
0$
#12592000
b10000 #
b10000 '
b10000 (
b1111 &
0$
#12593000
b10001 #
b10001 '
b10001 (
b10000 &
0$
#12594000
b10010 #
b10010 '
b10010 (
b10001 &
0$
#12595000
b10011 #
b10011 '
b10011 (
b10010 &
0$
#12596000
b10100 #
b10100 '
b10100 (
b10011 &
0$
#12597000
b10101 #
b10101 '
b10101 (
b10100 &
0$
#12598000
b10110 #
b10110 '
b10110 (
b10101 &
0$
#12599000
b10111 #
b10111 '
b10111 (
b10110 &
0$
#12600000
b11000 #
b11000 '
b11000 (
b10111 &
0$
#12601000
b11001 #
b11001 '
b11001 (
b11000 &
0$
#12602000
b11010 #
b11010 '
b11010 (
b11001 &
0$
#12603000
b11011 #
b11011 '
b11011 (
b11010 &
0$
#12604000
b11100 #
b11100 '
b11100 (
b11011 &
0$
#12605000
b11101 #
b11101 '
b11101 (
b11100 &
0$
#12606000
b11110 #
b11110 '
b11110 (
b11101 &
0$
#12607000
b11111 #
b11111 '
b11111 (
b11110 &
0$
#12608000
b0 #
b0 '
b0 (
b11111 &
0$
#12609000
b1 #
b1 '
b1 (
b0 &
0$
#12610000
b10 #
b10 '
b10 (
b1 &
0$
#12611000
b11 #
b11 '
b11 (
b10 &
0$
#12612000
b100 #
b100 '
b100 (
b11 &
0$
#12613000
b101 #
b101 '
b101 (
b100 &
0$
#12614000
b110 #
b110 '
b110 (
b101 &
0$
#12615000
b111 #
b111 '
b111 (
b110 &
0$
#12616000
b1000 #
b1000 '
b1000 (
b111 &
0$
#12617000
b1001 #
b1001 '
b1001 (
b1000 &
0$
#12618000
b1010 #
b1010 '
b1010 (
b1001 &
0$
#12619000
b1011 #
b1011 '
b1011 (
b1010 &
0$
#12620000
b1100 #
b1100 '
b1100 (
b1011 &
0$
#12621000
b1101 #
b1101 '
b1101 (
b1100 &
0$
#12622000
b1110 #
b1110 '
b1110 (
b1101 &
0$
#12623000
b1111 #
b1111 '
b1111 (
b1110 &
0$
#12624000
b10000 #
b10000 '
b10000 (
b1111 &
0$
#12625000
b10001 #
b10001 '
b10001 (
b10000 &
0$
#12626000
b10010 #
b10010 '
b10010 (
b10001 &
0$
#12627000
b10011 #
b10011 '
b10011 (
b10010 &
0$
#12628000
b10100 #
b10100 '
b10100 (
b10011 &
0$
#12629000
b10101 #
b10101 '
b10101 (
b10100 &
0$
#12630000
b10110 #
b10110 '
b10110 (
b10101 &
0$
#12631000
b10111 #
b10111 '
b10111 (
b10110 &
0$
#12632000
b11000 #
b11000 '
b11000 (
b10111 &
0$
#12633000
b11001 #
b11001 '
b11001 (
b11000 &
0$
#12634000
b11010 #
b11010 '
b11010 (
b11001 &
0$
#12635000
b11011 #
b11011 '
b11011 (
b11010 &
0$
#12636000
b11100 #
b11100 '
b11100 (
b11011 &
0$
#12637000
b11101 #
b11101 '
b11101 (
b11100 &
0$
#12638000
b11110 #
b11110 '
b11110 (
b11101 &
0$
#12639000
b11111 #
b11111 '
b11111 (
b11110 &
0$
#12640000
b0 #
b0 '
b0 (
b11111 &
0$
#12641000
b1 #
b1 '
b1 (
b0 &
0$
#12642000
b10 #
b10 '
b10 (
b1 &
0$
#12643000
b11 #
b11 '
b11 (
b10 &
0$
#12644000
b100 #
b100 '
b100 (
b11 &
0$
#12645000
b101 #
b101 '
b101 (
b100 &
0$
#12646000
b110 #
b110 '
b110 (
b101 &
0$
#12647000
b111 #
b111 '
b111 (
b110 &
0$
#12648000
b1000 #
b1000 '
b1000 (
b111 &
0$
#12649000
b1001 #
b1001 '
b1001 (
b1000 &
0$
#12650000
b1010 #
b1010 '
b1010 (
b1001 &
0$
#12651000
b1011 #
b1011 '
b1011 (
b1010 &
0$
#12652000
b1100 #
b1100 '
b1100 (
b1011 &
0$
#12653000
b1101 #
b1101 '
b1101 (
b1100 &
0$
#12654000
b1110 #
b1110 '
b1110 (
b1101 &
0$
#12655000
b1111 #
b1111 '
b1111 (
b1110 &
0$
#12656000
b10000 #
b10000 '
b10000 (
b1111 &
0$
#12657000
b10001 #
b10001 '
b10001 (
b10000 &
0$
#12658000
b10010 #
b10010 '
b10010 (
b10001 &
0$
#12659000
b10011 #
b10011 '
b10011 (
b10010 &
0$
#12660000
b10100 #
b10100 '
b10100 (
b10011 &
0$
#12661000
b10101 #
b10101 '
b10101 (
b10100 &
0$
#12662000
b10110 #
b10110 '
b10110 (
b10101 &
0$
#12663000
b10111 #
b10111 '
b10111 (
b10110 &
0$
#12664000
b11000 #
b11000 '
b11000 (
b10111 &
0$
#12665000
b11001 #
b11001 '
b11001 (
b11000 &
0$
#12666000
b11010 #
b11010 '
b11010 (
b11001 &
0$
#12667000
b11011 #
b11011 '
b11011 (
b11010 &
0$
#12668000
b11100 #
b11100 '
b11100 (
b11011 &
0$
#12669000
b11101 #
b11101 '
b11101 (
b11100 &
0$
#12670000
b11110 #
b11110 '
b11110 (
b11101 &
0$
#12671000
b11111 #
b11111 '
b11111 (
b11110 &
0$
#12672000
b0 #
b0 '
b0 (
b11111 &
0$
#12673000
b1 #
b1 '
b1 (
b0 &
0$
#12674000
b10 #
b10 '
b10 (
b1 &
0$
#12675000
b11 #
b11 '
b11 (
b10 &
0$
#12676000
b100 #
b100 '
b100 (
b11 &
0$
#12677000
b101 #
b101 '
b101 (
b100 &
0$
#12678000
b110 #
b110 '
b110 (
b101 &
0$
#12679000
b111 #
b111 '
b111 (
b110 &
0$
#12680000
b1000 #
b1000 '
b1000 (
b111 &
0$
#12681000
b1001 #
b1001 '
b1001 (
b1000 &
0$
#12682000
b1010 #
b1010 '
b1010 (
b1001 &
0$
#12683000
b1011 #
b1011 '
b1011 (
b1010 &
0$
#12684000
b1100 #
b1100 '
b1100 (
b1011 &
0$
#12685000
b1101 #
b1101 '
b1101 (
b1100 &
0$
#12686000
b1110 #
b1110 '
b1110 (
b1101 &
0$
#12687000
b1111 #
b1111 '
b1111 (
b1110 &
0$
#12688000
b10000 #
b10000 '
b10000 (
b1111 &
0$
#12689000
b10001 #
b10001 '
b10001 (
b10000 &
0$
#12690000
b10010 #
b10010 '
b10010 (
b10001 &
0$
#12691000
b10011 #
b10011 '
b10011 (
b10010 &
0$
#12692000
b10100 #
b10100 '
b10100 (
b10011 &
0$
#12693000
b10101 #
b10101 '
b10101 (
b10100 &
0$
#12694000
b10110 #
b10110 '
b10110 (
b10101 &
0$
#12695000
b10111 #
b10111 '
b10111 (
b10110 &
0$
#12696000
b11000 #
b11000 '
b11000 (
b10111 &
0$
#12697000
b11001 #
b11001 '
b11001 (
b11000 &
0$
#12698000
b11010 #
b11010 '
b11010 (
b11001 &
0$
#12699000
b11011 #
b11011 '
b11011 (
b11010 &
0$
#12700000
b11100 #
b11100 '
b11100 (
b11011 &
0$
#12701000
b11101 #
b11101 '
b11101 (
b11100 &
0$
#12702000
b11110 #
b11110 '
b11110 (
b11101 &
0$
#12703000
b11111 #
b11111 '
b11111 (
b11110 &
0$
#12704000
b0 #
b0 '
b0 (
b11111 &
0$
#12705000
b1 #
b1 '
b1 (
b0 &
0$
#12706000
b10 #
b10 '
b10 (
b1 &
0$
#12707000
b11 #
b11 '
b11 (
b10 &
0$
#12708000
b100 #
b100 '
b100 (
b11 &
0$
#12709000
b101 #
b101 '
b101 (
b100 &
0$
#12710000
b110 #
b110 '
b110 (
b101 &
0$
#12711000
b111 #
b111 '
b111 (
b110 &
0$
#12712000
b1000 #
b1000 '
b1000 (
b111 &
0$
#12713000
b1001 #
b1001 '
b1001 (
b1000 &
0$
#12714000
b1010 #
b1010 '
b1010 (
b1001 &
0$
#12715000
b1011 #
b1011 '
b1011 (
b1010 &
0$
#12716000
b1100 #
b1100 '
b1100 (
b1011 &
0$
#12717000
b1101 #
b1101 '
b1101 (
b1100 &
0$
#12718000
b1110 #
b1110 '
b1110 (
b1101 &
0$
#12719000
b1111 #
b1111 '
b1111 (
b1110 &
0$
#12720000
b10000 #
b10000 '
b10000 (
b1111 &
0$
#12721000
b10001 #
b10001 '
b10001 (
b10000 &
0$
#12722000
b10010 #
b10010 '
b10010 (
b10001 &
0$
#12723000
b10011 #
b10011 '
b10011 (
b10010 &
0$
#12724000
b10100 #
b10100 '
b10100 (
b10011 &
0$
#12725000
b10101 #
b10101 '
b10101 (
b10100 &
0$
#12726000
b10110 #
b10110 '
b10110 (
b10101 &
0$
#12727000
b10111 #
b10111 '
b10111 (
b10110 &
0$
#12728000
b11000 #
b11000 '
b11000 (
b10111 &
0$
#12729000
b11001 #
b11001 '
b11001 (
b11000 &
0$
#12730000
b11010 #
b11010 '
b11010 (
b11001 &
0$
#12731000
b11011 #
b11011 '
b11011 (
b11010 &
0$
#12732000
b11100 #
b11100 '
b11100 (
b11011 &
0$
#12733000
b11101 #
b11101 '
b11101 (
b11100 &
0$
#12734000
b11110 #
b11110 '
b11110 (
b11101 &
0$
#12735000
b11111 #
b11111 '
b11111 (
b11110 &
0$
#12736000
b0 #
b0 '
b0 (
b11111 &
0$
#12737000
b1 #
b1 '
b1 (
b0 &
0$
#12738000
b10 #
b10 '
b10 (
b1 &
0$
#12739000
b11 #
b11 '
b11 (
b10 &
0$
#12740000
b100 #
b100 '
b100 (
b11 &
0$
#12741000
b101 #
b101 '
b101 (
b100 &
0$
#12742000
b110 #
b110 '
b110 (
b101 &
0$
#12743000
b111 #
b111 '
b111 (
b110 &
0$
#12744000
b1000 #
b1000 '
b1000 (
b111 &
0$
#12745000
b1001 #
b1001 '
b1001 (
b1000 &
0$
#12746000
b1010 #
b1010 '
b1010 (
b1001 &
0$
#12747000
b1011 #
b1011 '
b1011 (
b1010 &
0$
#12748000
b1100 #
b1100 '
b1100 (
b1011 &
0$
#12749000
b1101 #
b1101 '
b1101 (
b1100 &
0$
#12750000
b1110 #
b1110 '
b1110 (
b1101 &
0$
#12751000
b1111 #
b1111 '
b1111 (
b1110 &
0$
#12752000
b10000 #
b10000 '
b10000 (
b1111 &
0$
#12753000
b10001 #
b10001 '
b10001 (
b10000 &
0$
#12754000
b10010 #
b10010 '
b10010 (
b10001 &
0$
#12755000
b10011 #
b10011 '
b10011 (
b10010 &
0$
#12756000
b10100 #
b10100 '
b10100 (
b10011 &
0$
#12757000
b10101 #
b10101 '
b10101 (
b10100 &
0$
#12758000
b10110 #
b10110 '
b10110 (
b10101 &
0$
#12759000
b10111 #
b10111 '
b10111 (
b10110 &
0$
#12760000
b11000 #
b11000 '
b11000 (
b10111 &
0$
#12761000
b11001 #
b11001 '
b11001 (
b11000 &
0$
#12762000
b11010 #
b11010 '
b11010 (
b11001 &
0$
#12763000
b11011 #
b11011 '
b11011 (
b11010 &
0$
#12764000
b11100 #
b11100 '
b11100 (
b11011 &
0$
#12765000
b11101 #
b11101 '
b11101 (
b11100 &
0$
#12766000
b11110 #
b11110 '
b11110 (
b11101 &
0$
#12767000
b11111 #
b11111 '
b11111 (
b11110 &
0$
#12768000
b0 #
b0 '
b0 (
b11111 &
0$
#12769000
b1 #
b1 '
b1 (
b0 &
0$
#12770000
b10 #
b10 '
b10 (
b1 &
0$
#12771000
b11 #
b11 '
b11 (
b10 &
0$
#12772000
b100 #
b100 '
b100 (
b11 &
0$
#12773000
b101 #
b101 '
b101 (
b100 &
0$
#12774000
b110 #
b110 '
b110 (
b101 &
0$
#12775000
b111 #
b111 '
b111 (
b110 &
0$
#12776000
b1000 #
b1000 '
b1000 (
b111 &
0$
#12777000
b1001 #
b1001 '
b1001 (
b1000 &
0$
#12778000
b1010 #
b1010 '
b1010 (
b1001 &
0$
#12779000
b1011 #
b1011 '
b1011 (
b1010 &
0$
#12780000
b1100 #
b1100 '
b1100 (
b1011 &
0$
#12781000
b1101 #
b1101 '
b1101 (
b1100 &
0$
#12782000
b1110 #
b1110 '
b1110 (
b1101 &
0$
#12783000
b1111 #
b1111 '
b1111 (
b1110 &
0$
#12784000
b10000 #
b10000 '
b10000 (
b1111 &
0$
#12785000
b10001 #
b10001 '
b10001 (
b10000 &
0$
#12786000
b10010 #
b10010 '
b10010 (
b10001 &
0$
#12787000
b10011 #
b10011 '
b10011 (
b10010 &
0$
#12788000
b10100 #
b10100 '
b10100 (
b10011 &
0$
#12789000
b10101 #
b10101 '
b10101 (
b10100 &
0$
#12790000
b10110 #
b10110 '
b10110 (
b10101 &
0$
#12791000
b10111 #
b10111 '
b10111 (
b10110 &
0$
#12792000
b11000 #
b11000 '
b11000 (
b10111 &
0$
#12793000
b11001 #
b11001 '
b11001 (
b11000 &
0$
#12794000
b11010 #
b11010 '
b11010 (
b11001 &
0$
#12795000
b11011 #
b11011 '
b11011 (
b11010 &
0$
#12796000
b11100 #
b11100 '
b11100 (
b11011 &
0$
#12797000
b11101 #
b11101 '
b11101 (
b11100 &
0$
#12798000
b11110 #
b11110 '
b11110 (
b11101 &
0$
#12799000
b11111 #
b11111 '
b11111 (
b11110 &
0$
#12800000
b0 #
b0 '
b0 (
b11111 &
0$
#12801000
b1 #
b1 '
b1 (
b0 &
0$
#12802000
b10 #
b10 '
b10 (
b1 &
0$
#12803000
b11 #
b11 '
b11 (
b10 &
0$
#12804000
b100 #
b100 '
b100 (
b11 &
0$
#12805000
b101 #
b101 '
b101 (
b100 &
0$
#12806000
b110 #
b110 '
b110 (
b101 &
0$
#12807000
b111 #
b111 '
b111 (
b110 &
0$
#12808000
b1000 #
b1000 '
b1000 (
b111 &
0$
#12809000
b1001 #
b1001 '
b1001 (
b1000 &
0$
#12810000
b1010 #
b1010 '
b1010 (
b1001 &
0$
#12811000
b1011 #
b1011 '
b1011 (
b1010 &
0$
#12812000
b1100 #
b1100 '
b1100 (
b1011 &
0$
#12813000
b1101 #
b1101 '
b1101 (
b1100 &
0$
#12814000
b1110 #
b1110 '
b1110 (
b1101 &
0$
#12815000
b1111 #
b1111 '
b1111 (
b1110 &
0$
#12816000
b10000 #
b10000 '
b10000 (
b1111 &
0$
#12817000
b10001 #
b10001 '
b10001 (
b10000 &
0$
#12818000
b10010 #
b10010 '
b10010 (
b10001 &
0$
#12819000
b10011 #
b10011 '
b10011 (
b10010 &
0$
#12820000
b10100 #
b10100 '
b10100 (
b10011 &
0$
#12821000
b10101 #
b10101 '
b10101 (
b10100 &
0$
#12822000
b10110 #
b10110 '
b10110 (
b10101 &
0$
#12823000
b10111 #
b10111 '
b10111 (
b10110 &
0$
#12824000
b11000 #
b11000 '
b11000 (
b10111 &
0$
#12825000
b11001 #
b11001 '
b11001 (
b11000 &
0$
#12826000
b11010 #
b11010 '
b11010 (
b11001 &
0$
#12827000
b11011 #
b11011 '
b11011 (
b11010 &
0$
#12828000
b11100 #
b11100 '
b11100 (
b11011 &
0$
#12829000
b11101 #
b11101 '
b11101 (
b11100 &
0$
#12830000
b11110 #
b11110 '
b11110 (
b11101 &
0$
#12831000
b11111 #
b11111 '
b11111 (
b11110 &
0$
#12832000
b0 #
b0 '
b0 (
b11111 &
0$
#12833000
b1 #
b1 '
b1 (
b0 &
0$
#12834000
b10 #
b10 '
b10 (
b1 &
0$
#12835000
b11 #
b11 '
b11 (
b10 &
0$
#12836000
b100 #
b100 '
b100 (
b11 &
0$
#12837000
b101 #
b101 '
b101 (
b100 &
0$
#12838000
b110 #
b110 '
b110 (
b101 &
0$
#12839000
b111 #
b111 '
b111 (
b110 &
0$
#12840000
b1000 #
b1000 '
b1000 (
b111 &
0$
#12841000
b1001 #
b1001 '
b1001 (
b1000 &
0$
#12842000
b1010 #
b1010 '
b1010 (
b1001 &
0$
#12843000
b1011 #
b1011 '
b1011 (
b1010 &
0$
#12844000
b1100 #
b1100 '
b1100 (
b1011 &
0$
#12845000
b1101 #
b1101 '
b1101 (
b1100 &
0$
#12846000
b1110 #
b1110 '
b1110 (
b1101 &
0$
#12847000
b1111 #
b1111 '
b1111 (
b1110 &
0$
#12848000
b10000 #
b10000 '
b10000 (
b1111 &
0$
#12849000
b10001 #
b10001 '
b10001 (
b10000 &
0$
#12850000
b10010 #
b10010 '
b10010 (
b10001 &
0$
#12851000
b10011 #
b10011 '
b10011 (
b10010 &
0$
#12852000
b10100 #
b10100 '
b10100 (
b10011 &
0$
#12853000
b10101 #
b10101 '
b10101 (
b10100 &
0$
#12854000
b10110 #
b10110 '
b10110 (
b10101 &
0$
#12855000
b10111 #
b10111 '
b10111 (
b10110 &
0$
#12856000
b11000 #
b11000 '
b11000 (
b10111 &
0$
#12857000
b11001 #
b11001 '
b11001 (
b11000 &
0$
#12858000
b11010 #
b11010 '
b11010 (
b11001 &
0$
#12859000
b11011 #
b11011 '
b11011 (
b11010 &
0$
#12860000
b11100 #
b11100 '
b11100 (
b11011 &
0$
#12861000
b11101 #
b11101 '
b11101 (
b11100 &
0$
#12862000
b11110 #
b11110 '
b11110 (
b11101 &
0$
#12863000
b11111 #
b11111 '
b11111 (
b11110 &
0$
#12864000
b0 #
b0 '
b0 (
b11111 &
0$
#12865000
b1 #
b1 '
b1 (
b0 &
0$
#12866000
b10 #
b10 '
b10 (
b1 &
0$
#12867000
b11 #
b11 '
b11 (
b10 &
0$
#12868000
b100 #
b100 '
b100 (
b11 &
0$
#12869000
b101 #
b101 '
b101 (
b100 &
0$
#12870000
b110 #
b110 '
b110 (
b101 &
0$
#12871000
b111 #
b111 '
b111 (
b110 &
0$
#12872000
b1000 #
b1000 '
b1000 (
b111 &
0$
#12873000
b1001 #
b1001 '
b1001 (
b1000 &
0$
#12874000
b1010 #
b1010 '
b1010 (
b1001 &
0$
#12875000
b1011 #
b1011 '
b1011 (
b1010 &
0$
#12876000
b1100 #
b1100 '
b1100 (
b1011 &
0$
#12877000
b1101 #
b1101 '
b1101 (
b1100 &
0$
#12878000
b1110 #
b1110 '
b1110 (
b1101 &
0$
#12879000
b1111 #
b1111 '
b1111 (
b1110 &
0$
#12880000
b10000 #
b10000 '
b10000 (
b1111 &
0$
#12881000
b10001 #
b10001 '
b10001 (
b10000 &
0$
#12882000
b10010 #
b10010 '
b10010 (
b10001 &
0$
#12883000
b10011 #
b10011 '
b10011 (
b10010 &
0$
#12884000
b10100 #
b10100 '
b10100 (
b10011 &
0$
#12885000
b10101 #
b10101 '
b10101 (
b10100 &
0$
#12886000
b10110 #
b10110 '
b10110 (
b10101 &
0$
#12887000
b10111 #
b10111 '
b10111 (
b10110 &
0$
#12888000
b11000 #
b11000 '
b11000 (
b10111 &
0$
#12889000
b11001 #
b11001 '
b11001 (
b11000 &
0$
#12890000
b11010 #
b11010 '
b11010 (
b11001 &
0$
#12891000
b11011 #
b11011 '
b11011 (
b11010 &
0$
#12892000
b11100 #
b11100 '
b11100 (
b11011 &
0$
#12893000
b11101 #
b11101 '
b11101 (
b11100 &
0$
#12894000
b11110 #
b11110 '
b11110 (
b11101 &
0$
#12895000
b11111 #
b11111 '
b11111 (
b11110 &
0$
#12896000
b0 #
b0 '
b0 (
b11111 &
0$
#12897000
b1 #
b1 '
b1 (
b0 &
0$
#12898000
b10 #
b10 '
b10 (
b1 &
0$
#12899000
b11 #
b11 '
b11 (
b10 &
0$
#12900000
b100 #
b100 '
b100 (
b11 &
0$
#12901000
b101 #
b101 '
b101 (
b100 &
0$
#12902000
b110 #
b110 '
b110 (
b101 &
0$
#12903000
b111 #
b111 '
b111 (
b110 &
0$
#12904000
b1000 #
b1000 '
b1000 (
b111 &
0$
#12905000
b1001 #
b1001 '
b1001 (
b1000 &
0$
#12906000
b1010 #
b1010 '
b1010 (
b1001 &
0$
#12907000
b1011 #
b1011 '
b1011 (
b1010 &
0$
#12908000
b1100 #
b1100 '
b1100 (
b1011 &
0$
#12909000
b1101 #
b1101 '
b1101 (
b1100 &
0$
#12910000
b1110 #
b1110 '
b1110 (
b1101 &
0$
#12911000
b1111 #
b1111 '
b1111 (
b1110 &
0$
#12912000
b10000 #
b10000 '
b10000 (
b1111 &
0$
#12913000
b10001 #
b10001 '
b10001 (
b10000 &
0$
#12914000
b10010 #
b10010 '
b10010 (
b10001 &
0$
#12915000
b10011 #
b10011 '
b10011 (
b10010 &
0$
#12916000
b10100 #
b10100 '
b10100 (
b10011 &
0$
#12917000
b10101 #
b10101 '
b10101 (
b10100 &
0$
#12918000
b10110 #
b10110 '
b10110 (
b10101 &
0$
#12919000
b10111 #
b10111 '
b10111 (
b10110 &
0$
#12920000
b11000 #
b11000 '
b11000 (
b10111 &
0$
#12921000
b11001 #
b11001 '
b11001 (
b11000 &
0$
#12922000
b11010 #
b11010 '
b11010 (
b11001 &
0$
#12923000
b11011 #
b11011 '
b11011 (
b11010 &
0$
#12924000
b11100 #
b11100 '
b11100 (
b11011 &
0$
#12925000
b11101 #
b11101 '
b11101 (
b11100 &
0$
#12926000
b11110 #
b11110 '
b11110 (
b11101 &
0$
#12927000
b11111 #
b11111 '
b11111 (
b11110 &
0$
#12928000
b0 #
b0 '
b0 (
b11111 &
0$
#12929000
b1 #
b1 '
b1 (
b0 &
0$
#12930000
b10 #
b10 '
b10 (
b1 &
0$
#12931000
b11 #
b11 '
b11 (
b10 &
0$
#12932000
b100 #
b100 '
b100 (
b11 &
0$
#12933000
b101 #
b101 '
b101 (
b100 &
0$
#12934000
b110 #
b110 '
b110 (
b101 &
0$
#12935000
b111 #
b111 '
b111 (
b110 &
0$
#12936000
b1000 #
b1000 '
b1000 (
b111 &
0$
#12937000
b1001 #
b1001 '
b1001 (
b1000 &
0$
#12938000
b1010 #
b1010 '
b1010 (
b1001 &
0$
#12939000
b1011 #
b1011 '
b1011 (
b1010 &
0$
#12940000
b1100 #
b1100 '
b1100 (
b1011 &
0$
#12941000
b1101 #
b1101 '
b1101 (
b1100 &
0$
#12942000
b1110 #
b1110 '
b1110 (
b1101 &
0$
#12943000
b1111 #
b1111 '
b1111 (
b1110 &
0$
#12944000
b10000 #
b10000 '
b10000 (
b1111 &
0$
#12945000
b10001 #
b10001 '
b10001 (
b10000 &
0$
#12946000
b10010 #
b10010 '
b10010 (
b10001 &
0$
#12947000
b10011 #
b10011 '
b10011 (
b10010 &
0$
#12948000
b10100 #
b10100 '
b10100 (
b10011 &
0$
#12949000
b10101 #
b10101 '
b10101 (
b10100 &
0$
#12950000
b10110 #
b10110 '
b10110 (
b10101 &
0$
#12951000
b10111 #
b10111 '
b10111 (
b10110 &
0$
#12952000
b11000 #
b11000 '
b11000 (
b10111 &
0$
#12953000
b11001 #
b11001 '
b11001 (
b11000 &
0$
#12954000
b11010 #
b11010 '
b11010 (
b11001 &
0$
#12955000
b11011 #
b11011 '
b11011 (
b11010 &
0$
#12956000
b11100 #
b11100 '
b11100 (
b11011 &
0$
#12957000
b11101 #
b11101 '
b11101 (
b11100 &
0$
#12958000
b11110 #
b11110 '
b11110 (
b11101 &
0$
#12959000
b11111 #
b11111 '
b11111 (
b11110 &
0$
#12960000
b0 #
b0 '
b0 (
b11111 &
0$
#12961000
b1 #
b1 '
b1 (
b0 &
0$
#12962000
b10 #
b10 '
b10 (
b1 &
0$
#12963000
b11 #
b11 '
b11 (
b10 &
0$
#12964000
b100 #
b100 '
b100 (
b11 &
0$
#12965000
b101 #
b101 '
b101 (
b100 &
0$
#12966000
b110 #
b110 '
b110 (
b101 &
0$
#12967000
b111 #
b111 '
b111 (
b110 &
0$
#12968000
b1000 #
b1000 '
b1000 (
b111 &
0$
#12969000
b1001 #
b1001 '
b1001 (
b1000 &
0$
#12970000
b1010 #
b1010 '
b1010 (
b1001 &
0$
#12971000
b1011 #
b1011 '
b1011 (
b1010 &
0$
#12972000
b1100 #
b1100 '
b1100 (
b1011 &
0$
#12973000
b1101 #
b1101 '
b1101 (
b1100 &
0$
#12974000
b1110 #
b1110 '
b1110 (
b1101 &
0$
#12975000
b1111 #
b1111 '
b1111 (
b1110 &
0$
#12976000
b10000 #
b10000 '
b10000 (
b1111 &
0$
#12977000
b10001 #
b10001 '
b10001 (
b10000 &
0$
#12978000
b10010 #
b10010 '
b10010 (
b10001 &
0$
#12979000
b10011 #
b10011 '
b10011 (
b10010 &
0$
#12980000
b10100 #
b10100 '
b10100 (
b10011 &
0$
#12981000
b10101 #
b10101 '
b10101 (
b10100 &
0$
#12982000
b10110 #
b10110 '
b10110 (
b10101 &
0$
#12983000
b10111 #
b10111 '
b10111 (
b10110 &
0$
#12984000
b11000 #
b11000 '
b11000 (
b10111 &
0$
#12985000
b11001 #
b11001 '
b11001 (
b11000 &
0$
#12986000
b11010 #
b11010 '
b11010 (
b11001 &
0$
#12987000
b11011 #
b11011 '
b11011 (
b11010 &
0$
#12988000
b11100 #
b11100 '
b11100 (
b11011 &
0$
#12989000
b11101 #
b11101 '
b11101 (
b11100 &
0$
#12990000
b11110 #
b11110 '
b11110 (
b11101 &
0$
#12991000
b11111 #
b11111 '
b11111 (
b11110 &
0$
#12992000
b0 #
b0 '
b0 (
b11111 &
0$
#12993000
b1 #
b1 '
b1 (
b0 &
0$
#12994000
b10 #
b10 '
b10 (
b1 &
0$
#12995000
b11 #
b11 '
b11 (
b10 &
0$
#12996000
b100 #
b100 '
b100 (
b11 &
0$
#12997000
b101 #
b101 '
b101 (
b100 &
0$
#12998000
b110 #
b110 '
b110 (
b101 &
0$
#12999000
b111 #
b111 '
b111 (
b110 &
0$
#13000000
b1000 #
b1000 '
b1000 (
b111 &
0$
#13001000
b1001 #
b1001 '
b1001 (
b1000 &
0$
#13002000
b1010 #
b1010 '
b1010 (
b1001 &
0$
#13003000
b1011 #
b1011 '
b1011 (
b1010 &
0$
#13004000
b1100 #
b1100 '
b1100 (
b1011 &
0$
#13005000
b1101 #
b1101 '
b1101 (
b1100 &
0$
#13006000
b1110 #
b1110 '
b1110 (
b1101 &
0$
#13007000
b1111 #
b1111 '
b1111 (
b1110 &
0$
#13008000
b10000 #
b10000 '
b10000 (
b1111 &
0$
#13009000
b10001 #
b10001 '
b10001 (
b10000 &
0$
#13010000
b10010 #
b10010 '
b10010 (
b10001 &
0$
#13011000
b10011 #
b10011 '
b10011 (
b10010 &
0$
#13012000
b10100 #
b10100 '
b10100 (
b10011 &
0$
#13013000
b10101 #
b10101 '
b10101 (
b10100 &
0$
#13014000
b10110 #
b10110 '
b10110 (
b10101 &
0$
#13015000
b10111 #
b10111 '
b10111 (
b10110 &
0$
#13016000
b11000 #
b11000 '
b11000 (
b10111 &
0$
#13017000
b11001 #
b11001 '
b11001 (
b11000 &
0$
#13018000
b11010 #
b11010 '
b11010 (
b11001 &
0$
#13019000
b11011 #
b11011 '
b11011 (
b11010 &
0$
#13020000
b11100 #
b11100 '
b11100 (
b11011 &
0$
#13021000
b11101 #
b11101 '
b11101 (
b11100 &
0$
#13022000
b11110 #
b11110 '
b11110 (
b11101 &
0$
#13023000
b11111 #
b11111 '
b11111 (
b11110 &
0$
#13024000
b0 #
b0 '
b0 (
b11111 &
0$
#13025000
b1 #
b1 '
b1 (
b0 &
0$
#13026000
b10 #
b10 '
b10 (
b1 &
0$
#13027000
b11 #
b11 '
b11 (
b10 &
0$
#13028000
b100 #
b100 '
b100 (
b11 &
0$
#13029000
b101 #
b101 '
b101 (
b100 &
0$
#13030000
b110 #
b110 '
b110 (
b101 &
0$
#13031000
b111 #
b111 '
b111 (
b110 &
0$
#13032000
b1000 #
b1000 '
b1000 (
b111 &
0$
#13033000
b1001 #
b1001 '
b1001 (
b1000 &
0$
#13034000
b1010 #
b1010 '
b1010 (
b1001 &
0$
#13035000
b1011 #
b1011 '
b1011 (
b1010 &
0$
#13036000
b1100 #
b1100 '
b1100 (
b1011 &
0$
#13037000
b1101 #
b1101 '
b1101 (
b1100 &
0$
#13038000
b1110 #
b1110 '
b1110 (
b1101 &
0$
#13039000
b1111 #
b1111 '
b1111 (
b1110 &
0$
#13040000
b10000 #
b10000 '
b10000 (
b1111 &
0$
#13041000
b10001 #
b10001 '
b10001 (
b10000 &
0$
#13042000
b10010 #
b10010 '
b10010 (
b10001 &
0$
#13043000
b10011 #
b10011 '
b10011 (
b10010 &
0$
#13044000
b10100 #
b10100 '
b10100 (
b10011 &
0$
#13045000
b10101 #
b10101 '
b10101 (
b10100 &
0$
#13046000
b10110 #
b10110 '
b10110 (
b10101 &
0$
#13047000
b10111 #
b10111 '
b10111 (
b10110 &
0$
#13048000
b11000 #
b11000 '
b11000 (
b10111 &
0$
#13049000
b11001 #
b11001 '
b11001 (
b11000 &
0$
#13050000
b11010 #
b11010 '
b11010 (
b11001 &
0$
#13051000
b11011 #
b11011 '
b11011 (
b11010 &
0$
#13052000
b11100 #
b11100 '
b11100 (
b11011 &
0$
#13053000
b11101 #
b11101 '
b11101 (
b11100 &
0$
#13054000
b11110 #
b11110 '
b11110 (
b11101 &
0$
#13055000
b11111 #
b11111 '
b11111 (
b11110 &
0$
#13056000
b0 #
b0 '
b0 (
b11111 &
0$
#13057000
b1 #
b1 '
b1 (
b0 &
0$
#13058000
b10 #
b10 '
b10 (
b1 &
0$
#13059000
b11 #
b11 '
b11 (
b10 &
0$
#13060000
b100 #
b100 '
b100 (
b11 &
0$
#13061000
b101 #
b101 '
b101 (
b100 &
0$
#13062000
b110 #
b110 '
b110 (
b101 &
0$
#13063000
b111 #
b111 '
b111 (
b110 &
0$
#13064000
b1000 #
b1000 '
b1000 (
b111 &
0$
#13065000
b1001 #
b1001 '
b1001 (
b1000 &
0$
#13066000
b1010 #
b1010 '
b1010 (
b1001 &
0$
#13067000
b1011 #
b1011 '
b1011 (
b1010 &
0$
#13068000
b1100 #
b1100 '
b1100 (
b1011 &
0$
#13069000
b1101 #
b1101 '
b1101 (
b1100 &
0$
#13070000
b1110 #
b1110 '
b1110 (
b1101 &
0$
#13071000
b1111 #
b1111 '
b1111 (
b1110 &
0$
#13072000
b10000 #
b10000 '
b10000 (
b1111 &
0$
#13073000
b10001 #
b10001 '
b10001 (
b10000 &
0$
#13074000
b10010 #
b10010 '
b10010 (
b10001 &
0$
#13075000
b10011 #
b10011 '
b10011 (
b10010 &
0$
#13076000
b10100 #
b10100 '
b10100 (
b10011 &
0$
#13077000
b10101 #
b10101 '
b10101 (
b10100 &
0$
#13078000
b10110 #
b10110 '
b10110 (
b10101 &
0$
#13079000
b10111 #
b10111 '
b10111 (
b10110 &
0$
#13080000
b11000 #
b11000 '
b11000 (
b10111 &
0$
#13081000
b11001 #
b11001 '
b11001 (
b11000 &
0$
#13082000
b11010 #
b11010 '
b11010 (
b11001 &
0$
#13083000
b11011 #
b11011 '
b11011 (
b11010 &
0$
#13084000
b11100 #
b11100 '
b11100 (
b11011 &
0$
#13085000
b11101 #
b11101 '
b11101 (
b11100 &
0$
#13086000
b11110 #
b11110 '
b11110 (
b11101 &
0$
#13087000
b11111 #
b11111 '
b11111 (
b11110 &
0$
#13088000
b0 #
b0 '
b0 (
b11111 &
0$
#13089000
b1 #
b1 '
b1 (
b0 &
0$
#13090000
b10 #
b10 '
b10 (
b1 &
0$
#13091000
b11 #
b11 '
b11 (
b10 &
0$
#13092000
b100 #
b100 '
b100 (
b11 &
0$
#13093000
b101 #
b101 '
b101 (
b100 &
0$
#13094000
b110 #
b110 '
b110 (
b101 &
0$
#13095000
b111 #
b111 '
b111 (
b110 &
0$
#13096000
b1000 #
b1000 '
b1000 (
b111 &
0$
#13097000
b1001 #
b1001 '
b1001 (
b1000 &
0$
#13098000
b1010 #
b1010 '
b1010 (
b1001 &
0$
#13099000
b1011 #
b1011 '
b1011 (
b1010 &
0$
#13100000
b1100 #
b1100 '
b1100 (
b1011 &
0$
#13101000
b1101 #
b1101 '
b1101 (
b1100 &
0$
#13102000
b1110 #
b1110 '
b1110 (
b1101 &
0$
#13103000
b1111 #
b1111 '
b1111 (
b1110 &
0$
#13104000
b10000 #
b10000 '
b10000 (
b1111 &
0$
#13105000
b10001 #
b10001 '
b10001 (
b10000 &
0$
#13106000
b10010 #
b10010 '
b10010 (
b10001 &
0$
#13107000
b10011 #
b10011 '
b10011 (
b10010 &
0$
#13108000
b10100 #
b10100 '
b10100 (
b10011 &
0$
#13109000
b10101 #
b10101 '
b10101 (
b10100 &
0$
#13110000
b10110 #
b10110 '
b10110 (
b10101 &
0$
#13111000
b10111 #
b10111 '
b10111 (
b10110 &
0$
#13112000
b11000 #
b11000 '
b11000 (
b10111 &
0$
#13113000
b11001 #
b11001 '
b11001 (
b11000 &
0$
#13114000
b11010 #
b11010 '
b11010 (
b11001 &
0$
#13115000
b11011 #
b11011 '
b11011 (
b11010 &
0$
#13116000
b11100 #
b11100 '
b11100 (
b11011 &
0$
#13117000
b11101 #
b11101 '
b11101 (
b11100 &
0$
#13118000
b11110 #
b11110 '
b11110 (
b11101 &
0$
#13119000
b11111 #
b11111 '
b11111 (
b11110 &
0$
#13120000
b0 #
b0 '
b0 (
b11111 &
0$
#13121000
b1 #
b1 '
b1 (
b0 &
0$
#13122000
b10 #
b10 '
b10 (
b1 &
0$
#13123000
b11 #
b11 '
b11 (
b10 &
0$
#13124000
b100 #
b100 '
b100 (
b11 &
0$
#13125000
b101 #
b101 '
b101 (
b100 &
0$
#13126000
b110 #
b110 '
b110 (
b101 &
0$
#13127000
b111 #
b111 '
b111 (
b110 &
0$
#13128000
b1000 #
b1000 '
b1000 (
b111 &
0$
#13129000
b1001 #
b1001 '
b1001 (
b1000 &
0$
#13130000
b1010 #
b1010 '
b1010 (
b1001 &
0$
#13131000
b1011 #
b1011 '
b1011 (
b1010 &
0$
#13132000
b1100 #
b1100 '
b1100 (
b1011 &
0$
#13133000
b1101 #
b1101 '
b1101 (
b1100 &
0$
#13134000
b1110 #
b1110 '
b1110 (
b1101 &
0$
#13135000
b1111 #
b1111 '
b1111 (
b1110 &
0$
#13136000
b10000 #
b10000 '
b10000 (
b1111 &
0$
#13137000
b10001 #
b10001 '
b10001 (
b10000 &
0$
#13138000
b10010 #
b10010 '
b10010 (
b10001 &
0$
#13139000
b10011 #
b10011 '
b10011 (
b10010 &
0$
#13140000
b10100 #
b10100 '
b10100 (
b10011 &
0$
#13141000
b10101 #
b10101 '
b10101 (
b10100 &
0$
#13142000
b10110 #
b10110 '
b10110 (
b10101 &
0$
#13143000
b10111 #
b10111 '
b10111 (
b10110 &
0$
#13144000
b11000 #
b11000 '
b11000 (
b10111 &
0$
#13145000
b11001 #
b11001 '
b11001 (
b11000 &
0$
#13146000
b11010 #
b11010 '
b11010 (
b11001 &
0$
#13147000
b11011 #
b11011 '
b11011 (
b11010 &
0$
#13148000
b11100 #
b11100 '
b11100 (
b11011 &
0$
#13149000
b11101 #
b11101 '
b11101 (
b11100 &
0$
#13150000
b11110 #
b11110 '
b11110 (
b11101 &
0$
#13151000
b11111 #
b11111 '
b11111 (
b11110 &
0$
#13152000
b0 #
b0 '
b0 (
b11111 &
0$
#13153000
b1 #
b1 '
b1 (
b0 &
0$
#13154000
b10 #
b10 '
b10 (
b1 &
0$
#13155000
b11 #
b11 '
b11 (
b10 &
0$
#13156000
b100 #
b100 '
b100 (
b11 &
0$
#13157000
b101 #
b101 '
b101 (
b100 &
0$
#13158000
b110 #
b110 '
b110 (
b101 &
0$
#13159000
b111 #
b111 '
b111 (
b110 &
0$
#13160000
b1000 #
b1000 '
b1000 (
b111 &
0$
#13161000
b1001 #
b1001 '
b1001 (
b1000 &
0$
#13162000
b1010 #
b1010 '
b1010 (
b1001 &
0$
#13163000
b1011 #
b1011 '
b1011 (
b1010 &
0$
#13164000
b1100 #
b1100 '
b1100 (
b1011 &
0$
#13165000
b1101 #
b1101 '
b1101 (
b1100 &
0$
#13166000
b1110 #
b1110 '
b1110 (
b1101 &
0$
#13167000
b1111 #
b1111 '
b1111 (
b1110 &
0$
#13168000
b10000 #
b10000 '
b10000 (
b1111 &
0$
#13169000
b10001 #
b10001 '
b10001 (
b10000 &
0$
#13170000
b10010 #
b10010 '
b10010 (
b10001 &
0$
#13171000
b10011 #
b10011 '
b10011 (
b10010 &
0$
#13172000
b10100 #
b10100 '
b10100 (
b10011 &
0$
#13173000
b10101 #
b10101 '
b10101 (
b10100 &
0$
#13174000
b10110 #
b10110 '
b10110 (
b10101 &
0$
#13175000
b10111 #
b10111 '
b10111 (
b10110 &
0$
#13176000
b11000 #
b11000 '
b11000 (
b10111 &
0$
#13177000
b11001 #
b11001 '
b11001 (
b11000 &
0$
#13178000
b11010 #
b11010 '
b11010 (
b11001 &
0$
#13179000
b11011 #
b11011 '
b11011 (
b11010 &
0$
#13180000
b11100 #
b11100 '
b11100 (
b11011 &
0$
#13181000
b11101 #
b11101 '
b11101 (
b11100 &
0$
#13182000
b11110 #
b11110 '
b11110 (
b11101 &
0$
#13183000
b11111 #
b11111 '
b11111 (
b11110 &
0$
#13184000
b0 #
b0 '
b0 (
b11111 &
0$
#13185000
b1 #
b1 '
b1 (
b0 &
0$
#13186000
b10 #
b10 '
b10 (
b1 &
0$
#13187000
b11 #
b11 '
b11 (
b10 &
0$
#13188000
b100 #
b100 '
b100 (
b11 &
0$
#13189000
b101 #
b101 '
b101 (
b100 &
0$
#13190000
b110 #
b110 '
b110 (
b101 &
0$
#13191000
b111 #
b111 '
b111 (
b110 &
0$
#13192000
b1000 #
b1000 '
b1000 (
b111 &
0$
#13193000
b1001 #
b1001 '
b1001 (
b1000 &
0$
#13194000
b1010 #
b1010 '
b1010 (
b1001 &
0$
#13195000
b1011 #
b1011 '
b1011 (
b1010 &
0$
#13196000
b1100 #
b1100 '
b1100 (
b1011 &
0$
#13197000
b1101 #
b1101 '
b1101 (
b1100 &
0$
#13198000
b1110 #
b1110 '
b1110 (
b1101 &
0$
#13199000
b1111 #
b1111 '
b1111 (
b1110 &
0$
#13200000
b10000 #
b10000 '
b10000 (
b1111 &
0$
#13201000
b10001 #
b10001 '
b10001 (
b10000 &
0$
#13202000
b10010 #
b10010 '
b10010 (
b10001 &
0$
#13203000
b10011 #
b10011 '
b10011 (
b10010 &
0$
#13204000
b10100 #
b10100 '
b10100 (
b10011 &
0$
#13205000
b10101 #
b10101 '
b10101 (
b10100 &
0$
#13206000
b10110 #
b10110 '
b10110 (
b10101 &
0$
#13207000
b10111 #
b10111 '
b10111 (
b10110 &
0$
#13208000
b11000 #
b11000 '
b11000 (
b10111 &
0$
#13209000
b11001 #
b11001 '
b11001 (
b11000 &
0$
#13210000
b11010 #
b11010 '
b11010 (
b11001 &
0$
#13211000
b11011 #
b11011 '
b11011 (
b11010 &
0$
#13212000
b11100 #
b11100 '
b11100 (
b11011 &
0$
#13213000
b11101 #
b11101 '
b11101 (
b11100 &
0$
#13214000
b11110 #
b11110 '
b11110 (
b11101 &
0$
#13215000
b11111 #
b11111 '
b11111 (
b11110 &
0$
#13216000
b0 #
b0 '
b0 (
b11111 &
0$
#13217000
b1 #
b1 '
b1 (
b0 &
0$
#13218000
b10 #
b10 '
b10 (
b1 &
0$
#13219000
b11 #
b11 '
b11 (
b10 &
0$
#13220000
b100 #
b100 '
b100 (
b11 &
0$
#13221000
b101 #
b101 '
b101 (
b100 &
0$
#13222000
b110 #
b110 '
b110 (
b101 &
0$
#13223000
b111 #
b111 '
b111 (
b110 &
0$
#13224000
b1000 #
b1000 '
b1000 (
b111 &
0$
#13225000
b1001 #
b1001 '
b1001 (
b1000 &
0$
#13226000
b1010 #
b1010 '
b1010 (
b1001 &
0$
#13227000
b1011 #
b1011 '
b1011 (
b1010 &
0$
#13228000
b1100 #
b1100 '
b1100 (
b1011 &
0$
#13229000
b1101 #
b1101 '
b1101 (
b1100 &
0$
#13230000
b1110 #
b1110 '
b1110 (
b1101 &
0$
#13231000
b1111 #
b1111 '
b1111 (
b1110 &
0$
#13232000
b10000 #
b10000 '
b10000 (
b1111 &
0$
#13233000
b10001 #
b10001 '
b10001 (
b10000 &
0$
#13234000
b10010 #
b10010 '
b10010 (
b10001 &
0$
#13235000
b10011 #
b10011 '
b10011 (
b10010 &
0$
#13236000
b10100 #
b10100 '
b10100 (
b10011 &
0$
#13237000
b10101 #
b10101 '
b10101 (
b10100 &
0$
#13238000
b10110 #
b10110 '
b10110 (
b10101 &
0$
#13239000
b10111 #
b10111 '
b10111 (
b10110 &
0$
#13240000
b11000 #
b11000 '
b11000 (
b10111 &
0$
#13241000
b11001 #
b11001 '
b11001 (
b11000 &
0$
#13242000
b11010 #
b11010 '
b11010 (
b11001 &
0$
#13243000
b11011 #
b11011 '
b11011 (
b11010 &
0$
#13244000
b11100 #
b11100 '
b11100 (
b11011 &
0$
#13245000
b11101 #
b11101 '
b11101 (
b11100 &
0$
#13246000
b11110 #
b11110 '
b11110 (
b11101 &
0$
#13247000
b11111 #
b11111 '
b11111 (
b11110 &
0$
#13248000
b0 #
b0 '
b0 (
b11111 &
0$
#13249000
b1 #
b1 '
b1 (
b0 &
0$
#13250000
b10 #
b10 '
b10 (
b1 &
0$
#13251000
b11 #
b11 '
b11 (
b10 &
0$
#13252000
b100 #
b100 '
b100 (
b11 &
0$
#13253000
b101 #
b101 '
b101 (
b100 &
0$
#13254000
b110 #
b110 '
b110 (
b101 &
0$
#13255000
b111 #
b111 '
b111 (
b110 &
0$
#13256000
b1000 #
b1000 '
b1000 (
b111 &
0$
#13257000
b1001 #
b1001 '
b1001 (
b1000 &
0$
#13258000
b1010 #
b1010 '
b1010 (
b1001 &
0$
#13259000
b1011 #
b1011 '
b1011 (
b1010 &
0$
#13260000
b1100 #
b1100 '
b1100 (
b1011 &
0$
#13261000
b1101 #
b1101 '
b1101 (
b1100 &
0$
#13262000
b1110 #
b1110 '
b1110 (
b1101 &
0$
#13263000
b1111 #
b1111 '
b1111 (
b1110 &
0$
#13264000
b10000 #
b10000 '
b10000 (
b1111 &
0$
#13265000
b10001 #
b10001 '
b10001 (
b10000 &
0$
#13266000
b10010 #
b10010 '
b10010 (
b10001 &
0$
#13267000
b10011 #
b10011 '
b10011 (
b10010 &
0$
#13268000
b10100 #
b10100 '
b10100 (
b10011 &
0$
#13269000
b10101 #
b10101 '
b10101 (
b10100 &
0$
#13270000
b10110 #
b10110 '
b10110 (
b10101 &
0$
#13271000
b10111 #
b10111 '
b10111 (
b10110 &
0$
#13272000
b11000 #
b11000 '
b11000 (
b10111 &
0$
#13273000
b11001 #
b11001 '
b11001 (
b11000 &
0$
#13274000
b11010 #
b11010 '
b11010 (
b11001 &
0$
#13275000
b11011 #
b11011 '
b11011 (
b11010 &
0$
#13276000
b11100 #
b11100 '
b11100 (
b11011 &
0$
#13277000
b11101 #
b11101 '
b11101 (
b11100 &
0$
#13278000
b11110 #
b11110 '
b11110 (
b11101 &
0$
#13279000
b11111 #
b11111 '
b11111 (
b11110 &
0$
#13280000
b0 #
b0 '
b0 (
b11111 &
0$
#13281000
b1 #
b1 '
b1 (
b0 &
0$
#13282000
b10 #
b10 '
b10 (
b1 &
0$
#13283000
b11 #
b11 '
b11 (
b10 &
0$
#13284000
b100 #
b100 '
b100 (
b11 &
0$
#13285000
b101 #
b101 '
b101 (
b100 &
0$
#13286000
b110 #
b110 '
b110 (
b101 &
0$
#13287000
b111 #
b111 '
b111 (
b110 &
0$
#13288000
b1000 #
b1000 '
b1000 (
b111 &
0$
#13289000
b1001 #
b1001 '
b1001 (
b1000 &
0$
#13290000
b1010 #
b1010 '
b1010 (
b1001 &
0$
#13291000
b1011 #
b1011 '
b1011 (
b1010 &
0$
#13292000
b1100 #
b1100 '
b1100 (
b1011 &
0$
#13293000
b1101 #
b1101 '
b1101 (
b1100 &
0$
#13294000
b1110 #
b1110 '
b1110 (
b1101 &
0$
#13295000
b1111 #
b1111 '
b1111 (
b1110 &
0$
#13296000
b10000 #
b10000 '
b10000 (
b1111 &
0$
#13297000
b10001 #
b10001 '
b10001 (
b10000 &
0$
#13298000
b10010 #
b10010 '
b10010 (
b10001 &
0$
#13299000
b10011 #
b10011 '
b10011 (
b10010 &
0$
#13300000
b10100 #
b10100 '
b10100 (
b10011 &
0$
#13301000
b10101 #
b10101 '
b10101 (
b10100 &
0$
#13302000
b10110 #
b10110 '
b10110 (
b10101 &
0$
#13303000
b10111 #
b10111 '
b10111 (
b10110 &
0$
#13304000
b11000 #
b11000 '
b11000 (
b10111 &
0$
#13305000
b11001 #
b11001 '
b11001 (
b11000 &
0$
#13306000
b11010 #
b11010 '
b11010 (
b11001 &
0$
#13307000
b11011 #
b11011 '
b11011 (
b11010 &
0$
#13308000
b11100 #
b11100 '
b11100 (
b11011 &
0$
#13309000
b11101 #
b11101 '
b11101 (
b11100 &
0$
#13310000
b11110 #
b11110 '
b11110 (
b11101 &
0$
#13311000
b11111 #
b11111 '
b11111 (
b11110 &
0$
#13312000
b0 #
b0 '
b0 (
b11111 &
0$
#13313000
b1 #
b1 '
b1 (
b0 &
0$
#13314000
b10 #
b10 '
b10 (
b1 &
0$
#13315000
b11 #
b11 '
b11 (
b10 &
0$
#13316000
b100 #
b100 '
b100 (
b11 &
0$
#13317000
b101 #
b101 '
b101 (
b100 &
0$
#13318000
b110 #
b110 '
b110 (
b101 &
0$
#13319000
b111 #
b111 '
b111 (
b110 &
0$
#13320000
b1000 #
b1000 '
b1000 (
b111 &
0$
#13321000
b1001 #
b1001 '
b1001 (
b1000 &
0$
#13322000
b1010 #
b1010 '
b1010 (
b1001 &
0$
#13323000
b1011 #
b1011 '
b1011 (
b1010 &
0$
#13324000
b1100 #
b1100 '
b1100 (
b1011 &
0$
#13325000
b1101 #
b1101 '
b1101 (
b1100 &
0$
#13326000
b1110 #
b1110 '
b1110 (
b1101 &
0$
#13327000
b1111 #
b1111 '
b1111 (
b1110 &
0$
#13328000
b10000 #
b10000 '
b10000 (
b1111 &
0$
#13329000
b10001 #
b10001 '
b10001 (
b10000 &
0$
#13330000
b10010 #
b10010 '
b10010 (
b10001 &
0$
#13331000
b10011 #
b10011 '
b10011 (
b10010 &
0$
#13332000
b10100 #
b10100 '
b10100 (
b10011 &
0$
#13333000
b10101 #
b10101 '
b10101 (
b10100 &
0$
#13334000
b10110 #
b10110 '
b10110 (
b10101 &
0$
#13335000
b10111 #
b10111 '
b10111 (
b10110 &
0$
#13336000
b11000 #
b11000 '
b11000 (
b10111 &
0$
#13337000
b11001 #
b11001 '
b11001 (
b11000 &
0$
#13338000
b11010 #
b11010 '
b11010 (
b11001 &
0$
#13339000
b11011 #
b11011 '
b11011 (
b11010 &
0$
#13340000
b11100 #
b11100 '
b11100 (
b11011 &
0$
#13341000
b11101 #
b11101 '
b11101 (
b11100 &
0$
#13342000
b11110 #
b11110 '
b11110 (
b11101 &
0$
#13343000
b11111 #
b11111 '
b11111 (
b11110 &
0$
#13344000
b0 #
b0 '
b0 (
b11111 &
0$
#13345000
b1 #
b1 '
b1 (
b0 &
0$
#13346000
b10 #
b10 '
b10 (
b1 &
0$
#13347000
b11 #
b11 '
b11 (
b10 &
0$
#13348000
b100 #
b100 '
b100 (
b11 &
0$
#13349000
b101 #
b101 '
b101 (
b100 &
0$
#13350000
b110 #
b110 '
b110 (
b101 &
0$
#13351000
b111 #
b111 '
b111 (
b110 &
0$
#13352000
b1000 #
b1000 '
b1000 (
b111 &
0$
#13353000
b1001 #
b1001 '
b1001 (
b1000 &
0$
#13354000
b1010 #
b1010 '
b1010 (
b1001 &
0$
#13355000
b1011 #
b1011 '
b1011 (
b1010 &
0$
#13356000
b1100 #
b1100 '
b1100 (
b1011 &
0$
#13357000
b1101 #
b1101 '
b1101 (
b1100 &
0$
#13358000
b1110 #
b1110 '
b1110 (
b1101 &
0$
#13359000
b1111 #
b1111 '
b1111 (
b1110 &
0$
#13360000
b10000 #
b10000 '
b10000 (
b1111 &
0$
#13361000
b10001 #
b10001 '
b10001 (
b10000 &
0$
#13362000
b10010 #
b10010 '
b10010 (
b10001 &
0$
#13363000
b10011 #
b10011 '
b10011 (
b10010 &
0$
#13364000
b10100 #
b10100 '
b10100 (
b10011 &
0$
#13365000
b10101 #
b10101 '
b10101 (
b10100 &
0$
#13366000
b10110 #
b10110 '
b10110 (
b10101 &
0$
#13367000
b10111 #
b10111 '
b10111 (
b10110 &
0$
#13368000
b11000 #
b11000 '
b11000 (
b10111 &
0$
#13369000
b11001 #
b11001 '
b11001 (
b11000 &
0$
#13370000
b11010 #
b11010 '
b11010 (
b11001 &
0$
#13371000
b11011 #
b11011 '
b11011 (
b11010 &
0$
#13372000
b11100 #
b11100 '
b11100 (
b11011 &
0$
#13373000
b11101 #
b11101 '
b11101 (
b11100 &
0$
#13374000
b11110 #
b11110 '
b11110 (
b11101 &
0$
#13375000
b11111 #
b11111 '
b11111 (
b11110 &
0$
#13376000
b0 #
b0 '
b0 (
b11111 &
0$
#13377000
b1 #
b1 '
b1 (
b0 &
0$
#13378000
b10 #
b10 '
b10 (
b1 &
0$
#13379000
b11 #
b11 '
b11 (
b10 &
0$
#13380000
b100 #
b100 '
b100 (
b11 &
0$
#13381000
b101 #
b101 '
b101 (
b100 &
0$
#13382000
b110 #
b110 '
b110 (
b101 &
0$
#13383000
b111 #
b111 '
b111 (
b110 &
0$
#13384000
b1000 #
b1000 '
b1000 (
b111 &
0$
#13385000
b1001 #
b1001 '
b1001 (
b1000 &
0$
#13386000
b1010 #
b1010 '
b1010 (
b1001 &
0$
#13387000
b1011 #
b1011 '
b1011 (
b1010 &
0$
#13388000
b1100 #
b1100 '
b1100 (
b1011 &
0$
#13389000
b1101 #
b1101 '
b1101 (
b1100 &
0$
#13390000
b1110 #
b1110 '
b1110 (
b1101 &
0$
#13391000
b1111 #
b1111 '
b1111 (
b1110 &
0$
#13392000
b10000 #
b10000 '
b10000 (
b1111 &
0$
#13393000
b10001 #
b10001 '
b10001 (
b10000 &
0$
#13394000
b10010 #
b10010 '
b10010 (
b10001 &
0$
#13395000
b10011 #
b10011 '
b10011 (
b10010 &
0$
#13396000
b10100 #
b10100 '
b10100 (
b10011 &
0$
#13397000
b10101 #
b10101 '
b10101 (
b10100 &
0$
#13398000
b10110 #
b10110 '
b10110 (
b10101 &
0$
#13399000
b10111 #
b10111 '
b10111 (
b10110 &
0$
#13400000
b11000 #
b11000 '
b11000 (
b10111 &
0$
#13401000
b11001 #
b11001 '
b11001 (
b11000 &
0$
#13402000
b11010 #
b11010 '
b11010 (
b11001 &
0$
#13403000
b11011 #
b11011 '
b11011 (
b11010 &
0$
#13404000
b11100 #
b11100 '
b11100 (
b11011 &
0$
#13405000
b11101 #
b11101 '
b11101 (
b11100 &
0$
#13406000
b11110 #
b11110 '
b11110 (
b11101 &
0$
#13407000
b11111 #
b11111 '
b11111 (
b11110 &
0$
#13408000
b0 #
b0 '
b0 (
b11111 &
0$
#13409000
b1 #
b1 '
b1 (
b0 &
0$
#13410000
b10 #
b10 '
b10 (
b1 &
0$
#13411000
b11 #
b11 '
b11 (
b10 &
0$
#13412000
b100 #
b100 '
b100 (
b11 &
0$
#13413000
b101 #
b101 '
b101 (
b100 &
0$
#13414000
b110 #
b110 '
b110 (
b101 &
0$
#13415000
b111 #
b111 '
b111 (
b110 &
0$
#13416000
b1000 #
b1000 '
b1000 (
b111 &
0$
#13417000
b1001 #
b1001 '
b1001 (
b1000 &
0$
#13418000
b1010 #
b1010 '
b1010 (
b1001 &
0$
#13419000
b1011 #
b1011 '
b1011 (
b1010 &
0$
#13420000
b1100 #
b1100 '
b1100 (
b1011 &
0$
#13421000
b1101 #
b1101 '
b1101 (
b1100 &
0$
#13422000
b1110 #
b1110 '
b1110 (
b1101 &
0$
#13423000
b1111 #
b1111 '
b1111 (
b1110 &
0$
#13424000
b10000 #
b10000 '
b10000 (
b1111 &
0$
#13425000
b10001 #
b10001 '
b10001 (
b10000 &
0$
#13426000
b10010 #
b10010 '
b10010 (
b10001 &
0$
#13427000
b10011 #
b10011 '
b10011 (
b10010 &
0$
#13428000
b10100 #
b10100 '
b10100 (
b10011 &
0$
#13429000
b10101 #
b10101 '
b10101 (
b10100 &
0$
#13430000
b10110 #
b10110 '
b10110 (
b10101 &
0$
#13431000
b10111 #
b10111 '
b10111 (
b10110 &
0$
#13432000
b11000 #
b11000 '
b11000 (
b10111 &
0$
#13433000
b11001 #
b11001 '
b11001 (
b11000 &
0$
#13434000
b11010 #
b11010 '
b11010 (
b11001 &
0$
#13435000
b11011 #
b11011 '
b11011 (
b11010 &
0$
#13436000
b11100 #
b11100 '
b11100 (
b11011 &
0$
#13437000
b11101 #
b11101 '
b11101 (
b11100 &
0$
#13438000
b11110 #
b11110 '
b11110 (
b11101 &
0$
#13439000
b11111 #
b11111 '
b11111 (
b11110 &
0$
#13440000
b0 #
b0 '
b0 (
b11111 &
0$
#13441000
b1 #
b1 '
b1 (
b0 &
0$
#13442000
b10 #
b10 '
b10 (
b1 &
0$
#13443000
b11 #
b11 '
b11 (
b10 &
0$
#13444000
b100 #
b100 '
b100 (
b11 &
0$
#13445000
b101 #
b101 '
b101 (
b100 &
0$
#13446000
b110 #
b110 '
b110 (
b101 &
0$
#13447000
b111 #
b111 '
b111 (
b110 &
0$
#13448000
b1000 #
b1000 '
b1000 (
b111 &
0$
#13449000
b1001 #
b1001 '
b1001 (
b1000 &
0$
#13450000
b1010 #
b1010 '
b1010 (
b1001 &
0$
#13451000
b1011 #
b1011 '
b1011 (
b1010 &
0$
#13452000
b1100 #
b1100 '
b1100 (
b1011 &
0$
#13453000
b1101 #
b1101 '
b1101 (
b1100 &
0$
#13454000
b1110 #
b1110 '
b1110 (
b1101 &
0$
#13455000
b1111 #
b1111 '
b1111 (
b1110 &
0$
#13456000
b10000 #
b10000 '
b10000 (
b1111 &
0$
#13457000
b10001 #
b10001 '
b10001 (
b10000 &
0$
#13458000
b10010 #
b10010 '
b10010 (
b10001 &
0$
#13459000
b10011 #
b10011 '
b10011 (
b10010 &
0$
#13460000
b10100 #
b10100 '
b10100 (
b10011 &
0$
#13461000
b10101 #
b10101 '
b10101 (
b10100 &
0$
#13462000
b10110 #
b10110 '
b10110 (
b10101 &
0$
#13463000
b10111 #
b10111 '
b10111 (
b10110 &
0$
#13464000
b11000 #
b11000 '
b11000 (
b10111 &
0$
#13465000
b11001 #
b11001 '
b11001 (
b11000 &
0$
#13466000
b11010 #
b11010 '
b11010 (
b11001 &
0$
#13467000
b11011 #
b11011 '
b11011 (
b11010 &
0$
#13468000
b11100 #
b11100 '
b11100 (
b11011 &
0$
#13469000
b11101 #
b11101 '
b11101 (
b11100 &
0$
#13470000
b11110 #
b11110 '
b11110 (
b11101 &
0$
#13471000
b11111 #
b11111 '
b11111 (
b11110 &
0$
#13472000
b0 #
b0 '
b0 (
b11111 &
0$
#13473000
b1 #
b1 '
b1 (
b0 &
0$
#13474000
b10 #
b10 '
b10 (
b1 &
0$
#13475000
b11 #
b11 '
b11 (
b10 &
0$
#13476000
b100 #
b100 '
b100 (
b11 &
0$
#13477000
b101 #
b101 '
b101 (
b100 &
0$
#13478000
b110 #
b110 '
b110 (
b101 &
0$
#13479000
b111 #
b111 '
b111 (
b110 &
0$
#13480000
b1000 #
b1000 '
b1000 (
b111 &
0$
#13481000
b1001 #
b1001 '
b1001 (
b1000 &
0$
#13482000
b1010 #
b1010 '
b1010 (
b1001 &
0$
#13483000
b1011 #
b1011 '
b1011 (
b1010 &
0$
#13484000
b1100 #
b1100 '
b1100 (
b1011 &
0$
#13485000
b1101 #
b1101 '
b1101 (
b1100 &
0$
#13486000
b1110 #
b1110 '
b1110 (
b1101 &
0$
#13487000
b1111 #
b1111 '
b1111 (
b1110 &
0$
#13488000
b10000 #
b10000 '
b10000 (
b1111 &
0$
#13489000
b10001 #
b10001 '
b10001 (
b10000 &
0$
#13490000
b10010 #
b10010 '
b10010 (
b10001 &
0$
#13491000
b10011 #
b10011 '
b10011 (
b10010 &
0$
#13492000
b10100 #
b10100 '
b10100 (
b10011 &
0$
#13493000
b10101 #
b10101 '
b10101 (
b10100 &
0$
#13494000
b10110 #
b10110 '
b10110 (
b10101 &
0$
#13495000
b10111 #
b10111 '
b10111 (
b10110 &
0$
#13496000
b11000 #
b11000 '
b11000 (
b10111 &
0$
#13497000
b11001 #
b11001 '
b11001 (
b11000 &
0$
#13498000
b11010 #
b11010 '
b11010 (
b11001 &
0$
#13499000
b11011 #
b11011 '
b11011 (
b11010 &
0$
#13500000
b11100 #
b11100 '
b11100 (
b11011 &
0$
#13501000
b11101 #
b11101 '
b11101 (
b11100 &
0$
#13502000
b11110 #
b11110 '
b11110 (
b11101 &
0$
#13503000
b11111 #
b11111 '
b11111 (
b11110 &
0$
#13504000
b0 #
b0 '
b0 (
b11111 &
0$
#13505000
b1 #
b1 '
b1 (
b0 &
0$
#13506000
b10 #
b10 '
b10 (
b1 &
0$
#13507000
b11 #
b11 '
b11 (
b10 &
0$
#13508000
b100 #
b100 '
b100 (
b11 &
0$
#13509000
b101 #
b101 '
b101 (
b100 &
0$
#13510000
b110 #
b110 '
b110 (
b101 &
0$
#13511000
b111 #
b111 '
b111 (
b110 &
0$
#13512000
b1000 #
b1000 '
b1000 (
b111 &
0$
#13513000
b1001 #
b1001 '
b1001 (
b1000 &
0$
#13514000
b1010 #
b1010 '
b1010 (
b1001 &
0$
#13515000
b1011 #
b1011 '
b1011 (
b1010 &
0$
#13516000
b1100 #
b1100 '
b1100 (
b1011 &
0$
#13517000
b1101 #
b1101 '
b1101 (
b1100 &
0$
#13518000
b1110 #
b1110 '
b1110 (
b1101 &
0$
#13519000
b1111 #
b1111 '
b1111 (
b1110 &
0$
#13520000
b10000 #
b10000 '
b10000 (
b1111 &
0$
#13521000
b10001 #
b10001 '
b10001 (
b10000 &
0$
#13522000
b10010 #
b10010 '
b10010 (
b10001 &
0$
#13523000
b10011 #
b10011 '
b10011 (
b10010 &
0$
#13524000
b10100 #
b10100 '
b10100 (
b10011 &
0$
#13525000
b10101 #
b10101 '
b10101 (
b10100 &
0$
#13526000
b10110 #
b10110 '
b10110 (
b10101 &
0$
#13527000
b10111 #
b10111 '
b10111 (
b10110 &
0$
#13528000
b11000 #
b11000 '
b11000 (
b10111 &
0$
#13529000
b11001 #
b11001 '
b11001 (
b11000 &
0$
#13530000
b11010 #
b11010 '
b11010 (
b11001 &
0$
#13531000
b11011 #
b11011 '
b11011 (
b11010 &
0$
#13532000
b11100 #
b11100 '
b11100 (
b11011 &
0$
#13533000
b11101 #
b11101 '
b11101 (
b11100 &
0$
#13534000
b11110 #
b11110 '
b11110 (
b11101 &
0$
#13535000
b11111 #
b11111 '
b11111 (
b11110 &
0$
#13536000
b0 #
b0 '
b0 (
b11111 &
0$
#13537000
b1 #
b1 '
b1 (
b0 &
0$
#13538000
b10 #
b10 '
b10 (
b1 &
0$
#13539000
b11 #
b11 '
b11 (
b10 &
0$
#13540000
b100 #
b100 '
b100 (
b11 &
0$
#13541000
b101 #
b101 '
b101 (
b100 &
0$
#13542000
b110 #
b110 '
b110 (
b101 &
0$
#13543000
b111 #
b111 '
b111 (
b110 &
0$
#13544000
b1000 #
b1000 '
b1000 (
b111 &
0$
#13545000
b1001 #
b1001 '
b1001 (
b1000 &
0$
#13546000
b1010 #
b1010 '
b1010 (
b1001 &
0$
#13547000
b1011 #
b1011 '
b1011 (
b1010 &
0$
#13548000
b1100 #
b1100 '
b1100 (
b1011 &
0$
#13549000
b1101 #
b1101 '
b1101 (
b1100 &
0$
#13550000
b1110 #
b1110 '
b1110 (
b1101 &
0$
#13551000
b1111 #
b1111 '
b1111 (
b1110 &
0$
#13552000
b10000 #
b10000 '
b10000 (
b1111 &
0$
#13553000
b10001 #
b10001 '
b10001 (
b10000 &
0$
#13554000
b10010 #
b10010 '
b10010 (
b10001 &
0$
#13555000
b10011 #
b10011 '
b10011 (
b10010 &
0$
#13556000
b10100 #
b10100 '
b10100 (
b10011 &
0$
#13557000
b10101 #
b10101 '
b10101 (
b10100 &
0$
#13558000
b10110 #
b10110 '
b10110 (
b10101 &
0$
#13559000
b10111 #
b10111 '
b10111 (
b10110 &
0$
#13560000
b11000 #
b11000 '
b11000 (
b10111 &
0$
#13561000
b11001 #
b11001 '
b11001 (
b11000 &
0$
#13562000
b11010 #
b11010 '
b11010 (
b11001 &
0$
#13563000
b11011 #
b11011 '
b11011 (
b11010 &
0$
#13564000
b11100 #
b11100 '
b11100 (
b11011 &
0$
#13565000
b11101 #
b11101 '
b11101 (
b11100 &
0$
#13566000
b11110 #
b11110 '
b11110 (
b11101 &
0$
#13567000
b11111 #
b11111 '
b11111 (
b11110 &
0$
#13568000
b0 #
b0 '
b0 (
b11111 &
0$
#13569000
b1 #
b1 '
b1 (
b0 &
0$
#13570000
b10 #
b10 '
b10 (
b1 &
0$
#13571000
b11 #
b11 '
b11 (
b10 &
0$
#13572000
b100 #
b100 '
b100 (
b11 &
0$
#13573000
b101 #
b101 '
b101 (
b100 &
0$
#13574000
b110 #
b110 '
b110 (
b101 &
0$
#13575000
b111 #
b111 '
b111 (
b110 &
0$
#13576000
b1000 #
b1000 '
b1000 (
b111 &
0$
#13577000
b1001 #
b1001 '
b1001 (
b1000 &
0$
#13578000
b1010 #
b1010 '
b1010 (
b1001 &
0$
#13579000
b1011 #
b1011 '
b1011 (
b1010 &
0$
#13580000
b1100 #
b1100 '
b1100 (
b1011 &
0$
#13581000
b1101 #
b1101 '
b1101 (
b1100 &
0$
#13582000
b1110 #
b1110 '
b1110 (
b1101 &
0$
#13583000
b1111 #
b1111 '
b1111 (
b1110 &
0$
#13584000
b10000 #
b10000 '
b10000 (
b1111 &
0$
#13585000
b10001 #
b10001 '
b10001 (
b10000 &
0$
#13586000
b10010 #
b10010 '
b10010 (
b10001 &
0$
#13587000
b10011 #
b10011 '
b10011 (
b10010 &
0$
#13588000
b10100 #
b10100 '
b10100 (
b10011 &
0$
#13589000
b10101 #
b10101 '
b10101 (
b10100 &
0$
#13590000
b10110 #
b10110 '
b10110 (
b10101 &
0$
#13591000
b10111 #
b10111 '
b10111 (
b10110 &
0$
#13592000
b11000 #
b11000 '
b11000 (
b10111 &
0$
#13593000
b11001 #
b11001 '
b11001 (
b11000 &
0$
#13594000
b11010 #
b11010 '
b11010 (
b11001 &
0$
#13595000
b11011 #
b11011 '
b11011 (
b11010 &
0$
#13596000
b11100 #
b11100 '
b11100 (
b11011 &
0$
#13597000
b11101 #
b11101 '
b11101 (
b11100 &
0$
#13598000
b11110 #
b11110 '
b11110 (
b11101 &
0$
#13599000
b11111 #
b11111 '
b11111 (
b11110 &
0$
#13600000
b0 #
b0 '
b0 (
b11111 &
0$
#13601000
b1 #
b1 '
b1 (
b0 &
0$
#13602000
b10 #
b10 '
b10 (
b1 &
0$
#13603000
b11 #
b11 '
b11 (
b10 &
0$
#13604000
b100 #
b100 '
b100 (
b11 &
0$
#13605000
b101 #
b101 '
b101 (
b100 &
0$
#13606000
b110 #
b110 '
b110 (
b101 &
0$
#13607000
b111 #
b111 '
b111 (
b110 &
0$
#13608000
b1000 #
b1000 '
b1000 (
b111 &
0$
#13609000
b1001 #
b1001 '
b1001 (
b1000 &
0$
#13610000
b1010 #
b1010 '
b1010 (
b1001 &
0$
#13611000
b1011 #
b1011 '
b1011 (
b1010 &
0$
#13612000
b1100 #
b1100 '
b1100 (
b1011 &
0$
#13613000
b1101 #
b1101 '
b1101 (
b1100 &
0$
#13614000
b1110 #
b1110 '
b1110 (
b1101 &
0$
#13615000
b1111 #
b1111 '
b1111 (
b1110 &
0$
#13616000
b10000 #
b10000 '
b10000 (
b1111 &
0$
#13617000
b10001 #
b10001 '
b10001 (
b10000 &
0$
#13618000
b10010 #
b10010 '
b10010 (
b10001 &
0$
#13619000
b10011 #
b10011 '
b10011 (
b10010 &
0$
#13620000
b10100 #
b10100 '
b10100 (
b10011 &
0$
#13621000
b10101 #
b10101 '
b10101 (
b10100 &
0$
#13622000
b10110 #
b10110 '
b10110 (
b10101 &
0$
#13623000
b10111 #
b10111 '
b10111 (
b10110 &
0$
#13624000
b11000 #
b11000 '
b11000 (
b10111 &
0$
#13625000
b11001 #
b11001 '
b11001 (
b11000 &
0$
#13626000
b11010 #
b11010 '
b11010 (
b11001 &
0$
#13627000
b11011 #
b11011 '
b11011 (
b11010 &
0$
#13628000
b11100 #
b11100 '
b11100 (
b11011 &
0$
#13629000
b11101 #
b11101 '
b11101 (
b11100 &
0$
#13630000
b11110 #
b11110 '
b11110 (
b11101 &
0$
#13631000
b11111 #
b11111 '
b11111 (
b11110 &
0$
#13632000
b0 #
b0 '
b0 (
b11111 &
0$
#13633000
b1 #
b1 '
b1 (
b0 &
0$
#13634000
b10 #
b10 '
b10 (
b1 &
0$
#13635000
b11 #
b11 '
b11 (
b10 &
0$
#13636000
b100 #
b100 '
b100 (
b11 &
0$
#13637000
b101 #
b101 '
b101 (
b100 &
0$
#13638000
b110 #
b110 '
b110 (
b101 &
0$
#13639000
b111 #
b111 '
b111 (
b110 &
0$
#13640000
b1000 #
b1000 '
b1000 (
b111 &
0$
#13641000
b1001 #
b1001 '
b1001 (
b1000 &
0$
#13642000
b1010 #
b1010 '
b1010 (
b1001 &
0$
#13643000
b1011 #
b1011 '
b1011 (
b1010 &
0$
#13644000
b1100 #
b1100 '
b1100 (
b1011 &
0$
#13645000
b1101 #
b1101 '
b1101 (
b1100 &
0$
#13646000
b1110 #
b1110 '
b1110 (
b1101 &
0$
#13647000
b1111 #
b1111 '
b1111 (
b1110 &
0$
#13648000
b10000 #
b10000 '
b10000 (
b1111 &
0$
#13649000
b10001 #
b10001 '
b10001 (
b10000 &
0$
#13650000
b10010 #
b10010 '
b10010 (
b10001 &
0$
#13651000
b10011 #
b10011 '
b10011 (
b10010 &
0$
#13652000
b10100 #
b10100 '
b10100 (
b10011 &
0$
#13653000
b10101 #
b10101 '
b10101 (
b10100 &
0$
#13654000
b10110 #
b10110 '
b10110 (
b10101 &
0$
#13655000
b10111 #
b10111 '
b10111 (
b10110 &
0$
#13656000
b11000 #
b11000 '
b11000 (
b10111 &
0$
#13657000
b11001 #
b11001 '
b11001 (
b11000 &
0$
#13658000
b11010 #
b11010 '
b11010 (
b11001 &
0$
#13659000
b11011 #
b11011 '
b11011 (
b11010 &
0$
#13660000
b11100 #
b11100 '
b11100 (
b11011 &
0$
#13661000
b11101 #
b11101 '
b11101 (
b11100 &
0$
#13662000
b11110 #
b11110 '
b11110 (
b11101 &
0$
#13663000
b11111 #
b11111 '
b11111 (
b11110 &
0$
#13664000
b0 #
b0 '
b0 (
b11111 &
0$
#13665000
b1 #
b1 '
b1 (
b0 &
0$
#13666000
b10 #
b10 '
b10 (
b1 &
0$
#13667000
b11 #
b11 '
b11 (
b10 &
0$
#13668000
b100 #
b100 '
b100 (
b11 &
0$
#13669000
b101 #
b101 '
b101 (
b100 &
0$
#13670000
b110 #
b110 '
b110 (
b101 &
0$
#13671000
b111 #
b111 '
b111 (
b110 &
0$
#13672000
b1000 #
b1000 '
b1000 (
b111 &
0$
#13673000
b1001 #
b1001 '
b1001 (
b1000 &
0$
#13674000
b1010 #
b1010 '
b1010 (
b1001 &
0$
#13675000
b1011 #
b1011 '
b1011 (
b1010 &
0$
#13676000
b1100 #
b1100 '
b1100 (
b1011 &
0$
#13677000
b1101 #
b1101 '
b1101 (
b1100 &
0$
#13678000
b1110 #
b1110 '
b1110 (
b1101 &
0$
#13679000
b1111 #
b1111 '
b1111 (
b1110 &
0$
#13680000
b10000 #
b10000 '
b10000 (
b1111 &
0$
#13681000
b10001 #
b10001 '
b10001 (
b10000 &
0$
#13682000
b10010 #
b10010 '
b10010 (
b10001 &
0$
#13683000
b10011 #
b10011 '
b10011 (
b10010 &
0$
#13684000
b10100 #
b10100 '
b10100 (
b10011 &
0$
#13685000
b10101 #
b10101 '
b10101 (
b10100 &
0$
#13686000
b10110 #
b10110 '
b10110 (
b10101 &
0$
#13687000
b10111 #
b10111 '
b10111 (
b10110 &
0$
#13688000
b11000 #
b11000 '
b11000 (
b10111 &
0$
#13689000
b11001 #
b11001 '
b11001 (
b11000 &
0$
#13690000
b11010 #
b11010 '
b11010 (
b11001 &
0$
#13691000
b11011 #
b11011 '
b11011 (
b11010 &
0$
#13692000
b11100 #
b11100 '
b11100 (
b11011 &
0$
#13693000
b11101 #
b11101 '
b11101 (
b11100 &
0$
#13694000
b11110 #
b11110 '
b11110 (
b11101 &
0$
#13695000
b11111 #
b11111 '
b11111 (
b11110 &
0$
#13696000
b0 #
b0 '
b0 (
b11111 &
0$
#13697000
b1 #
b1 '
b1 (
b0 &
0$
#13698000
b10 #
b10 '
b10 (
b1 &
0$
#13699000
b11 #
b11 '
b11 (
b10 &
0$
#13700000
b100 #
b100 '
b100 (
b11 &
0$
#13701000
b101 #
b101 '
b101 (
b100 &
0$
#13702000
b110 #
b110 '
b110 (
b101 &
0$
#13703000
b111 #
b111 '
b111 (
b110 &
0$
#13704000
b1000 #
b1000 '
b1000 (
b111 &
0$
#13705000
b1001 #
b1001 '
b1001 (
b1000 &
0$
#13706000
b1010 #
b1010 '
b1010 (
b1001 &
0$
#13707000
b1011 #
b1011 '
b1011 (
b1010 &
0$
#13708000
b1100 #
b1100 '
b1100 (
b1011 &
0$
#13709000
b1101 #
b1101 '
b1101 (
b1100 &
0$
#13710000
b1110 #
b1110 '
b1110 (
b1101 &
0$
#13711000
b1111 #
b1111 '
b1111 (
b1110 &
0$
#13712000
b10000 #
b10000 '
b10000 (
b1111 &
0$
#13713000
b10001 #
b10001 '
b10001 (
b10000 &
0$
#13714000
b10010 #
b10010 '
b10010 (
b10001 &
0$
#13715000
b10011 #
b10011 '
b10011 (
b10010 &
0$
#13716000
b10100 #
b10100 '
b10100 (
b10011 &
0$
#13717000
b10101 #
b10101 '
b10101 (
b10100 &
0$
#13718000
b10110 #
b10110 '
b10110 (
b10101 &
0$
#13719000
b10111 #
b10111 '
b10111 (
b10110 &
0$
#13720000
b11000 #
b11000 '
b11000 (
b10111 &
0$
#13721000
b11001 #
b11001 '
b11001 (
b11000 &
0$
#13722000
b11010 #
b11010 '
b11010 (
b11001 &
0$
#13723000
b11011 #
b11011 '
b11011 (
b11010 &
0$
#13724000
b11100 #
b11100 '
b11100 (
b11011 &
0$
#13725000
b11101 #
b11101 '
b11101 (
b11100 &
0$
#13726000
b11110 #
b11110 '
b11110 (
b11101 &
0$
#13727000
b11111 #
b11111 '
b11111 (
b11110 &
0$
#13728000
b0 #
b0 '
b0 (
b11111 &
0$
#13729000
b1 #
b1 '
b1 (
b0 &
0$
#13730000
b10 #
b10 '
b10 (
b1 &
0$
#13731000
b11 #
b11 '
b11 (
b10 &
0$
#13732000
b100 #
b100 '
b100 (
b11 &
0$
#13733000
b101 #
b101 '
b101 (
b100 &
0$
#13734000
b110 #
b110 '
b110 (
b101 &
0$
#13735000
b111 #
b111 '
b111 (
b110 &
0$
#13736000
b1000 #
b1000 '
b1000 (
b111 &
0$
#13737000
b1001 #
b1001 '
b1001 (
b1000 &
0$
#13738000
b1010 #
b1010 '
b1010 (
b1001 &
0$
#13739000
b1011 #
b1011 '
b1011 (
b1010 &
0$
#13740000
b1100 #
b1100 '
b1100 (
b1011 &
0$
#13741000
b1101 #
b1101 '
b1101 (
b1100 &
0$
#13742000
b1110 #
b1110 '
b1110 (
b1101 &
0$
#13743000
b1111 #
b1111 '
b1111 (
b1110 &
0$
#13744000
b10000 #
b10000 '
b10000 (
b1111 &
0$
#13745000
b10001 #
b10001 '
b10001 (
b10000 &
0$
#13746000
b10010 #
b10010 '
b10010 (
b10001 &
0$
#13747000
b10011 #
b10011 '
b10011 (
b10010 &
0$
#13748000
b10100 #
b10100 '
b10100 (
b10011 &
0$
#13749000
b10101 #
b10101 '
b10101 (
b10100 &
0$
#13750000
b10110 #
b10110 '
b10110 (
b10101 &
0$
#13751000
b10111 #
b10111 '
b10111 (
b10110 &
0$
#13752000
b11000 #
b11000 '
b11000 (
b10111 &
0$
#13753000
b11001 #
b11001 '
b11001 (
b11000 &
0$
#13754000
b11010 #
b11010 '
b11010 (
b11001 &
0$
#13755000
b11011 #
b11011 '
b11011 (
b11010 &
0$
#13756000
b11100 #
b11100 '
b11100 (
b11011 &
0$
#13757000
b11101 #
b11101 '
b11101 (
b11100 &
0$
#13758000
b11110 #
b11110 '
b11110 (
b11101 &
0$
#13759000
b11111 #
b11111 '
b11111 (
b11110 &
0$
#13760000
b0 #
b0 '
b0 (
b11111 &
0$
#13761000
b1 #
b1 '
b1 (
b0 &
0$
#13762000
b10 #
b10 '
b10 (
b1 &
0$
#13763000
b11 #
b11 '
b11 (
b10 &
0$
#13764000
b100 #
b100 '
b100 (
b11 &
0$
#13765000
b101 #
b101 '
b101 (
b100 &
0$
#13766000
b110 #
b110 '
b110 (
b101 &
0$
#13767000
b111 #
b111 '
b111 (
b110 &
0$
#13768000
b1000 #
b1000 '
b1000 (
b111 &
0$
#13769000
b1001 #
b1001 '
b1001 (
b1000 &
0$
#13770000
b1010 #
b1010 '
b1010 (
b1001 &
0$
#13771000
b1011 #
b1011 '
b1011 (
b1010 &
0$
#13772000
b1100 #
b1100 '
b1100 (
b1011 &
0$
#13773000
b1101 #
b1101 '
b1101 (
b1100 &
0$
#13774000
b1110 #
b1110 '
b1110 (
b1101 &
0$
#13775000
b1111 #
b1111 '
b1111 (
b1110 &
0$
#13776000
b10000 #
b10000 '
b10000 (
b1111 &
0$
#13777000
b10001 #
b10001 '
b10001 (
b10000 &
0$
#13778000
b10010 #
b10010 '
b10010 (
b10001 &
0$
#13779000
b10011 #
b10011 '
b10011 (
b10010 &
0$
#13780000
b10100 #
b10100 '
b10100 (
b10011 &
0$
#13781000
b10101 #
b10101 '
b10101 (
b10100 &
0$
#13782000
b10110 #
b10110 '
b10110 (
b10101 &
0$
#13783000
b10111 #
b10111 '
b10111 (
b10110 &
0$
#13784000
b11000 #
b11000 '
b11000 (
b10111 &
0$
#13785000
b11001 #
b11001 '
b11001 (
b11000 &
0$
#13786000
b11010 #
b11010 '
b11010 (
b11001 &
0$
#13787000
b11011 #
b11011 '
b11011 (
b11010 &
0$
#13788000
b11100 #
b11100 '
b11100 (
b11011 &
0$
#13789000
b11101 #
b11101 '
b11101 (
b11100 &
0$
#13790000
b11110 #
b11110 '
b11110 (
b11101 &
0$
#13791000
b11111 #
b11111 '
b11111 (
b11110 &
0$
#13792000
b0 #
b0 '
b0 (
b11111 &
0$
#13793000
b1 #
b1 '
b1 (
b0 &
0$
#13794000
b10 #
b10 '
b10 (
b1 &
0$
#13795000
b11 #
b11 '
b11 (
b10 &
0$
#13796000
b100 #
b100 '
b100 (
b11 &
0$
#13797000
b101 #
b101 '
b101 (
b100 &
0$
#13798000
b110 #
b110 '
b110 (
b101 &
0$
#13799000
b111 #
b111 '
b111 (
b110 &
0$
#13800000
b1000 #
b1000 '
b1000 (
b111 &
0$
#13801000
b1001 #
b1001 '
b1001 (
b1000 &
0$
#13802000
b1010 #
b1010 '
b1010 (
b1001 &
0$
#13803000
b1011 #
b1011 '
b1011 (
b1010 &
0$
#13804000
b1100 #
b1100 '
b1100 (
b1011 &
0$
#13805000
b1101 #
b1101 '
b1101 (
b1100 &
0$
#13806000
b1110 #
b1110 '
b1110 (
b1101 &
0$
#13807000
b1111 #
b1111 '
b1111 (
b1110 &
0$
#13808000
b10000 #
b10000 '
b10000 (
b1111 &
0$
#13809000
b10001 #
b10001 '
b10001 (
b10000 &
0$
#13810000
b10010 #
b10010 '
b10010 (
b10001 &
0$
#13811000
b10011 #
b10011 '
b10011 (
b10010 &
0$
#13812000
b10100 #
b10100 '
b10100 (
b10011 &
0$
#13813000
b10101 #
b10101 '
b10101 (
b10100 &
0$
#13814000
b10110 #
b10110 '
b10110 (
b10101 &
0$
#13815000
b10111 #
b10111 '
b10111 (
b10110 &
0$
#13816000
b11000 #
b11000 '
b11000 (
b10111 &
0$
#13817000
b11001 #
b11001 '
b11001 (
b11000 &
0$
#13818000
b11010 #
b11010 '
b11010 (
b11001 &
0$
#13819000
b11011 #
b11011 '
b11011 (
b11010 &
0$
#13820000
b11100 #
b11100 '
b11100 (
b11011 &
0$
#13821000
b11101 #
b11101 '
b11101 (
b11100 &
0$
#13822000
b11110 #
b11110 '
b11110 (
b11101 &
0$
#13823000
b11111 #
b11111 '
b11111 (
b11110 &
0$
#13824000
b0 #
b0 '
b0 (
b11111 &
0$
#13825000
b1 #
b1 '
b1 (
b0 &
0$
#13826000
b10 #
b10 '
b10 (
b1 &
0$
#13827000
b11 #
b11 '
b11 (
b10 &
0$
#13828000
b100 #
b100 '
b100 (
b11 &
0$
#13829000
b101 #
b101 '
b101 (
b100 &
0$
#13830000
b110 #
b110 '
b110 (
b101 &
0$
#13831000
b111 #
b111 '
b111 (
b110 &
0$
#13832000
b1000 #
b1000 '
b1000 (
b111 &
0$
#13833000
b1001 #
b1001 '
b1001 (
b1000 &
0$
#13834000
b1010 #
b1010 '
b1010 (
b1001 &
0$
#13835000
b1011 #
b1011 '
b1011 (
b1010 &
0$
#13836000
b1100 #
b1100 '
b1100 (
b1011 &
0$
#13837000
b1101 #
b1101 '
b1101 (
b1100 &
0$
#13838000
b1110 #
b1110 '
b1110 (
b1101 &
0$
#13839000
b1111 #
b1111 '
b1111 (
b1110 &
0$
#13840000
b10000 #
b10000 '
b10000 (
b1111 &
0$
#13841000
b10001 #
b10001 '
b10001 (
b10000 &
0$
#13842000
b10010 #
b10010 '
b10010 (
b10001 &
0$
#13843000
b10011 #
b10011 '
b10011 (
b10010 &
0$
#13844000
b10100 #
b10100 '
b10100 (
b10011 &
0$
#13845000
b10101 #
b10101 '
b10101 (
b10100 &
0$
#13846000
b10110 #
b10110 '
b10110 (
b10101 &
0$
#13847000
b10111 #
b10111 '
b10111 (
b10110 &
0$
#13848000
b11000 #
b11000 '
b11000 (
b10111 &
0$
#13849000
b11001 #
b11001 '
b11001 (
b11000 &
0$
#13850000
b11010 #
b11010 '
b11010 (
b11001 &
0$
#13851000
b11011 #
b11011 '
b11011 (
b11010 &
0$
#13852000
b11100 #
b11100 '
b11100 (
b11011 &
0$
#13853000
b11101 #
b11101 '
b11101 (
b11100 &
0$
#13854000
b11110 #
b11110 '
b11110 (
b11101 &
0$
#13855000
b11111 #
b11111 '
b11111 (
b11110 &
0$
#13856000
b0 #
b0 '
b0 (
b11111 &
0$
#13857000
b1 #
b1 '
b1 (
b0 &
0$
#13858000
b10 #
b10 '
b10 (
b1 &
0$
#13859000
b11 #
b11 '
b11 (
b10 &
0$
#13860000
b100 #
b100 '
b100 (
b11 &
0$
#13861000
b101 #
b101 '
b101 (
b100 &
0$
#13862000
b110 #
b110 '
b110 (
b101 &
0$
#13863000
b111 #
b111 '
b111 (
b110 &
0$
#13864000
b1000 #
b1000 '
b1000 (
b111 &
0$
#13865000
b1001 #
b1001 '
b1001 (
b1000 &
0$
#13866000
b1010 #
b1010 '
b1010 (
b1001 &
0$
#13867000
b1011 #
b1011 '
b1011 (
b1010 &
0$
#13868000
b1100 #
b1100 '
b1100 (
b1011 &
0$
#13869000
b1101 #
b1101 '
b1101 (
b1100 &
0$
#13870000
b1110 #
b1110 '
b1110 (
b1101 &
0$
#13871000
b1111 #
b1111 '
b1111 (
b1110 &
0$
#13872000
b10000 #
b10000 '
b10000 (
b1111 &
0$
#13873000
b10001 #
b10001 '
b10001 (
b10000 &
0$
#13874000
b10010 #
b10010 '
b10010 (
b10001 &
0$
#13875000
b10011 #
b10011 '
b10011 (
b10010 &
0$
#13876000
b10100 #
b10100 '
b10100 (
b10011 &
0$
#13877000
b10101 #
b10101 '
b10101 (
b10100 &
0$
#13878000
b10110 #
b10110 '
b10110 (
b10101 &
0$
#13879000
b10111 #
b10111 '
b10111 (
b10110 &
0$
#13880000
b11000 #
b11000 '
b11000 (
b10111 &
0$
#13881000
b11001 #
b11001 '
b11001 (
b11000 &
0$
#13882000
b11010 #
b11010 '
b11010 (
b11001 &
0$
#13883000
b11011 #
b11011 '
b11011 (
b11010 &
0$
#13884000
b11100 #
b11100 '
b11100 (
b11011 &
0$
#13885000
b11101 #
b11101 '
b11101 (
b11100 &
0$
#13886000
b11110 #
b11110 '
b11110 (
b11101 &
0$
#13887000
b11111 #
b11111 '
b11111 (
b11110 &
0$
#13888000
b0 #
b0 '
b0 (
b11111 &
0$
#13889000
b1 #
b1 '
b1 (
b0 &
0$
#13890000
b10 #
b10 '
b10 (
b1 &
0$
#13891000
b11 #
b11 '
b11 (
b10 &
0$
#13892000
b100 #
b100 '
b100 (
b11 &
0$
#13893000
b101 #
b101 '
b101 (
b100 &
0$
#13894000
b110 #
b110 '
b110 (
b101 &
0$
#13895000
b111 #
b111 '
b111 (
b110 &
0$
#13896000
b1000 #
b1000 '
b1000 (
b111 &
0$
#13897000
b1001 #
b1001 '
b1001 (
b1000 &
0$
#13898000
b1010 #
b1010 '
b1010 (
b1001 &
0$
#13899000
b1011 #
b1011 '
b1011 (
b1010 &
0$
#13900000
b1100 #
b1100 '
b1100 (
b1011 &
0$
#13901000
b1101 #
b1101 '
b1101 (
b1100 &
0$
#13902000
b1110 #
b1110 '
b1110 (
b1101 &
0$
#13903000
b1111 #
b1111 '
b1111 (
b1110 &
0$
#13904000
b10000 #
b10000 '
b10000 (
b1111 &
0$
#13905000
b10001 #
b10001 '
b10001 (
b10000 &
0$
#13906000
b10010 #
b10010 '
b10010 (
b10001 &
0$
#13907000
b10011 #
b10011 '
b10011 (
b10010 &
0$
#13908000
b10100 #
b10100 '
b10100 (
b10011 &
0$
#13909000
b10101 #
b10101 '
b10101 (
b10100 &
0$
#13910000
b10110 #
b10110 '
b10110 (
b10101 &
0$
#13911000
b10111 #
b10111 '
b10111 (
b10110 &
0$
#13912000
b11000 #
b11000 '
b11000 (
b10111 &
0$
#13913000
b11001 #
b11001 '
b11001 (
b11000 &
0$
#13914000
b11010 #
b11010 '
b11010 (
b11001 &
0$
#13915000
b11011 #
b11011 '
b11011 (
b11010 &
0$
#13916000
b11100 #
b11100 '
b11100 (
b11011 &
0$
#13917000
b11101 #
b11101 '
b11101 (
b11100 &
0$
#13918000
b11110 #
b11110 '
b11110 (
b11101 &
0$
#13919000
b11111 #
b11111 '
b11111 (
b11110 &
0$
#13920000
b0 #
b0 '
b0 (
b11111 &
0$
#13921000
b1 #
b1 '
b1 (
b0 &
0$
#13922000
b10 #
b10 '
b10 (
b1 &
0$
#13923000
b11 #
b11 '
b11 (
b10 &
0$
#13924000
b100 #
b100 '
b100 (
b11 &
0$
#13925000
b101 #
b101 '
b101 (
b100 &
0$
#13926000
b110 #
b110 '
b110 (
b101 &
0$
#13927000
b111 #
b111 '
b111 (
b110 &
0$
#13928000
b1000 #
b1000 '
b1000 (
b111 &
0$
#13929000
b1001 #
b1001 '
b1001 (
b1000 &
0$
#13930000
b1010 #
b1010 '
b1010 (
b1001 &
0$
#13931000
b1011 #
b1011 '
b1011 (
b1010 &
0$
#13932000
b1100 #
b1100 '
b1100 (
b1011 &
0$
#13933000
b1101 #
b1101 '
b1101 (
b1100 &
0$
#13934000
b1110 #
b1110 '
b1110 (
b1101 &
0$
#13935000
b1111 #
b1111 '
b1111 (
b1110 &
0$
#13936000
b10000 #
b10000 '
b10000 (
b1111 &
0$
#13937000
b10001 #
b10001 '
b10001 (
b10000 &
0$
#13938000
b10010 #
b10010 '
b10010 (
b10001 &
0$
#13939000
b10011 #
b10011 '
b10011 (
b10010 &
0$
#13940000
b10100 #
b10100 '
b10100 (
b10011 &
0$
#13941000
b10101 #
b10101 '
b10101 (
b10100 &
0$
#13942000
b10110 #
b10110 '
b10110 (
b10101 &
0$
#13943000
b10111 #
b10111 '
b10111 (
b10110 &
0$
#13944000
b11000 #
b11000 '
b11000 (
b10111 &
0$
#13945000
b11001 #
b11001 '
b11001 (
b11000 &
0$
#13946000
b11010 #
b11010 '
b11010 (
b11001 &
0$
#13947000
b11011 #
b11011 '
b11011 (
b11010 &
0$
#13948000
b11100 #
b11100 '
b11100 (
b11011 &
0$
#13949000
b11101 #
b11101 '
b11101 (
b11100 &
0$
#13950000
b11110 #
b11110 '
b11110 (
b11101 &
0$
#13951000
b11111 #
b11111 '
b11111 (
b11110 &
0$
#13952000
b0 #
b0 '
b0 (
b11111 &
0$
#13953000
b1 #
b1 '
b1 (
b0 &
0$
#13954000
b10 #
b10 '
b10 (
b1 &
0$
#13955000
b11 #
b11 '
b11 (
b10 &
0$
#13956000
b100 #
b100 '
b100 (
b11 &
0$
#13957000
b101 #
b101 '
b101 (
b100 &
0$
#13958000
b110 #
b110 '
b110 (
b101 &
0$
#13959000
b111 #
b111 '
b111 (
b110 &
0$
#13960000
b1000 #
b1000 '
b1000 (
b111 &
0$
#13961000
b1001 #
b1001 '
b1001 (
b1000 &
0$
#13962000
b1010 #
b1010 '
b1010 (
b1001 &
0$
#13963000
b1011 #
b1011 '
b1011 (
b1010 &
0$
#13964000
b1100 #
b1100 '
b1100 (
b1011 &
0$
#13965000
b1101 #
b1101 '
b1101 (
b1100 &
0$
#13966000
b1110 #
b1110 '
b1110 (
b1101 &
0$
#13967000
b1111 #
b1111 '
b1111 (
b1110 &
0$
#13968000
b10000 #
b10000 '
b10000 (
b1111 &
0$
#13969000
b10001 #
b10001 '
b10001 (
b10000 &
0$
#13970000
b10010 #
b10010 '
b10010 (
b10001 &
0$
#13971000
b10011 #
b10011 '
b10011 (
b10010 &
0$
#13972000
b10100 #
b10100 '
b10100 (
b10011 &
0$
#13973000
b10101 #
b10101 '
b10101 (
b10100 &
0$
#13974000
b10110 #
b10110 '
b10110 (
b10101 &
0$
#13975000
b10111 #
b10111 '
b10111 (
b10110 &
0$
#13976000
b11000 #
b11000 '
b11000 (
b10111 &
0$
#13977000
b11001 #
b11001 '
b11001 (
b11000 &
0$
#13978000
b11010 #
b11010 '
b11010 (
b11001 &
0$
#13979000
b11011 #
b11011 '
b11011 (
b11010 &
0$
#13980000
b11100 #
b11100 '
b11100 (
b11011 &
0$
#13981000
b11101 #
b11101 '
b11101 (
b11100 &
0$
#13982000
b11110 #
b11110 '
b11110 (
b11101 &
0$
#13983000
b11111 #
b11111 '
b11111 (
b11110 &
0$
#13984000
b0 #
b0 '
b0 (
b11111 &
0$
#13985000
b1 #
b1 '
b1 (
b0 &
0$
#13986000
b10 #
b10 '
b10 (
b1 &
0$
#13987000
b11 #
b11 '
b11 (
b10 &
0$
#13988000
b100 #
b100 '
b100 (
b11 &
0$
#13989000
b101 #
b101 '
b101 (
b100 &
0$
#13990000
b110 #
b110 '
b110 (
b101 &
0$
#13991000
b111 #
b111 '
b111 (
b110 &
0$
#13992000
b1000 #
b1000 '
b1000 (
b111 &
0$
#13993000
b1001 #
b1001 '
b1001 (
b1000 &
0$
#13994000
b1010 #
b1010 '
b1010 (
b1001 &
0$
#13995000
b1011 #
b1011 '
b1011 (
b1010 &
0$
#13996000
b1100 #
b1100 '
b1100 (
b1011 &
0$
#13997000
b1101 #
b1101 '
b1101 (
b1100 &
0$
#13998000
b1110 #
b1110 '
b1110 (
b1101 &
0$
#13999000
b1111 #
b1111 '
b1111 (
b1110 &
0$
#14000000
b10000 #
b10000 '
b10000 (
b1111 &
0$
#14001000
b10001 #
b10001 '
b10001 (
b10000 &
0$
#14002000
b10010 #
b10010 '
b10010 (
b10001 &
0$
#14003000
b10011 #
b10011 '
b10011 (
b10010 &
0$
#14004000
b10100 #
b10100 '
b10100 (
b10011 &
0$
#14005000
b10101 #
b10101 '
b10101 (
b10100 &
0$
#14006000
b10110 #
b10110 '
b10110 (
b10101 &
0$
#14007000
b10111 #
b10111 '
b10111 (
b10110 &
0$
#14008000
b11000 #
b11000 '
b11000 (
b10111 &
0$
#14009000
b11001 #
b11001 '
b11001 (
b11000 &
0$
#14010000
b11010 #
b11010 '
b11010 (
b11001 &
0$
#14011000
b11011 #
b11011 '
b11011 (
b11010 &
0$
#14012000
b11100 #
b11100 '
b11100 (
b11011 &
0$
#14013000
b11101 #
b11101 '
b11101 (
b11100 &
0$
#14014000
b11110 #
b11110 '
b11110 (
b11101 &
0$
#14015000
b11111 #
b11111 '
b11111 (
b11110 &
0$
#14016000
b0 #
b0 '
b0 (
b11111 &
0$
#14017000
b1 #
b1 '
b1 (
b0 &
0$
#14018000
b10 #
b10 '
b10 (
b1 &
0$
#14019000
b11 #
b11 '
b11 (
b10 &
0$
#14020000
b100 #
b100 '
b100 (
b11 &
0$
#14021000
b101 #
b101 '
b101 (
b100 &
0$
#14022000
b110 #
b110 '
b110 (
b101 &
0$
#14023000
b111 #
b111 '
b111 (
b110 &
0$
#14024000
b1000 #
b1000 '
b1000 (
b111 &
0$
#14025000
b1001 #
b1001 '
b1001 (
b1000 &
0$
#14026000
b1010 #
b1010 '
b1010 (
b1001 &
0$
#14027000
b1011 #
b1011 '
b1011 (
b1010 &
0$
#14028000
b1100 #
b1100 '
b1100 (
b1011 &
0$
#14029000
b1101 #
b1101 '
b1101 (
b1100 &
0$
#14030000
b1110 #
b1110 '
b1110 (
b1101 &
0$
#14031000
b1111 #
b1111 '
b1111 (
b1110 &
0$
#14032000
b10000 #
b10000 '
b10000 (
b1111 &
0$
#14033000
b10001 #
b10001 '
b10001 (
b10000 &
0$
#14034000
b10010 #
b10010 '
b10010 (
b10001 &
0$
#14035000
b10011 #
b10011 '
b10011 (
b10010 &
0$
#14036000
b10100 #
b10100 '
b10100 (
b10011 &
0$
#14037000
b10101 #
b10101 '
b10101 (
b10100 &
0$
#14038000
b10110 #
b10110 '
b10110 (
b10101 &
0$
#14039000
b10111 #
b10111 '
b10111 (
b10110 &
0$
#14040000
b11000 #
b11000 '
b11000 (
b10111 &
0$
#14041000
b11001 #
b11001 '
b11001 (
b11000 &
0$
#14042000
b11010 #
b11010 '
b11010 (
b11001 &
0$
#14043000
b11011 #
b11011 '
b11011 (
b11010 &
0$
#14044000
b11100 #
b11100 '
b11100 (
b11011 &
0$
#14045000
b11101 #
b11101 '
b11101 (
b11100 &
0$
#14046000
b11110 #
b11110 '
b11110 (
b11101 &
0$
#14047000
b11111 #
b11111 '
b11111 (
b11110 &
0$
#14048000
b0 #
b0 '
b0 (
b11111 &
0$
#14049000
b1 #
b1 '
b1 (
b0 &
0$
#14050000
b10 #
b10 '
b10 (
b1 &
0$
#14051000
b11 #
b11 '
b11 (
b10 &
0$
#14052000
b100 #
b100 '
b100 (
b11 &
0$
#14053000
b101 #
b101 '
b101 (
b100 &
0$
#14054000
b110 #
b110 '
b110 (
b101 &
0$
#14055000
b111 #
b111 '
b111 (
b110 &
0$
#14056000
b1000 #
b1000 '
b1000 (
b111 &
0$
#14057000
b1001 #
b1001 '
b1001 (
b1000 &
0$
#14058000
b1010 #
b1010 '
b1010 (
b1001 &
0$
#14059000
b1011 #
b1011 '
b1011 (
b1010 &
0$
#14060000
b1100 #
b1100 '
b1100 (
b1011 &
0$
#14061000
b1101 #
b1101 '
b1101 (
b1100 &
0$
#14062000
b1110 #
b1110 '
b1110 (
b1101 &
0$
#14063000
b1111 #
b1111 '
b1111 (
b1110 &
0$
#14064000
b10000 #
b10000 '
b10000 (
b1111 &
0$
#14065000
b10001 #
b10001 '
b10001 (
b10000 &
0$
#14066000
b10010 #
b10010 '
b10010 (
b10001 &
0$
#14067000
b10011 #
b10011 '
b10011 (
b10010 &
0$
#14068000
b10100 #
b10100 '
b10100 (
b10011 &
0$
#14069000
b10101 #
b10101 '
b10101 (
b10100 &
0$
#14070000
b10110 #
b10110 '
b10110 (
b10101 &
0$
#14071000
b10111 #
b10111 '
b10111 (
b10110 &
0$
#14072000
b11000 #
b11000 '
b11000 (
b10111 &
0$
#14073000
b11001 #
b11001 '
b11001 (
b11000 &
0$
#14074000
b11010 #
b11010 '
b11010 (
b11001 &
0$
#14075000
b11011 #
b11011 '
b11011 (
b11010 &
0$
#14076000
b11100 #
b11100 '
b11100 (
b11011 &
0$
#14077000
b11101 #
b11101 '
b11101 (
b11100 &
0$
#14078000
b11110 #
b11110 '
b11110 (
b11101 &
0$
#14079000
b11111 #
b11111 '
b11111 (
b11110 &
0$
#14080000
b0 #
b0 '
b0 (
b11111 &
0$
#14081000
b1 #
b1 '
b1 (
b0 &
0$
#14082000
b10 #
b10 '
b10 (
b1 &
0$
#14083000
b11 #
b11 '
b11 (
b10 &
0$
#14084000
b100 #
b100 '
b100 (
b11 &
0$
#14085000
b101 #
b101 '
b101 (
b100 &
0$
#14086000
b110 #
b110 '
b110 (
b101 &
0$
#14087000
b111 #
b111 '
b111 (
b110 &
0$
#14088000
b1000 #
b1000 '
b1000 (
b111 &
0$
#14089000
b1001 #
b1001 '
b1001 (
b1000 &
0$
#14090000
b1010 #
b1010 '
b1010 (
b1001 &
0$
#14091000
b1011 #
b1011 '
b1011 (
b1010 &
0$
#14092000
b1100 #
b1100 '
b1100 (
b1011 &
0$
#14093000
b1101 #
b1101 '
b1101 (
b1100 &
0$
#14094000
b1110 #
b1110 '
b1110 (
b1101 &
0$
#14095000
b1111 #
b1111 '
b1111 (
b1110 &
0$
#14096000
b10000 #
b10000 '
b10000 (
b1111 &
0$
#14097000
b10001 #
b10001 '
b10001 (
b10000 &
0$
#14098000
b10010 #
b10010 '
b10010 (
b10001 &
0$
#14099000
b10011 #
b10011 '
b10011 (
b10010 &
0$
#14100000
b10100 #
b10100 '
b10100 (
b10011 &
0$
#14101000
b10101 #
b10101 '
b10101 (
b10100 &
0$
#14102000
b10110 #
b10110 '
b10110 (
b10101 &
0$
#14103000
b10111 #
b10111 '
b10111 (
b10110 &
0$
#14104000
b11000 #
b11000 '
b11000 (
b10111 &
0$
#14105000
b11001 #
b11001 '
b11001 (
b11000 &
0$
#14106000
b11010 #
b11010 '
b11010 (
b11001 &
0$
#14107000
b11011 #
b11011 '
b11011 (
b11010 &
0$
#14108000
b11100 #
b11100 '
b11100 (
b11011 &
0$
#14109000
b11101 #
b11101 '
b11101 (
b11100 &
0$
#14110000
b11110 #
b11110 '
b11110 (
b11101 &
0$
#14111000
b11111 #
b11111 '
b11111 (
b11110 &
0$
#14112000
b0 #
b0 '
b0 (
b11111 &
0$
#14113000
b1 #
b1 '
b1 (
b0 &
0$
#14114000
b10 #
b10 '
b10 (
b1 &
0$
#14115000
b11 #
b11 '
b11 (
b10 &
0$
#14116000
b100 #
b100 '
b100 (
b11 &
0$
#14117000
b101 #
b101 '
b101 (
b100 &
0$
#14118000
b110 #
b110 '
b110 (
b101 &
0$
#14119000
b111 #
b111 '
b111 (
b110 &
0$
#14120000
b1000 #
b1000 '
b1000 (
b111 &
0$
#14121000
b1001 #
b1001 '
b1001 (
b1000 &
0$
#14122000
b1010 #
b1010 '
b1010 (
b1001 &
0$
#14123000
b1011 #
b1011 '
b1011 (
b1010 &
0$
#14124000
b1100 #
b1100 '
b1100 (
b1011 &
0$
#14125000
b1101 #
b1101 '
b1101 (
b1100 &
0$
#14126000
b1110 #
b1110 '
b1110 (
b1101 &
0$
#14127000
b1111 #
b1111 '
b1111 (
b1110 &
0$
#14128000
b10000 #
b10000 '
b10000 (
b1111 &
0$
#14129000
b10001 #
b10001 '
b10001 (
b10000 &
0$
#14130000
b10010 #
b10010 '
b10010 (
b10001 &
0$
#14131000
b10011 #
b10011 '
b10011 (
b10010 &
0$
#14132000
b10100 #
b10100 '
b10100 (
b10011 &
0$
#14133000
b10101 #
b10101 '
b10101 (
b10100 &
0$
#14134000
b10110 #
b10110 '
b10110 (
b10101 &
0$
#14135000
b10111 #
b10111 '
b10111 (
b10110 &
0$
#14136000
b11000 #
b11000 '
b11000 (
b10111 &
0$
#14137000
b11001 #
b11001 '
b11001 (
b11000 &
0$
#14138000
b11010 #
b11010 '
b11010 (
b11001 &
0$
#14139000
b11011 #
b11011 '
b11011 (
b11010 &
0$
#14140000
b11100 #
b11100 '
b11100 (
b11011 &
0$
#14141000
b11101 #
b11101 '
b11101 (
b11100 &
0$
#14142000
b11110 #
b11110 '
b11110 (
b11101 &
0$
#14143000
b11111 #
b11111 '
b11111 (
b11110 &
0$
#14144000
b0 #
b0 '
b0 (
b11111 &
0$
#14145000
b1 #
b1 '
b1 (
b0 &
0$
#14146000
b10 #
b10 '
b10 (
b1 &
0$
#14147000
b11 #
b11 '
b11 (
b10 &
0$
#14148000
b100 #
b100 '
b100 (
b11 &
0$
#14149000
b101 #
b101 '
b101 (
b100 &
0$
#14150000
b110 #
b110 '
b110 (
b101 &
0$
#14151000
b111 #
b111 '
b111 (
b110 &
0$
#14152000
b1000 #
b1000 '
b1000 (
b111 &
0$
#14153000
b1001 #
b1001 '
b1001 (
b1000 &
0$
#14154000
b1010 #
b1010 '
b1010 (
b1001 &
0$
#14155000
b1011 #
b1011 '
b1011 (
b1010 &
0$
#14156000
b1100 #
b1100 '
b1100 (
b1011 &
0$
#14157000
b1101 #
b1101 '
b1101 (
b1100 &
0$
#14158000
b1110 #
b1110 '
b1110 (
b1101 &
0$
#14159000
b1111 #
b1111 '
b1111 (
b1110 &
0$
#14160000
b10000 #
b10000 '
b10000 (
b1111 &
0$
#14161000
b10001 #
b10001 '
b10001 (
b10000 &
0$
#14162000
b10010 #
b10010 '
b10010 (
b10001 &
0$
#14163000
b10011 #
b10011 '
b10011 (
b10010 &
0$
#14164000
b10100 #
b10100 '
b10100 (
b10011 &
0$
#14165000
b10101 #
b10101 '
b10101 (
b10100 &
0$
#14166000
b10110 #
b10110 '
b10110 (
b10101 &
0$
#14167000
b10111 #
b10111 '
b10111 (
b10110 &
0$
#14168000
b11000 #
b11000 '
b11000 (
b10111 &
0$
#14169000
b11001 #
b11001 '
b11001 (
b11000 &
0$
#14170000
b11010 #
b11010 '
b11010 (
b11001 &
0$
#14171000
b11011 #
b11011 '
b11011 (
b11010 &
0$
#14172000
b11100 #
b11100 '
b11100 (
b11011 &
0$
#14173000
b11101 #
b11101 '
b11101 (
b11100 &
0$
#14174000
b11110 #
b11110 '
b11110 (
b11101 &
0$
#14175000
b11111 #
b11111 '
b11111 (
b11110 &
0$
#14176000
b0 #
b0 '
b0 (
b11111 &
0$
#14177000
b1 #
b1 '
b1 (
b0 &
0$
#14178000
b10 #
b10 '
b10 (
b1 &
0$
#14179000
b11 #
b11 '
b11 (
b10 &
0$
#14180000
b100 #
b100 '
b100 (
b11 &
0$
#14181000
b101 #
b101 '
b101 (
b100 &
0$
#14182000
b110 #
b110 '
b110 (
b101 &
0$
#14183000
b111 #
b111 '
b111 (
b110 &
0$
#14184000
b1000 #
b1000 '
b1000 (
b111 &
0$
#14185000
b1001 #
b1001 '
b1001 (
b1000 &
0$
#14186000
b1010 #
b1010 '
b1010 (
b1001 &
0$
#14187000
b1011 #
b1011 '
b1011 (
b1010 &
0$
#14188000
b1100 #
b1100 '
b1100 (
b1011 &
0$
#14189000
b1101 #
b1101 '
b1101 (
b1100 &
0$
#14190000
b1110 #
b1110 '
b1110 (
b1101 &
0$
#14191000
b1111 #
b1111 '
b1111 (
b1110 &
0$
#14192000
b10000 #
b10000 '
b10000 (
b1111 &
0$
#14193000
b10001 #
b10001 '
b10001 (
b10000 &
0$
#14194000
b10010 #
b10010 '
b10010 (
b10001 &
0$
#14195000
b10011 #
b10011 '
b10011 (
b10010 &
0$
#14196000
b10100 #
b10100 '
b10100 (
b10011 &
0$
#14197000
b10101 #
b10101 '
b10101 (
b10100 &
0$
#14198000
b10110 #
b10110 '
b10110 (
b10101 &
0$
#14199000
b10111 #
b10111 '
b10111 (
b10110 &
0$
#14200000
b11000 #
b11000 '
b11000 (
b10111 &
0$
#14201000
b11001 #
b11001 '
b11001 (
b11000 &
0$
#14202000
b11010 #
b11010 '
b11010 (
b11001 &
0$
#14203000
b11011 #
b11011 '
b11011 (
b11010 &
0$
#14204000
b11100 #
b11100 '
b11100 (
b11011 &
0$
#14205000
b11101 #
b11101 '
b11101 (
b11100 &
0$
#14206000
b11110 #
b11110 '
b11110 (
b11101 &
0$
#14207000
b11111 #
b11111 '
b11111 (
b11110 &
0$
#14208000
b0 #
b0 '
b0 (
b11111 &
0$
#14209000
b1 #
b1 '
b1 (
b0 &
0$
#14210000
b10 #
b10 '
b10 (
b1 &
0$
#14211000
b11 #
b11 '
b11 (
b10 &
0$
#14212000
b100 #
b100 '
b100 (
b11 &
0$
#14213000
b101 #
b101 '
b101 (
b100 &
0$
#14214000
b110 #
b110 '
b110 (
b101 &
0$
#14215000
b111 #
b111 '
b111 (
b110 &
0$
#14216000
b1000 #
b1000 '
b1000 (
b111 &
0$
#14217000
b1001 #
b1001 '
b1001 (
b1000 &
0$
#14218000
b1010 #
b1010 '
b1010 (
b1001 &
0$
#14219000
b1011 #
b1011 '
b1011 (
b1010 &
0$
#14220000
b1100 #
b1100 '
b1100 (
b1011 &
0$
#14221000
b1101 #
b1101 '
b1101 (
b1100 &
0$
#14222000
b1110 #
b1110 '
b1110 (
b1101 &
0$
#14223000
b1111 #
b1111 '
b1111 (
b1110 &
0$
#14224000
b10000 #
b10000 '
b10000 (
b1111 &
0$
#14225000
b10001 #
b10001 '
b10001 (
b10000 &
0$
#14226000
b10010 #
b10010 '
b10010 (
b10001 &
0$
#14227000
b10011 #
b10011 '
b10011 (
b10010 &
0$
#14228000
b10100 #
b10100 '
b10100 (
b10011 &
0$
#14229000
b10101 #
b10101 '
b10101 (
b10100 &
0$
#14230000
b10110 #
b10110 '
b10110 (
b10101 &
0$
#14231000
b10111 #
b10111 '
b10111 (
b10110 &
0$
#14232000
b11000 #
b11000 '
b11000 (
b10111 &
0$
#14233000
b11001 #
b11001 '
b11001 (
b11000 &
0$
#14234000
b11010 #
b11010 '
b11010 (
b11001 &
0$
#14235000
b11011 #
b11011 '
b11011 (
b11010 &
0$
#14236000
b11100 #
b11100 '
b11100 (
b11011 &
0$
#14237000
b11101 #
b11101 '
b11101 (
b11100 &
0$
#14238000
b11110 #
b11110 '
b11110 (
b11101 &
0$
#14239000
b11111 #
b11111 '
b11111 (
b11110 &
0$
#14240000
b0 #
b0 '
b0 (
b11111 &
0$
#14241000
b1 #
b1 '
b1 (
b0 &
0$
#14242000
b10 #
b10 '
b10 (
b1 &
0$
#14243000
b11 #
b11 '
b11 (
b10 &
0$
#14244000
b100 #
b100 '
b100 (
b11 &
0$
#14245000
b101 #
b101 '
b101 (
b100 &
0$
#14246000
b110 #
b110 '
b110 (
b101 &
0$
#14247000
b111 #
b111 '
b111 (
b110 &
0$
#14248000
b1000 #
b1000 '
b1000 (
b111 &
0$
#14249000
b1001 #
b1001 '
b1001 (
b1000 &
0$
#14250000
b1010 #
b1010 '
b1010 (
b1001 &
0$
#14251000
b1011 #
b1011 '
b1011 (
b1010 &
0$
#14252000
b1100 #
b1100 '
b1100 (
b1011 &
0$
#14253000
b1101 #
b1101 '
b1101 (
b1100 &
0$
#14254000
b1110 #
b1110 '
b1110 (
b1101 &
0$
#14255000
b1111 #
b1111 '
b1111 (
b1110 &
0$
#14256000
b10000 #
b10000 '
b10000 (
b1111 &
0$
#14257000
b10001 #
b10001 '
b10001 (
b10000 &
0$
#14258000
b10010 #
b10010 '
b10010 (
b10001 &
0$
#14259000
b10011 #
b10011 '
b10011 (
b10010 &
0$
#14260000
b10100 #
b10100 '
b10100 (
b10011 &
0$
#14261000
b10101 #
b10101 '
b10101 (
b10100 &
0$
#14262000
b10110 #
b10110 '
b10110 (
b10101 &
0$
#14263000
b10111 #
b10111 '
b10111 (
b10110 &
0$
#14264000
b11000 #
b11000 '
b11000 (
b10111 &
0$
#14265000
b11001 #
b11001 '
b11001 (
b11000 &
0$
#14266000
b11010 #
b11010 '
b11010 (
b11001 &
0$
#14267000
b11011 #
b11011 '
b11011 (
b11010 &
0$
#14268000
b11100 #
b11100 '
b11100 (
b11011 &
0$
#14269000
b11101 #
b11101 '
b11101 (
b11100 &
0$
#14270000
b11110 #
b11110 '
b11110 (
b11101 &
0$
#14271000
b11111 #
b11111 '
b11111 (
b11110 &
0$
#14272000
b0 #
b0 '
b0 (
b11111 &
0$
#14273000
b1 #
b1 '
b1 (
b0 &
0$
#14274000
b10 #
b10 '
b10 (
b1 &
0$
#14275000
b11 #
b11 '
b11 (
b10 &
0$
#14276000
b100 #
b100 '
b100 (
b11 &
0$
#14277000
b101 #
b101 '
b101 (
b100 &
0$
#14278000
b110 #
b110 '
b110 (
b101 &
0$
#14279000
b111 #
b111 '
b111 (
b110 &
0$
#14280000
b1000 #
b1000 '
b1000 (
b111 &
0$
#14281000
b1001 #
b1001 '
b1001 (
b1000 &
0$
#14282000
b1010 #
b1010 '
b1010 (
b1001 &
0$
#14283000
b1011 #
b1011 '
b1011 (
b1010 &
0$
#14284000
b1100 #
b1100 '
b1100 (
b1011 &
0$
#14285000
b1101 #
b1101 '
b1101 (
b1100 &
0$
#14286000
b1110 #
b1110 '
b1110 (
b1101 &
0$
#14287000
b1111 #
b1111 '
b1111 (
b1110 &
0$
#14288000
b10000 #
b10000 '
b10000 (
b1111 &
0$
#14289000
b10001 #
b10001 '
b10001 (
b10000 &
0$
#14290000
b10010 #
b10010 '
b10010 (
b10001 &
0$
#14291000
b10011 #
b10011 '
b10011 (
b10010 &
0$
#14292000
b10100 #
b10100 '
b10100 (
b10011 &
0$
#14293000
b10101 #
b10101 '
b10101 (
b10100 &
0$
#14294000
b10110 #
b10110 '
b10110 (
b10101 &
0$
#14295000
b10111 #
b10111 '
b10111 (
b10110 &
0$
#14296000
b11000 #
b11000 '
b11000 (
b10111 &
0$
#14297000
b11001 #
b11001 '
b11001 (
b11000 &
0$
#14298000
b11010 #
b11010 '
b11010 (
b11001 &
0$
#14299000
b11011 #
b11011 '
b11011 (
b11010 &
0$
#14300000
b11100 #
b11100 '
b11100 (
b11011 &
0$
#14301000
b11101 #
b11101 '
b11101 (
b11100 &
0$
#14302000
b11110 #
b11110 '
b11110 (
b11101 &
0$
#14303000
b11111 #
b11111 '
b11111 (
b11110 &
0$
#14304000
b0 #
b0 '
b0 (
b11111 &
0$
#14305000
b1 #
b1 '
b1 (
b0 &
0$
#14306000
b10 #
b10 '
b10 (
b1 &
0$
#14307000
b11 #
b11 '
b11 (
b10 &
0$
#14308000
b100 #
b100 '
b100 (
b11 &
0$
#14309000
b101 #
b101 '
b101 (
b100 &
0$
#14310000
b110 #
b110 '
b110 (
b101 &
0$
#14311000
b111 #
b111 '
b111 (
b110 &
0$
#14312000
b1000 #
b1000 '
b1000 (
b111 &
0$
#14313000
b1001 #
b1001 '
b1001 (
b1000 &
0$
#14314000
b1010 #
b1010 '
b1010 (
b1001 &
0$
#14315000
b1011 #
b1011 '
b1011 (
b1010 &
0$
#14316000
b1100 #
b1100 '
b1100 (
b1011 &
0$
#14317000
b1101 #
b1101 '
b1101 (
b1100 &
0$
#14318000
b1110 #
b1110 '
b1110 (
b1101 &
0$
#14319000
b1111 #
b1111 '
b1111 (
b1110 &
0$
#14320000
b10000 #
b10000 '
b10000 (
b1111 &
0$
#14321000
b10001 #
b10001 '
b10001 (
b10000 &
0$
#14322000
b10010 #
b10010 '
b10010 (
b10001 &
0$
#14323000
b10011 #
b10011 '
b10011 (
b10010 &
0$
#14324000
b10100 #
b10100 '
b10100 (
b10011 &
0$
#14325000
b10101 #
b10101 '
b10101 (
b10100 &
0$
#14326000
b10110 #
b10110 '
b10110 (
b10101 &
0$
#14327000
b10111 #
b10111 '
b10111 (
b10110 &
0$
#14328000
b11000 #
b11000 '
b11000 (
b10111 &
0$
#14329000
b11001 #
b11001 '
b11001 (
b11000 &
0$
#14330000
b11010 #
b11010 '
b11010 (
b11001 &
0$
#14331000
b11011 #
b11011 '
b11011 (
b11010 &
0$
#14332000
b11100 #
b11100 '
b11100 (
b11011 &
0$
#14333000
b11101 #
b11101 '
b11101 (
b11100 &
0$
#14334000
b11110 #
b11110 '
b11110 (
b11101 &
0$
#14335000
b11111 #
b11111 '
b11111 (
b11110 &
0$
#14336000
b0 #
b0 '
b0 (
b11111 &
0$
#14337000
b1 #
b1 '
b1 (
b0 &
0$
#14338000
b10 #
b10 '
b10 (
b1 &
0$
#14339000
b11 #
b11 '
b11 (
b10 &
0$
#14340000
b100 #
b100 '
b100 (
b11 &
0$
#14341000
b101 #
b101 '
b101 (
b100 &
0$
#14342000
b110 #
b110 '
b110 (
b101 &
0$
#14343000
b111 #
b111 '
b111 (
b110 &
0$
#14344000
b1000 #
b1000 '
b1000 (
b111 &
0$
#14345000
b1001 #
b1001 '
b1001 (
b1000 &
0$
#14346000
b1010 #
b1010 '
b1010 (
b1001 &
0$
#14347000
b1011 #
b1011 '
b1011 (
b1010 &
0$
#14348000
b1100 #
b1100 '
b1100 (
b1011 &
0$
#14349000
b1101 #
b1101 '
b1101 (
b1100 &
0$
#14350000
b1110 #
b1110 '
b1110 (
b1101 &
0$
#14351000
b1111 #
b1111 '
b1111 (
b1110 &
0$
#14352000
b10000 #
b10000 '
b10000 (
b1111 &
0$
#14353000
b10001 #
b10001 '
b10001 (
b10000 &
0$
#14354000
b10010 #
b10010 '
b10010 (
b10001 &
0$
#14355000
b10011 #
b10011 '
b10011 (
b10010 &
0$
#14356000
b10100 #
b10100 '
b10100 (
b10011 &
0$
#14357000
b10101 #
b10101 '
b10101 (
b10100 &
0$
#14358000
b10110 #
b10110 '
b10110 (
b10101 &
0$
#14359000
b10111 #
b10111 '
b10111 (
b10110 &
0$
#14360000
b11000 #
b11000 '
b11000 (
b10111 &
0$
#14361000
b11001 #
b11001 '
b11001 (
b11000 &
0$
#14362000
b11010 #
b11010 '
b11010 (
b11001 &
0$
#14363000
b11011 #
b11011 '
b11011 (
b11010 &
0$
#14364000
b11100 #
b11100 '
b11100 (
b11011 &
0$
#14365000
b11101 #
b11101 '
b11101 (
b11100 &
0$
#14366000
b11110 #
b11110 '
b11110 (
b11101 &
0$
#14367000
b11111 #
b11111 '
b11111 (
b11110 &
0$
#14368000
b0 #
b0 '
b0 (
b11111 &
0$
#14369000
b1 #
b1 '
b1 (
b0 &
0$
#14370000
b10 #
b10 '
b10 (
b1 &
0$
#14371000
b11 #
b11 '
b11 (
b10 &
0$
#14372000
b100 #
b100 '
b100 (
b11 &
0$
#14373000
b101 #
b101 '
b101 (
b100 &
0$
#14374000
b110 #
b110 '
b110 (
b101 &
0$
#14375000
b111 #
b111 '
b111 (
b110 &
0$
#14376000
b1000 #
b1000 '
b1000 (
b111 &
0$
#14377000
b1001 #
b1001 '
b1001 (
b1000 &
0$
#14378000
b1010 #
b1010 '
b1010 (
b1001 &
0$
#14379000
b1011 #
b1011 '
b1011 (
b1010 &
0$
#14380000
b1100 #
b1100 '
b1100 (
b1011 &
0$
#14381000
b1101 #
b1101 '
b1101 (
b1100 &
0$
#14382000
b1110 #
b1110 '
b1110 (
b1101 &
0$
#14383000
b1111 #
b1111 '
b1111 (
b1110 &
0$
#14384000
b10000 #
b10000 '
b10000 (
b1111 &
0$
#14385000
b10001 #
b10001 '
b10001 (
b10000 &
0$
#14386000
b10010 #
b10010 '
b10010 (
b10001 &
0$
#14387000
b10011 #
b10011 '
b10011 (
b10010 &
0$
#14388000
b10100 #
b10100 '
b10100 (
b10011 &
0$
#14389000
b10101 #
b10101 '
b10101 (
b10100 &
0$
#14390000
b10110 #
b10110 '
b10110 (
b10101 &
0$
#14391000
b10111 #
b10111 '
b10111 (
b10110 &
0$
#14392000
b11000 #
b11000 '
b11000 (
b10111 &
0$
#14393000
b11001 #
b11001 '
b11001 (
b11000 &
0$
#14394000
b11010 #
b11010 '
b11010 (
b11001 &
0$
#14395000
b11011 #
b11011 '
b11011 (
b11010 &
0$
#14396000
b11100 #
b11100 '
b11100 (
b11011 &
0$
#14397000
b11101 #
b11101 '
b11101 (
b11100 &
0$
#14398000
b11110 #
b11110 '
b11110 (
b11101 &
0$
#14399000
b11111 #
b11111 '
b11111 (
b11110 &
0$
#14400000
b0 #
b0 '
b0 (
b11111 &
0$
#14401000
b1 #
b1 '
b1 (
b0 &
0$
#14402000
b10 #
b10 '
b10 (
b1 &
0$
#14403000
b11 #
b11 '
b11 (
b10 &
0$
#14404000
b100 #
b100 '
b100 (
b11 &
0$
#14405000
b101 #
b101 '
b101 (
b100 &
0$
#14406000
b110 #
b110 '
b110 (
b101 &
0$
#14407000
b111 #
b111 '
b111 (
b110 &
0$
#14408000
b1000 #
b1000 '
b1000 (
b111 &
0$
#14409000
b1001 #
b1001 '
b1001 (
b1000 &
0$
#14410000
b1010 #
b1010 '
b1010 (
b1001 &
0$
#14411000
b1011 #
b1011 '
b1011 (
b1010 &
0$
#14412000
b1100 #
b1100 '
b1100 (
b1011 &
0$
#14413000
b1101 #
b1101 '
b1101 (
b1100 &
0$
#14414000
b1110 #
b1110 '
b1110 (
b1101 &
0$
#14415000
b1111 #
b1111 '
b1111 (
b1110 &
0$
#14416000
b10000 #
b10000 '
b10000 (
b1111 &
0$
#14417000
b10001 #
b10001 '
b10001 (
b10000 &
0$
#14418000
b10010 #
b10010 '
b10010 (
b10001 &
0$
#14419000
b10011 #
b10011 '
b10011 (
b10010 &
0$
#14420000
b10100 #
b10100 '
b10100 (
b10011 &
0$
#14421000
b10101 #
b10101 '
b10101 (
b10100 &
0$
#14422000
b10110 #
b10110 '
b10110 (
b10101 &
0$
#14423000
b10111 #
b10111 '
b10111 (
b10110 &
0$
#14424000
b11000 #
b11000 '
b11000 (
b10111 &
0$
#14425000
b11001 #
b11001 '
b11001 (
b11000 &
0$
#14426000
b11010 #
b11010 '
b11010 (
b11001 &
0$
#14427000
b11011 #
b11011 '
b11011 (
b11010 &
0$
#14428000
b11100 #
b11100 '
b11100 (
b11011 &
0$
#14429000
b11101 #
b11101 '
b11101 (
b11100 &
0$
#14430000
b11110 #
b11110 '
b11110 (
b11101 &
0$
#14431000
b11111 #
b11111 '
b11111 (
b11110 &
0$
#14432000
b0 #
b0 '
b0 (
b11111 &
0$
#14433000
b1 #
b1 '
b1 (
b0 &
0$
#14434000
b10 #
b10 '
b10 (
b1 &
0$
#14435000
b11 #
b11 '
b11 (
b10 &
0$
#14436000
b100 #
b100 '
b100 (
b11 &
0$
#14437000
b101 #
b101 '
b101 (
b100 &
0$
#14438000
b110 #
b110 '
b110 (
b101 &
0$
#14439000
b111 #
b111 '
b111 (
b110 &
0$
#14440000
b1000 #
b1000 '
b1000 (
b111 &
0$
#14441000
b1001 #
b1001 '
b1001 (
b1000 &
0$
#14442000
b1010 #
b1010 '
b1010 (
b1001 &
0$
#14443000
b1011 #
b1011 '
b1011 (
b1010 &
0$
#14444000
b1100 #
b1100 '
b1100 (
b1011 &
0$
#14445000
b1101 #
b1101 '
b1101 (
b1100 &
0$
#14446000
b1110 #
b1110 '
b1110 (
b1101 &
0$
#14447000
b1111 #
b1111 '
b1111 (
b1110 &
0$
#14448000
b10000 #
b10000 '
b10000 (
b1111 &
0$
#14449000
b10001 #
b10001 '
b10001 (
b10000 &
0$
#14450000
b10010 #
b10010 '
b10010 (
b10001 &
0$
#14451000
b10011 #
b10011 '
b10011 (
b10010 &
0$
#14452000
b10100 #
b10100 '
b10100 (
b10011 &
0$
#14453000
b10101 #
b10101 '
b10101 (
b10100 &
0$
#14454000
b10110 #
b10110 '
b10110 (
b10101 &
0$
#14455000
b10111 #
b10111 '
b10111 (
b10110 &
0$
#14456000
b11000 #
b11000 '
b11000 (
b10111 &
0$
#14457000
b11001 #
b11001 '
b11001 (
b11000 &
0$
#14458000
b11010 #
b11010 '
b11010 (
b11001 &
0$
#14459000
b11011 #
b11011 '
b11011 (
b11010 &
0$
#14460000
b11100 #
b11100 '
b11100 (
b11011 &
0$
#14461000
b11101 #
b11101 '
b11101 (
b11100 &
0$
#14462000
b11110 #
b11110 '
b11110 (
b11101 &
0$
#14463000
b11111 #
b11111 '
b11111 (
b11110 &
0$
#14464000
b0 #
b0 '
b0 (
b11111 &
0$
#14465000
b1 #
b1 '
b1 (
b0 &
0$
#14466000
b10 #
b10 '
b10 (
b1 &
0$
#14467000
b11 #
b11 '
b11 (
b10 &
0$
#14468000
b100 #
b100 '
b100 (
b11 &
0$
#14469000
b101 #
b101 '
b101 (
b100 &
0$
#14470000
b110 #
b110 '
b110 (
b101 &
0$
#14471000
b111 #
b111 '
b111 (
b110 &
0$
#14472000
b1000 #
b1000 '
b1000 (
b111 &
0$
#14473000
b1001 #
b1001 '
b1001 (
b1000 &
0$
#14474000
b1010 #
b1010 '
b1010 (
b1001 &
0$
#14475000
b1011 #
b1011 '
b1011 (
b1010 &
0$
#14476000
b1100 #
b1100 '
b1100 (
b1011 &
0$
#14477000
b1101 #
b1101 '
b1101 (
b1100 &
0$
#14478000
b1110 #
b1110 '
b1110 (
b1101 &
0$
#14479000
b1111 #
b1111 '
b1111 (
b1110 &
0$
#14480000
b10000 #
b10000 '
b10000 (
b1111 &
0$
#14481000
b10001 #
b10001 '
b10001 (
b10000 &
0$
#14482000
b10010 #
b10010 '
b10010 (
b10001 &
0$
#14483000
b10011 #
b10011 '
b10011 (
b10010 &
0$
#14484000
b10100 #
b10100 '
b10100 (
b10011 &
0$
#14485000
b10101 #
b10101 '
b10101 (
b10100 &
0$
#14486000
b10110 #
b10110 '
b10110 (
b10101 &
0$
#14487000
b10111 #
b10111 '
b10111 (
b10110 &
0$
#14488000
b11000 #
b11000 '
b11000 (
b10111 &
0$
#14489000
b11001 #
b11001 '
b11001 (
b11000 &
0$
#14490000
b11010 #
b11010 '
b11010 (
b11001 &
0$
#14491000
b11011 #
b11011 '
b11011 (
b11010 &
0$
#14492000
b11100 #
b11100 '
b11100 (
b11011 &
0$
#14493000
b11101 #
b11101 '
b11101 (
b11100 &
0$
#14494000
b11110 #
b11110 '
b11110 (
b11101 &
0$
#14495000
b11111 #
b11111 '
b11111 (
b11110 &
0$
#14496000
b0 #
b0 '
b0 (
b11111 &
0$
#14497000
b1 #
b1 '
b1 (
b0 &
0$
#14498000
b10 #
b10 '
b10 (
b1 &
0$
#14499000
b11 #
b11 '
b11 (
b10 &
0$
#14500000
b100 #
b100 '
b100 (
b11 &
0$
#14501000
b101 #
b101 '
b101 (
b100 &
0$
#14502000
b110 #
b110 '
b110 (
b101 &
0$
#14503000
b111 #
b111 '
b111 (
b110 &
0$
#14504000
b1000 #
b1000 '
b1000 (
b111 &
0$
#14505000
b1001 #
b1001 '
b1001 (
b1000 &
0$
#14506000
b1010 #
b1010 '
b1010 (
b1001 &
0$
#14507000
b1011 #
b1011 '
b1011 (
b1010 &
0$
#14508000
b1100 #
b1100 '
b1100 (
b1011 &
0$
#14509000
b1101 #
b1101 '
b1101 (
b1100 &
0$
#14510000
b1110 #
b1110 '
b1110 (
b1101 &
0$
#14511000
b1111 #
b1111 '
b1111 (
b1110 &
0$
#14512000
b10000 #
b10000 '
b10000 (
b1111 &
0$
#14513000
b10001 #
b10001 '
b10001 (
b10000 &
0$
#14514000
b10010 #
b10010 '
b10010 (
b10001 &
0$
#14515000
b10011 #
b10011 '
b10011 (
b10010 &
0$
#14516000
b10100 #
b10100 '
b10100 (
b10011 &
0$
#14517000
b10101 #
b10101 '
b10101 (
b10100 &
0$
#14518000
b10110 #
b10110 '
b10110 (
b10101 &
0$
#14519000
b10111 #
b10111 '
b10111 (
b10110 &
0$
#14520000
b11000 #
b11000 '
b11000 (
b10111 &
0$
#14521000
b11001 #
b11001 '
b11001 (
b11000 &
0$
#14522000
b11010 #
b11010 '
b11010 (
b11001 &
0$
#14523000
b11011 #
b11011 '
b11011 (
b11010 &
0$
#14524000
b11100 #
b11100 '
b11100 (
b11011 &
0$
#14525000
b11101 #
b11101 '
b11101 (
b11100 &
0$
#14526000
b11110 #
b11110 '
b11110 (
b11101 &
0$
#14527000
b11111 #
b11111 '
b11111 (
b11110 &
0$
#14528000
b0 #
b0 '
b0 (
b11111 &
0$
#14529000
b1 #
b1 '
b1 (
b0 &
0$
#14530000
b10 #
b10 '
b10 (
b1 &
0$
#14531000
b11 #
b11 '
b11 (
b10 &
0$
#14532000
b100 #
b100 '
b100 (
b11 &
0$
#14533000
b101 #
b101 '
b101 (
b100 &
0$
#14534000
b110 #
b110 '
b110 (
b101 &
0$
#14535000
b111 #
b111 '
b111 (
b110 &
0$
#14536000
b1000 #
b1000 '
b1000 (
b111 &
0$
#14537000
b1001 #
b1001 '
b1001 (
b1000 &
0$
#14538000
b1010 #
b1010 '
b1010 (
b1001 &
0$
#14539000
b1011 #
b1011 '
b1011 (
b1010 &
0$
#14540000
b1100 #
b1100 '
b1100 (
b1011 &
0$
#14541000
b1101 #
b1101 '
b1101 (
b1100 &
0$
#14542000
b1110 #
b1110 '
b1110 (
b1101 &
0$
#14543000
b1111 #
b1111 '
b1111 (
b1110 &
0$
#14544000
b10000 #
b10000 '
b10000 (
b1111 &
0$
#14545000
b10001 #
b10001 '
b10001 (
b10000 &
0$
#14546000
b10010 #
b10010 '
b10010 (
b10001 &
0$
#14547000
b10011 #
b10011 '
b10011 (
b10010 &
0$
#14548000
b10100 #
b10100 '
b10100 (
b10011 &
0$
#14549000
b10101 #
b10101 '
b10101 (
b10100 &
0$
#14550000
b10110 #
b10110 '
b10110 (
b10101 &
0$
#14551000
b10111 #
b10111 '
b10111 (
b10110 &
0$
#14552000
b11000 #
b11000 '
b11000 (
b10111 &
0$
#14553000
b11001 #
b11001 '
b11001 (
b11000 &
0$
#14554000
b11010 #
b11010 '
b11010 (
b11001 &
0$
#14555000
b11011 #
b11011 '
b11011 (
b11010 &
0$
#14556000
b11100 #
b11100 '
b11100 (
b11011 &
0$
#14557000
b11101 #
b11101 '
b11101 (
b11100 &
0$
#14558000
b11110 #
b11110 '
b11110 (
b11101 &
0$
#14559000
b11111 #
b11111 '
b11111 (
b11110 &
0$
#14560000
b0 #
b0 '
b0 (
b11111 &
0$
#14561000
b1 #
b1 '
b1 (
b0 &
0$
#14562000
b10 #
b10 '
b10 (
b1 &
0$
#14563000
b11 #
b11 '
b11 (
b10 &
0$
#14564000
b100 #
b100 '
b100 (
b11 &
0$
#14565000
b101 #
b101 '
b101 (
b100 &
0$
#14566000
b110 #
b110 '
b110 (
b101 &
0$
#14567000
b111 #
b111 '
b111 (
b110 &
0$
#14568000
b1000 #
b1000 '
b1000 (
b111 &
0$
#14569000
b1001 #
b1001 '
b1001 (
b1000 &
0$
#14570000
b1010 #
b1010 '
b1010 (
b1001 &
0$
#14571000
b1011 #
b1011 '
b1011 (
b1010 &
0$
#14572000
b1100 #
b1100 '
b1100 (
b1011 &
0$
#14573000
b1101 #
b1101 '
b1101 (
b1100 &
0$
#14574000
b1110 #
b1110 '
b1110 (
b1101 &
0$
#14575000
b1111 #
b1111 '
b1111 (
b1110 &
0$
#14576000
b10000 #
b10000 '
b10000 (
b1111 &
0$
#14577000
b10001 #
b10001 '
b10001 (
b10000 &
0$
#14578000
b10010 #
b10010 '
b10010 (
b10001 &
0$
#14579000
b10011 #
b10011 '
b10011 (
b10010 &
0$
#14580000
b10100 #
b10100 '
b10100 (
b10011 &
0$
#14581000
b10101 #
b10101 '
b10101 (
b10100 &
0$
#14582000
b10110 #
b10110 '
b10110 (
b10101 &
0$
#14583000
b10111 #
b10111 '
b10111 (
b10110 &
0$
#14584000
b11000 #
b11000 '
b11000 (
b10111 &
0$
#14585000
b11001 #
b11001 '
b11001 (
b11000 &
0$
#14586000
b11010 #
b11010 '
b11010 (
b11001 &
0$
#14587000
b11011 #
b11011 '
b11011 (
b11010 &
0$
#14588000
b11100 #
b11100 '
b11100 (
b11011 &
0$
#14589000
b11101 #
b11101 '
b11101 (
b11100 &
0$
#14590000
b11110 #
b11110 '
b11110 (
b11101 &
0$
#14591000
b11111 #
b11111 '
b11111 (
b11110 &
0$
#14592000
b0 #
b0 '
b0 (
b11111 &
0$
#14593000
b1 #
b1 '
b1 (
b0 &
0$
#14594000
b10 #
b10 '
b10 (
b1 &
0$
#14595000
b11 #
b11 '
b11 (
b10 &
0$
#14596000
b100 #
b100 '
b100 (
b11 &
0$
#14597000
b101 #
b101 '
b101 (
b100 &
0$
#14598000
b110 #
b110 '
b110 (
b101 &
0$
#14599000
b111 #
b111 '
b111 (
b110 &
0$
#14600000
b1000 #
b1000 '
b1000 (
b111 &
0$
#14601000
b1001 #
b1001 '
b1001 (
b1000 &
0$
#14602000
b1010 #
b1010 '
b1010 (
b1001 &
0$
#14603000
b1011 #
b1011 '
b1011 (
b1010 &
0$
#14604000
b1100 #
b1100 '
b1100 (
b1011 &
0$
#14605000
b1101 #
b1101 '
b1101 (
b1100 &
0$
#14606000
b1110 #
b1110 '
b1110 (
b1101 &
0$
#14607000
b1111 #
b1111 '
b1111 (
b1110 &
0$
#14608000
b10000 #
b10000 '
b10000 (
b1111 &
0$
#14609000
b10001 #
b10001 '
b10001 (
b10000 &
0$
#14610000
b10010 #
b10010 '
b10010 (
b10001 &
0$
#14611000
b10011 #
b10011 '
b10011 (
b10010 &
0$
#14612000
b10100 #
b10100 '
b10100 (
b10011 &
0$
#14613000
b10101 #
b10101 '
b10101 (
b10100 &
0$
#14614000
b10110 #
b10110 '
b10110 (
b10101 &
0$
#14615000
b10111 #
b10111 '
b10111 (
b10110 &
0$
#14616000
b11000 #
b11000 '
b11000 (
b10111 &
0$
#14617000
b11001 #
b11001 '
b11001 (
b11000 &
0$
#14618000
b11010 #
b11010 '
b11010 (
b11001 &
0$
#14619000
b11011 #
b11011 '
b11011 (
b11010 &
0$
#14620000
b11100 #
b11100 '
b11100 (
b11011 &
0$
#14621000
b11101 #
b11101 '
b11101 (
b11100 &
0$
#14622000
b11110 #
b11110 '
b11110 (
b11101 &
0$
#14623000
b11111 #
b11111 '
b11111 (
b11110 &
0$
#14624000
b0 #
b0 '
b0 (
b11111 &
0$
#14625000
b1 #
b1 '
b1 (
b0 &
0$
#14626000
b10 #
b10 '
b10 (
b1 &
0$
#14627000
b11 #
b11 '
b11 (
b10 &
0$
#14628000
b100 #
b100 '
b100 (
b11 &
0$
#14629000
b101 #
b101 '
b101 (
b100 &
0$
#14630000
b110 #
b110 '
b110 (
b101 &
0$
#14631000
b111 #
b111 '
b111 (
b110 &
0$
#14632000
b1000 #
b1000 '
b1000 (
b111 &
0$
#14633000
b1001 #
b1001 '
b1001 (
b1000 &
0$
#14634000
b1010 #
b1010 '
b1010 (
b1001 &
0$
#14635000
b1011 #
b1011 '
b1011 (
b1010 &
0$
#14636000
b1100 #
b1100 '
b1100 (
b1011 &
0$
#14637000
b1101 #
b1101 '
b1101 (
b1100 &
0$
#14638000
b1110 #
b1110 '
b1110 (
b1101 &
0$
#14639000
b1111 #
b1111 '
b1111 (
b1110 &
0$
#14640000
b10000 #
b10000 '
b10000 (
b1111 &
0$
#14641000
b10001 #
b10001 '
b10001 (
b10000 &
0$
#14642000
b10010 #
b10010 '
b10010 (
b10001 &
0$
#14643000
b10011 #
b10011 '
b10011 (
b10010 &
0$
#14644000
b10100 #
b10100 '
b10100 (
b10011 &
0$
#14645000
b10101 #
b10101 '
b10101 (
b10100 &
0$
#14646000
b10110 #
b10110 '
b10110 (
b10101 &
0$
#14647000
b10111 #
b10111 '
b10111 (
b10110 &
0$
#14648000
b11000 #
b11000 '
b11000 (
b10111 &
0$
#14649000
b11001 #
b11001 '
b11001 (
b11000 &
0$
#14650000
b11010 #
b11010 '
b11010 (
b11001 &
0$
#14651000
b11011 #
b11011 '
b11011 (
b11010 &
0$
#14652000
b11100 #
b11100 '
b11100 (
b11011 &
0$
#14653000
b11101 #
b11101 '
b11101 (
b11100 &
0$
#14654000
b11110 #
b11110 '
b11110 (
b11101 &
0$
#14655000
b11111 #
b11111 '
b11111 (
b11110 &
0$
#14656000
b0 #
b0 '
b0 (
b11111 &
0$
#14657000
b1 #
b1 '
b1 (
b0 &
0$
#14658000
b10 #
b10 '
b10 (
b1 &
0$
#14659000
b11 #
b11 '
b11 (
b10 &
0$
#14660000
b100 #
b100 '
b100 (
b11 &
0$
#14661000
b101 #
b101 '
b101 (
b100 &
0$
#14662000
b110 #
b110 '
b110 (
b101 &
0$
#14663000
b111 #
b111 '
b111 (
b110 &
0$
#14664000
b1000 #
b1000 '
b1000 (
b111 &
0$
#14665000
b1001 #
b1001 '
b1001 (
b1000 &
0$
#14666000
b1010 #
b1010 '
b1010 (
b1001 &
0$
#14667000
b1011 #
b1011 '
b1011 (
b1010 &
0$
#14668000
b1100 #
b1100 '
b1100 (
b1011 &
0$
#14669000
b1101 #
b1101 '
b1101 (
b1100 &
0$
#14670000
b1110 #
b1110 '
b1110 (
b1101 &
0$
#14671000
b1111 #
b1111 '
b1111 (
b1110 &
0$
#14672000
b10000 #
b10000 '
b10000 (
b1111 &
0$
#14673000
b10001 #
b10001 '
b10001 (
b10000 &
0$
#14674000
b10010 #
b10010 '
b10010 (
b10001 &
0$
#14675000
b10011 #
b10011 '
b10011 (
b10010 &
0$
#14676000
b10100 #
b10100 '
b10100 (
b10011 &
0$
#14677000
b10101 #
b10101 '
b10101 (
b10100 &
0$
#14678000
b10110 #
b10110 '
b10110 (
b10101 &
0$
#14679000
b10111 #
b10111 '
b10111 (
b10110 &
0$
#14680000
b11000 #
b11000 '
b11000 (
b10111 &
0$
#14681000
b11001 #
b11001 '
b11001 (
b11000 &
0$
#14682000
b11010 #
b11010 '
b11010 (
b11001 &
0$
#14683000
b11011 #
b11011 '
b11011 (
b11010 &
0$
#14684000
b11100 #
b11100 '
b11100 (
b11011 &
0$
#14685000
b11101 #
b11101 '
b11101 (
b11100 &
0$
#14686000
b11110 #
b11110 '
b11110 (
b11101 &
0$
#14687000
b11111 #
b11111 '
b11111 (
b11110 &
0$
#14688000
b0 #
b0 '
b0 (
b11111 &
0$
#14689000
b1 #
b1 '
b1 (
b0 &
0$
#14690000
b10 #
b10 '
b10 (
b1 &
0$
#14691000
b11 #
b11 '
b11 (
b10 &
0$
#14692000
b100 #
b100 '
b100 (
b11 &
0$
#14693000
b101 #
b101 '
b101 (
b100 &
0$
#14694000
b110 #
b110 '
b110 (
b101 &
0$
#14695000
b111 #
b111 '
b111 (
b110 &
0$
#14696000
b1000 #
b1000 '
b1000 (
b111 &
0$
#14697000
b1001 #
b1001 '
b1001 (
b1000 &
0$
#14698000
b1010 #
b1010 '
b1010 (
b1001 &
0$
#14699000
b1011 #
b1011 '
b1011 (
b1010 &
0$
#14700000
b1100 #
b1100 '
b1100 (
b1011 &
0$
#14701000
b1101 #
b1101 '
b1101 (
b1100 &
0$
#14702000
b1110 #
b1110 '
b1110 (
b1101 &
0$
#14703000
b1111 #
b1111 '
b1111 (
b1110 &
0$
#14704000
b10000 #
b10000 '
b10000 (
b1111 &
0$
#14705000
b10001 #
b10001 '
b10001 (
b10000 &
0$
#14706000
b10010 #
b10010 '
b10010 (
b10001 &
0$
#14707000
b10011 #
b10011 '
b10011 (
b10010 &
0$
#14708000
b10100 #
b10100 '
b10100 (
b10011 &
0$
#14709000
b10101 #
b10101 '
b10101 (
b10100 &
0$
#14710000
b10110 #
b10110 '
b10110 (
b10101 &
0$
#14711000
b10111 #
b10111 '
b10111 (
b10110 &
0$
#14712000
b11000 #
b11000 '
b11000 (
b10111 &
0$
#14713000
b11001 #
b11001 '
b11001 (
b11000 &
0$
#14714000
b11010 #
b11010 '
b11010 (
b11001 &
0$
#14715000
b11011 #
b11011 '
b11011 (
b11010 &
0$
#14716000
b11100 #
b11100 '
b11100 (
b11011 &
0$
#14717000
b11101 #
b11101 '
b11101 (
b11100 &
0$
#14718000
b11110 #
b11110 '
b11110 (
b11101 &
0$
#14719000
b11111 #
b11111 '
b11111 (
b11110 &
0$
#14720000
b0 #
b0 '
b0 (
b11111 &
0$
#14721000
b1 #
b1 '
b1 (
b0 &
0$
#14722000
b10 #
b10 '
b10 (
b1 &
0$
#14723000
b11 #
b11 '
b11 (
b10 &
0$
#14724000
b100 #
b100 '
b100 (
b11 &
0$
#14725000
b101 #
b101 '
b101 (
b100 &
0$
#14726000
b110 #
b110 '
b110 (
b101 &
0$
#14727000
b111 #
b111 '
b111 (
b110 &
0$
#14728000
b1000 #
b1000 '
b1000 (
b111 &
0$
#14729000
b1001 #
b1001 '
b1001 (
b1000 &
0$
#14730000
b1010 #
b1010 '
b1010 (
b1001 &
0$
#14731000
b1011 #
b1011 '
b1011 (
b1010 &
0$
#14732000
b1100 #
b1100 '
b1100 (
b1011 &
0$
#14733000
b1101 #
b1101 '
b1101 (
b1100 &
0$
#14734000
b1110 #
b1110 '
b1110 (
b1101 &
0$
#14735000
b1111 #
b1111 '
b1111 (
b1110 &
0$
#14736000
b10000 #
b10000 '
b10000 (
b1111 &
0$
#14737000
b10001 #
b10001 '
b10001 (
b10000 &
0$
#14738000
b10010 #
b10010 '
b10010 (
b10001 &
0$
#14739000
b10011 #
b10011 '
b10011 (
b10010 &
0$
#14740000
b10100 #
b10100 '
b10100 (
b10011 &
0$
#14741000
b10101 #
b10101 '
b10101 (
b10100 &
0$
#14742000
b10110 #
b10110 '
b10110 (
b10101 &
0$
#14743000
b10111 #
b10111 '
b10111 (
b10110 &
0$
#14744000
b11000 #
b11000 '
b11000 (
b10111 &
0$
#14745000
b11001 #
b11001 '
b11001 (
b11000 &
0$
#14746000
b11010 #
b11010 '
b11010 (
b11001 &
0$
#14747000
b11011 #
b11011 '
b11011 (
b11010 &
0$
#14748000
b11100 #
b11100 '
b11100 (
b11011 &
0$
#14749000
b11101 #
b11101 '
b11101 (
b11100 &
0$
#14750000
b11110 #
b11110 '
b11110 (
b11101 &
0$
#14751000
b11111 #
b11111 '
b11111 (
b11110 &
0$
#14752000
b0 #
b0 '
b0 (
b11111 &
0$
#14753000
b1 #
b1 '
b1 (
b0 &
0$
#14754000
b10 #
b10 '
b10 (
b1 &
0$
#14755000
b11 #
b11 '
b11 (
b10 &
0$
#14756000
b100 #
b100 '
b100 (
b11 &
0$
#14757000
b101 #
b101 '
b101 (
b100 &
0$
#14758000
b110 #
b110 '
b110 (
b101 &
0$
#14759000
b111 #
b111 '
b111 (
b110 &
0$
#14760000
b1000 #
b1000 '
b1000 (
b111 &
0$
#14761000
b1001 #
b1001 '
b1001 (
b1000 &
0$
#14762000
b1010 #
b1010 '
b1010 (
b1001 &
0$
#14763000
b1011 #
b1011 '
b1011 (
b1010 &
0$
#14764000
b1100 #
b1100 '
b1100 (
b1011 &
0$
#14765000
b1101 #
b1101 '
b1101 (
b1100 &
0$
#14766000
b1110 #
b1110 '
b1110 (
b1101 &
0$
#14767000
b1111 #
b1111 '
b1111 (
b1110 &
0$
#14768000
b10000 #
b10000 '
b10000 (
b1111 &
0$
#14769000
b10001 #
b10001 '
b10001 (
b10000 &
0$
#14770000
b10010 #
b10010 '
b10010 (
b10001 &
0$
#14771000
b10011 #
b10011 '
b10011 (
b10010 &
0$
#14772000
b10100 #
b10100 '
b10100 (
b10011 &
0$
#14773000
b10101 #
b10101 '
b10101 (
b10100 &
0$
#14774000
b10110 #
b10110 '
b10110 (
b10101 &
0$
#14775000
b10111 #
b10111 '
b10111 (
b10110 &
0$
#14776000
b11000 #
b11000 '
b11000 (
b10111 &
0$
#14777000
b11001 #
b11001 '
b11001 (
b11000 &
0$
#14778000
b11010 #
b11010 '
b11010 (
b11001 &
0$
#14779000
b11011 #
b11011 '
b11011 (
b11010 &
0$
#14780000
b11100 #
b11100 '
b11100 (
b11011 &
0$
#14781000
b11101 #
b11101 '
b11101 (
b11100 &
0$
#14782000
b11110 #
b11110 '
b11110 (
b11101 &
0$
#14783000
b11111 #
b11111 '
b11111 (
b11110 &
0$
#14784000
b0 #
b0 '
b0 (
b11111 &
0$
#14785000
b1 #
b1 '
b1 (
b0 &
0$
#14786000
b10 #
b10 '
b10 (
b1 &
0$
#14787000
b11 #
b11 '
b11 (
b10 &
0$
#14788000
b100 #
b100 '
b100 (
b11 &
0$
#14789000
b101 #
b101 '
b101 (
b100 &
0$
#14790000
b110 #
b110 '
b110 (
b101 &
0$
#14791000
b111 #
b111 '
b111 (
b110 &
0$
#14792000
b1000 #
b1000 '
b1000 (
b111 &
0$
#14793000
b1001 #
b1001 '
b1001 (
b1000 &
0$
#14794000
b1010 #
b1010 '
b1010 (
b1001 &
0$
#14795000
b1011 #
b1011 '
b1011 (
b1010 &
0$
#14796000
b1100 #
b1100 '
b1100 (
b1011 &
0$
#14797000
b1101 #
b1101 '
b1101 (
b1100 &
0$
#14798000
b1110 #
b1110 '
b1110 (
b1101 &
0$
#14799000
b1111 #
b1111 '
b1111 (
b1110 &
0$
#14800000
b10000 #
b10000 '
b10000 (
b1111 &
0$
#14801000
b10001 #
b10001 '
b10001 (
b10000 &
0$
#14802000
b10010 #
b10010 '
b10010 (
b10001 &
0$
#14803000
b10011 #
b10011 '
b10011 (
b10010 &
0$
#14804000
b10100 #
b10100 '
b10100 (
b10011 &
0$
#14805000
b10101 #
b10101 '
b10101 (
b10100 &
0$
#14806000
b10110 #
b10110 '
b10110 (
b10101 &
0$
#14807000
b10111 #
b10111 '
b10111 (
b10110 &
0$
#14808000
b11000 #
b11000 '
b11000 (
b10111 &
0$
#14809000
b11001 #
b11001 '
b11001 (
b11000 &
0$
#14810000
b11010 #
b11010 '
b11010 (
b11001 &
0$
#14811000
b11011 #
b11011 '
b11011 (
b11010 &
0$
#14812000
b11100 #
b11100 '
b11100 (
b11011 &
0$
#14813000
b11101 #
b11101 '
b11101 (
b11100 &
0$
#14814000
b11110 #
b11110 '
b11110 (
b11101 &
0$
#14815000
b11111 #
b11111 '
b11111 (
b11110 &
0$
#14816000
b0 #
b0 '
b0 (
b11111 &
0$
#14817000
b1 #
b1 '
b1 (
b0 &
0$
#14818000
b10 #
b10 '
b10 (
b1 &
0$
#14819000
b11 #
b11 '
b11 (
b10 &
0$
#14820000
b100 #
b100 '
b100 (
b11 &
0$
#14821000
b101 #
b101 '
b101 (
b100 &
0$
#14822000
b110 #
b110 '
b110 (
b101 &
0$
#14823000
b111 #
b111 '
b111 (
b110 &
0$
#14824000
b1000 #
b1000 '
b1000 (
b111 &
0$
#14825000
b1001 #
b1001 '
b1001 (
b1000 &
0$
#14826000
b1010 #
b1010 '
b1010 (
b1001 &
0$
#14827000
b1011 #
b1011 '
b1011 (
b1010 &
0$
#14828000
b1100 #
b1100 '
b1100 (
b1011 &
0$
#14829000
b1101 #
b1101 '
b1101 (
b1100 &
0$
#14830000
b1110 #
b1110 '
b1110 (
b1101 &
0$
#14831000
b1111 #
b1111 '
b1111 (
b1110 &
0$
#14832000
b10000 #
b10000 '
b10000 (
b1111 &
0$
#14833000
b10001 #
b10001 '
b10001 (
b10000 &
0$
#14834000
b10010 #
b10010 '
b10010 (
b10001 &
0$
#14835000
b10011 #
b10011 '
b10011 (
b10010 &
0$
#14836000
b10100 #
b10100 '
b10100 (
b10011 &
0$
#14837000
b10101 #
b10101 '
b10101 (
b10100 &
0$
#14838000
b10110 #
b10110 '
b10110 (
b10101 &
0$
#14839000
b10111 #
b10111 '
b10111 (
b10110 &
0$
#14840000
b11000 #
b11000 '
b11000 (
b10111 &
0$
#14841000
b11001 #
b11001 '
b11001 (
b11000 &
0$
#14842000
b11010 #
b11010 '
b11010 (
b11001 &
0$
#14843000
b11011 #
b11011 '
b11011 (
b11010 &
0$
#14844000
b11100 #
b11100 '
b11100 (
b11011 &
0$
#14845000
b11101 #
b11101 '
b11101 (
b11100 &
0$
#14846000
b11110 #
b11110 '
b11110 (
b11101 &
0$
#14847000
b11111 #
b11111 '
b11111 (
b11110 &
0$
#14848000
b0 #
b0 '
b0 (
b11111 &
0$
#14849000
b1 #
b1 '
b1 (
b0 &
0$
#14850000
b10 #
b10 '
b10 (
b1 &
0$
#14851000
b11 #
b11 '
b11 (
b10 &
0$
#14852000
b100 #
b100 '
b100 (
b11 &
0$
#14853000
b101 #
b101 '
b101 (
b100 &
0$
#14854000
b110 #
b110 '
b110 (
b101 &
0$
#14855000
b111 #
b111 '
b111 (
b110 &
0$
#14856000
b1000 #
b1000 '
b1000 (
b111 &
0$
#14857000
b1001 #
b1001 '
b1001 (
b1000 &
0$
#14858000
b1010 #
b1010 '
b1010 (
b1001 &
0$
#14859000
b1011 #
b1011 '
b1011 (
b1010 &
0$
#14860000
b1100 #
b1100 '
b1100 (
b1011 &
0$
#14861000
b1101 #
b1101 '
b1101 (
b1100 &
0$
#14862000
b1110 #
b1110 '
b1110 (
b1101 &
0$
#14863000
b1111 #
b1111 '
b1111 (
b1110 &
0$
#14864000
b10000 #
b10000 '
b10000 (
b1111 &
0$
#14865000
b10001 #
b10001 '
b10001 (
b10000 &
0$
#14866000
b10010 #
b10010 '
b10010 (
b10001 &
0$
#14867000
b10011 #
b10011 '
b10011 (
b10010 &
0$
#14868000
b10100 #
b10100 '
b10100 (
b10011 &
0$
#14869000
b10101 #
b10101 '
b10101 (
b10100 &
0$
#14870000
b10110 #
b10110 '
b10110 (
b10101 &
0$
#14871000
b10111 #
b10111 '
b10111 (
b10110 &
0$
#14872000
b11000 #
b11000 '
b11000 (
b10111 &
0$
#14873000
b11001 #
b11001 '
b11001 (
b11000 &
0$
#14874000
b11010 #
b11010 '
b11010 (
b11001 &
0$
#14875000
b11011 #
b11011 '
b11011 (
b11010 &
0$
#14876000
b11100 #
b11100 '
b11100 (
b11011 &
0$
#14877000
b11101 #
b11101 '
b11101 (
b11100 &
0$
#14878000
b11110 #
b11110 '
b11110 (
b11101 &
0$
#14879000
b11111 #
b11111 '
b11111 (
b11110 &
0$
#14880000
b0 #
b0 '
b0 (
b11111 &
0$
#14881000
b1 #
b1 '
b1 (
b0 &
0$
#14882000
b10 #
b10 '
b10 (
b1 &
0$
#14883000
b11 #
b11 '
b11 (
b10 &
0$
#14884000
b100 #
b100 '
b100 (
b11 &
0$
#14885000
b101 #
b101 '
b101 (
b100 &
0$
#14886000
b110 #
b110 '
b110 (
b101 &
0$
#14887000
b111 #
b111 '
b111 (
b110 &
0$
#14888000
b1000 #
b1000 '
b1000 (
b111 &
0$
#14889000
b1001 #
b1001 '
b1001 (
b1000 &
0$
#14890000
b1010 #
b1010 '
b1010 (
b1001 &
0$
#14891000
b1011 #
b1011 '
b1011 (
b1010 &
0$
#14892000
b1100 #
b1100 '
b1100 (
b1011 &
0$
#14893000
b1101 #
b1101 '
b1101 (
b1100 &
0$
#14894000
b1110 #
b1110 '
b1110 (
b1101 &
0$
#14895000
b1111 #
b1111 '
b1111 (
b1110 &
0$
#14896000
b10000 #
b10000 '
b10000 (
b1111 &
0$
#14897000
b10001 #
b10001 '
b10001 (
b10000 &
0$
#14898000
b10010 #
b10010 '
b10010 (
b10001 &
0$
#14899000
b10011 #
b10011 '
b10011 (
b10010 &
0$
#14900000
b10100 #
b10100 '
b10100 (
b10011 &
0$
#14901000
b10101 #
b10101 '
b10101 (
b10100 &
0$
#14902000
b10110 #
b10110 '
b10110 (
b10101 &
0$
#14903000
b10111 #
b10111 '
b10111 (
b10110 &
0$
#14904000
b11000 #
b11000 '
b11000 (
b10111 &
0$
#14905000
b11001 #
b11001 '
b11001 (
b11000 &
0$
#14906000
b11010 #
b11010 '
b11010 (
b11001 &
0$
#14907000
b11011 #
b11011 '
b11011 (
b11010 &
0$
#14908000
b11100 #
b11100 '
b11100 (
b11011 &
0$
#14909000
b11101 #
b11101 '
b11101 (
b11100 &
0$
#14910000
b11110 #
b11110 '
b11110 (
b11101 &
0$
#14911000
b11111 #
b11111 '
b11111 (
b11110 &
0$
#14912000
b0 #
b0 '
b0 (
b11111 &
0$
#14913000
b1 #
b1 '
b1 (
b0 &
0$
#14914000
b10 #
b10 '
b10 (
b1 &
0$
#14915000
b11 #
b11 '
b11 (
b10 &
0$
#14916000
b100 #
b100 '
b100 (
b11 &
0$
#14917000
b101 #
b101 '
b101 (
b100 &
0$
#14918000
b110 #
b110 '
b110 (
b101 &
0$
#14919000
b111 #
b111 '
b111 (
b110 &
0$
#14920000
b1000 #
b1000 '
b1000 (
b111 &
0$
#14921000
b1001 #
b1001 '
b1001 (
b1000 &
0$
#14922000
b1010 #
b1010 '
b1010 (
b1001 &
0$
#14923000
b1011 #
b1011 '
b1011 (
b1010 &
0$
#14924000
b1100 #
b1100 '
b1100 (
b1011 &
0$
#14925000
b1101 #
b1101 '
b1101 (
b1100 &
0$
#14926000
b1110 #
b1110 '
b1110 (
b1101 &
0$
#14927000
b1111 #
b1111 '
b1111 (
b1110 &
0$
#14928000
b10000 #
b10000 '
b10000 (
b1111 &
0$
#14929000
b10001 #
b10001 '
b10001 (
b10000 &
0$
#14930000
b10010 #
b10010 '
b10010 (
b10001 &
0$
#14931000
b10011 #
b10011 '
b10011 (
b10010 &
0$
#14932000
b10100 #
b10100 '
b10100 (
b10011 &
0$
#14933000
b10101 #
b10101 '
b10101 (
b10100 &
0$
#14934000
b10110 #
b10110 '
b10110 (
b10101 &
0$
#14935000
b10111 #
b10111 '
b10111 (
b10110 &
0$
#14936000
b11000 #
b11000 '
b11000 (
b10111 &
0$
#14937000
b11001 #
b11001 '
b11001 (
b11000 &
0$
#14938000
b11010 #
b11010 '
b11010 (
b11001 &
0$
#14939000
b11011 #
b11011 '
b11011 (
b11010 &
0$
#14940000
b11100 #
b11100 '
b11100 (
b11011 &
0$
#14941000
b11101 #
b11101 '
b11101 (
b11100 &
0$
#14942000
b11110 #
b11110 '
b11110 (
b11101 &
0$
#14943000
b11111 #
b11111 '
b11111 (
b11110 &
0$
#14944000
b0 #
b0 '
b0 (
b11111 &
0$
#14945000
b1 #
b1 '
b1 (
b0 &
0$
#14946000
b10 #
b10 '
b10 (
b1 &
0$
#14947000
b11 #
b11 '
b11 (
b10 &
0$
#14948000
b100 #
b100 '
b100 (
b11 &
0$
#14949000
b101 #
b101 '
b101 (
b100 &
0$
#14950000
b110 #
b110 '
b110 (
b101 &
0$
#14951000
b111 #
b111 '
b111 (
b110 &
0$
#14952000
b1000 #
b1000 '
b1000 (
b111 &
0$
#14953000
b1001 #
b1001 '
b1001 (
b1000 &
0$
#14954000
b1010 #
b1010 '
b1010 (
b1001 &
0$
#14955000
b1011 #
b1011 '
b1011 (
b1010 &
0$
#14956000
b1100 #
b1100 '
b1100 (
b1011 &
0$
#14957000
b1101 #
b1101 '
b1101 (
b1100 &
0$
#14958000
b1110 #
b1110 '
b1110 (
b1101 &
0$
#14959000
b1111 #
b1111 '
b1111 (
b1110 &
0$
#14960000
b10000 #
b10000 '
b10000 (
b1111 &
0$
#14961000
b10001 #
b10001 '
b10001 (
b10000 &
0$
#14962000
b10010 #
b10010 '
b10010 (
b10001 &
0$
#14963000
b10011 #
b10011 '
b10011 (
b10010 &
0$
#14964000
b10100 #
b10100 '
b10100 (
b10011 &
0$
#14965000
b10101 #
b10101 '
b10101 (
b10100 &
0$
#14966000
b10110 #
b10110 '
b10110 (
b10101 &
0$
#14967000
b10111 #
b10111 '
b10111 (
b10110 &
0$
#14968000
b11000 #
b11000 '
b11000 (
b10111 &
0$
#14969000
b11001 #
b11001 '
b11001 (
b11000 &
0$
#14970000
b11010 #
b11010 '
b11010 (
b11001 &
0$
#14971000
b11011 #
b11011 '
b11011 (
b11010 &
0$
#14972000
b11100 #
b11100 '
b11100 (
b11011 &
0$
#14973000
b11101 #
b11101 '
b11101 (
b11100 &
0$
#14974000
b11110 #
b11110 '
b11110 (
b11101 &
0$
#14975000
b11111 #
b11111 '
b11111 (
b11110 &
0$
#14976000
b0 #
b0 '
b0 (
b11111 &
0$
#14977000
b1 #
b1 '
b1 (
b0 &
0$
#14978000
b10 #
b10 '
b10 (
b1 &
0$
#14979000
b11 #
b11 '
b11 (
b10 &
0$
#14980000
b100 #
b100 '
b100 (
b11 &
0$
#14981000
b101 #
b101 '
b101 (
b100 &
0$
#14982000
b110 #
b110 '
b110 (
b101 &
0$
#14983000
b111 #
b111 '
b111 (
b110 &
0$
#14984000
b1000 #
b1000 '
b1000 (
b111 &
0$
#14985000
b1001 #
b1001 '
b1001 (
b1000 &
0$
#14986000
b1010 #
b1010 '
b1010 (
b1001 &
0$
#14987000
b1011 #
b1011 '
b1011 (
b1010 &
0$
#14988000
b1100 #
b1100 '
b1100 (
b1011 &
0$
#14989000
b1101 #
b1101 '
b1101 (
b1100 &
0$
#14990000
b1110 #
b1110 '
b1110 (
b1101 &
0$
#14991000
b1111 #
b1111 '
b1111 (
b1110 &
0$
#14992000
b10000 #
b10000 '
b10000 (
b1111 &
0$
#14993000
b10001 #
b10001 '
b10001 (
b10000 &
0$
#14994000
b10010 #
b10010 '
b10010 (
b10001 &
0$
#14995000
b10011 #
b10011 '
b10011 (
b10010 &
0$
#14996000
b10100 #
b10100 '
b10100 (
b10011 &
0$
#14997000
b10101 #
b10101 '
b10101 (
b10100 &
0$
#14998000
b10110 #
b10110 '
b10110 (
b10101 &
0$
#14999000
b10111 #
b10111 '
b10111 (
b10110 &
0$
#15000000
b11000 #
b11000 '
b11000 (
b10111 &
0$
#15001000
b11001 #
b11001 '
b11001 (
b11000 &
0$
#15002000
b11010 #
b11010 '
b11010 (
b11001 &
0$
#15003000
b11011 #
b11011 '
b11011 (
b11010 &
0$
#15004000
b11100 #
b11100 '
b11100 (
b11011 &
0$
#15005000
b11101 #
b11101 '
b11101 (
b11100 &
0$
#15006000
b11110 #
b11110 '
b11110 (
b11101 &
0$
#15007000
b11111 #
b11111 '
b11111 (
b11110 &
0$
#15008000
b0 #
b0 '
b0 (
b11111 &
0$
#15009000
b1 #
b1 '
b1 (
b0 &
0$
#15010000
b10 #
b10 '
b10 (
b1 &
0$
#15011000
b11 #
b11 '
b11 (
b10 &
0$
#15012000
b100 #
b100 '
b100 (
b11 &
0$
#15013000
b101 #
b101 '
b101 (
b100 &
0$
#15014000
b110 #
b110 '
b110 (
b101 &
0$
#15015000
b111 #
b111 '
b111 (
b110 &
0$
#15016000
b1000 #
b1000 '
b1000 (
b111 &
0$
#15017000
b1001 #
b1001 '
b1001 (
b1000 &
0$
#15018000
b1010 #
b1010 '
b1010 (
b1001 &
0$
#15019000
b1011 #
b1011 '
b1011 (
b1010 &
0$
#15020000
b1100 #
b1100 '
b1100 (
b1011 &
0$
#15021000
b1101 #
b1101 '
b1101 (
b1100 &
0$
#15022000
b1110 #
b1110 '
b1110 (
b1101 &
0$
#15023000
b1111 #
b1111 '
b1111 (
b1110 &
0$
#15024000
b10000 #
b10000 '
b10000 (
b1111 &
0$
#15025000
b10001 #
b10001 '
b10001 (
b10000 &
0$
#15026000
b10010 #
b10010 '
b10010 (
b10001 &
0$
#15027000
b10011 #
b10011 '
b10011 (
b10010 &
0$
#15028000
b10100 #
b10100 '
b10100 (
b10011 &
0$
#15029000
b10101 #
b10101 '
b10101 (
b10100 &
0$
#15030000
b10110 #
b10110 '
b10110 (
b10101 &
0$
#15031000
b10111 #
b10111 '
b10111 (
b10110 &
0$
#15032000
b11000 #
b11000 '
b11000 (
b10111 &
0$
#15033000
b11001 #
b11001 '
b11001 (
b11000 &
0$
#15034000
b11010 #
b11010 '
b11010 (
b11001 &
0$
#15035000
b11011 #
b11011 '
b11011 (
b11010 &
0$
#15036000
b11100 #
b11100 '
b11100 (
b11011 &
0$
#15037000
b11101 #
b11101 '
b11101 (
b11100 &
0$
#15038000
b11110 #
b11110 '
b11110 (
b11101 &
0$
#15039000
b11111 #
b11111 '
b11111 (
b11110 &
0$
#15040000
b0 #
b0 '
b0 (
b11111 &
0$
#15041000
b1 #
b1 '
b1 (
b0 &
0$
#15042000
b10 #
b10 '
b10 (
b1 &
0$
#15043000
b11 #
b11 '
b11 (
b10 &
0$
#15044000
b100 #
b100 '
b100 (
b11 &
0$
#15045000
b101 #
b101 '
b101 (
b100 &
0$
#15046000
b110 #
b110 '
b110 (
b101 &
0$
#15047000
b111 #
b111 '
b111 (
b110 &
0$
#15048000
b1000 #
b1000 '
b1000 (
b111 &
0$
#15049000
b1001 #
b1001 '
b1001 (
b1000 &
0$
#15050000
b1010 #
b1010 '
b1010 (
b1001 &
0$
#15051000
b1011 #
b1011 '
b1011 (
b1010 &
0$
#15052000
b1100 #
b1100 '
b1100 (
b1011 &
0$
#15053000
b1101 #
b1101 '
b1101 (
b1100 &
0$
#15054000
b1110 #
b1110 '
b1110 (
b1101 &
0$
#15055000
b1111 #
b1111 '
b1111 (
b1110 &
0$
#15056000
b10000 #
b10000 '
b10000 (
b1111 &
0$
#15057000
b10001 #
b10001 '
b10001 (
b10000 &
0$
#15058000
b10010 #
b10010 '
b10010 (
b10001 &
0$
#15059000
b10011 #
b10011 '
b10011 (
b10010 &
0$
#15060000
b10100 #
b10100 '
b10100 (
b10011 &
0$
#15061000
b10101 #
b10101 '
b10101 (
b10100 &
0$
#15062000
b10110 #
b10110 '
b10110 (
b10101 &
0$
#15063000
b10111 #
b10111 '
b10111 (
b10110 &
0$
#15064000
b11000 #
b11000 '
b11000 (
b10111 &
0$
#15065000
b11001 #
b11001 '
b11001 (
b11000 &
0$
#15066000
b11010 #
b11010 '
b11010 (
b11001 &
0$
#15067000
b11011 #
b11011 '
b11011 (
b11010 &
0$
#15068000
b11100 #
b11100 '
b11100 (
b11011 &
0$
#15069000
b11101 #
b11101 '
b11101 (
b11100 &
0$
#15070000
b11110 #
b11110 '
b11110 (
b11101 &
0$
#15071000
b11111 #
b11111 '
b11111 (
b11110 &
0$
#15072000
b0 #
b0 '
b0 (
b11111 &
0$
#15073000
b1 #
b1 '
b1 (
b0 &
0$
#15074000
b10 #
b10 '
b10 (
b1 &
0$
#15075000
b11 #
b11 '
b11 (
b10 &
0$
#15076000
b100 #
b100 '
b100 (
b11 &
0$
#15077000
b101 #
b101 '
b101 (
b100 &
0$
#15078000
b110 #
b110 '
b110 (
b101 &
0$
#15079000
b111 #
b111 '
b111 (
b110 &
0$
#15080000
b1000 #
b1000 '
b1000 (
b111 &
0$
#15081000
b1001 #
b1001 '
b1001 (
b1000 &
0$
#15082000
b1010 #
b1010 '
b1010 (
b1001 &
0$
#15083000
b1011 #
b1011 '
b1011 (
b1010 &
0$
#15084000
b1100 #
b1100 '
b1100 (
b1011 &
0$
#15085000
b1101 #
b1101 '
b1101 (
b1100 &
0$
#15086000
b1110 #
b1110 '
b1110 (
b1101 &
0$
#15087000
b1111 #
b1111 '
b1111 (
b1110 &
0$
#15088000
b10000 #
b10000 '
b10000 (
b1111 &
0$
#15089000
b10001 #
b10001 '
b10001 (
b10000 &
0$
#15090000
b10010 #
b10010 '
b10010 (
b10001 &
0$
#15091000
b10011 #
b10011 '
b10011 (
b10010 &
0$
#15092000
b10100 #
b10100 '
b10100 (
b10011 &
0$
#15093000
b10101 #
b10101 '
b10101 (
b10100 &
0$
#15094000
b10110 #
b10110 '
b10110 (
b10101 &
0$
#15095000
b10111 #
b10111 '
b10111 (
b10110 &
0$
#15096000
b11000 #
b11000 '
b11000 (
b10111 &
0$
#15097000
b11001 #
b11001 '
b11001 (
b11000 &
0$
#15098000
b11010 #
b11010 '
b11010 (
b11001 &
0$
#15099000
b11011 #
b11011 '
b11011 (
b11010 &
0$
#15100000
b11100 #
b11100 '
b11100 (
b11011 &
0$
#15101000
b11101 #
b11101 '
b11101 (
b11100 &
0$
#15102000
b11110 #
b11110 '
b11110 (
b11101 &
0$
#15103000
b11111 #
b11111 '
b11111 (
b11110 &
0$
#15104000
b0 #
b0 '
b0 (
b11111 &
0$
#15105000
b1 #
b1 '
b1 (
b0 &
0$
#15106000
b10 #
b10 '
b10 (
b1 &
0$
#15107000
b11 #
b11 '
b11 (
b10 &
0$
#15108000
b100 #
b100 '
b100 (
b11 &
0$
#15109000
b101 #
b101 '
b101 (
b100 &
0$
#15110000
b110 #
b110 '
b110 (
b101 &
0$
#15111000
b111 #
b111 '
b111 (
b110 &
0$
#15112000
b1000 #
b1000 '
b1000 (
b111 &
0$
#15113000
b1001 #
b1001 '
b1001 (
b1000 &
0$
#15114000
b1010 #
b1010 '
b1010 (
b1001 &
0$
#15115000
b1011 #
b1011 '
b1011 (
b1010 &
0$
#15116000
b1100 #
b1100 '
b1100 (
b1011 &
0$
#15117000
b1101 #
b1101 '
b1101 (
b1100 &
0$
#15118000
b1110 #
b1110 '
b1110 (
b1101 &
0$
#15119000
b1111 #
b1111 '
b1111 (
b1110 &
0$
#15120000
b10000 #
b10000 '
b10000 (
b1111 &
0$
#15121000
b10001 #
b10001 '
b10001 (
b10000 &
0$
#15122000
b10010 #
b10010 '
b10010 (
b10001 &
0$
#15123000
b10011 #
b10011 '
b10011 (
b10010 &
0$
#15124000
b10100 #
b10100 '
b10100 (
b10011 &
0$
#15125000
b10101 #
b10101 '
b10101 (
b10100 &
0$
#15126000
b10110 #
b10110 '
b10110 (
b10101 &
0$
#15127000
b10111 #
b10111 '
b10111 (
b10110 &
0$
#15128000
b11000 #
b11000 '
b11000 (
b10111 &
0$
#15129000
b11001 #
b11001 '
b11001 (
b11000 &
0$
#15130000
b11010 #
b11010 '
b11010 (
b11001 &
0$
#15131000
b11011 #
b11011 '
b11011 (
b11010 &
0$
#15132000
b11100 #
b11100 '
b11100 (
b11011 &
0$
#15133000
b11101 #
b11101 '
b11101 (
b11100 &
0$
#15134000
b11110 #
b11110 '
b11110 (
b11101 &
0$
#15135000
b11111 #
b11111 '
b11111 (
b11110 &
0$
#15136000
b0 #
b0 '
b0 (
b11111 &
0$
#15137000
b1 #
b1 '
b1 (
b0 &
0$
#15138000
b10 #
b10 '
b10 (
b1 &
0$
#15139000
b11 #
b11 '
b11 (
b10 &
0$
#15140000
b100 #
b100 '
b100 (
b11 &
0$
#15141000
b101 #
b101 '
b101 (
b100 &
0$
#15142000
b110 #
b110 '
b110 (
b101 &
0$
#15143000
b111 #
b111 '
b111 (
b110 &
0$
#15144000
b1000 #
b1000 '
b1000 (
b111 &
0$
#15145000
b1001 #
b1001 '
b1001 (
b1000 &
0$
#15146000
b1010 #
b1010 '
b1010 (
b1001 &
0$
#15147000
b1011 #
b1011 '
b1011 (
b1010 &
0$
#15148000
b1100 #
b1100 '
b1100 (
b1011 &
0$
#15149000
b1101 #
b1101 '
b1101 (
b1100 &
0$
#15150000
b1110 #
b1110 '
b1110 (
b1101 &
0$
#15151000
b1111 #
b1111 '
b1111 (
b1110 &
0$
#15152000
b10000 #
b10000 '
b10000 (
b1111 &
0$
#15153000
b10001 #
b10001 '
b10001 (
b10000 &
0$
#15154000
b10010 #
b10010 '
b10010 (
b10001 &
0$
#15155000
b10011 #
b10011 '
b10011 (
b10010 &
0$
#15156000
b10100 #
b10100 '
b10100 (
b10011 &
0$
#15157000
b10101 #
b10101 '
b10101 (
b10100 &
0$
#15158000
b10110 #
b10110 '
b10110 (
b10101 &
0$
#15159000
b10111 #
b10111 '
b10111 (
b10110 &
0$
#15160000
b11000 #
b11000 '
b11000 (
b10111 &
0$
#15161000
b11001 #
b11001 '
b11001 (
b11000 &
0$
#15162000
b11010 #
b11010 '
b11010 (
b11001 &
0$
#15163000
b11011 #
b11011 '
b11011 (
b11010 &
0$
#15164000
b11100 #
b11100 '
b11100 (
b11011 &
0$
#15165000
b11101 #
b11101 '
b11101 (
b11100 &
0$
#15166000
b11110 #
b11110 '
b11110 (
b11101 &
0$
#15167000
b11111 #
b11111 '
b11111 (
b11110 &
0$
#15168000
b0 #
b0 '
b0 (
b11111 &
0$
#15169000
b1 #
b1 '
b1 (
b0 &
0$
#15170000
b10 #
b10 '
b10 (
b1 &
0$
#15171000
b11 #
b11 '
b11 (
b10 &
0$
#15172000
b100 #
b100 '
b100 (
b11 &
0$
#15173000
b101 #
b101 '
b101 (
b100 &
0$
#15174000
b110 #
b110 '
b110 (
b101 &
0$
#15175000
b111 #
b111 '
b111 (
b110 &
0$
#15176000
b1000 #
b1000 '
b1000 (
b111 &
0$
#15177000
b1001 #
b1001 '
b1001 (
b1000 &
0$
#15178000
b1010 #
b1010 '
b1010 (
b1001 &
0$
#15179000
b1011 #
b1011 '
b1011 (
b1010 &
0$
#15180000
b1100 #
b1100 '
b1100 (
b1011 &
0$
#15181000
b1101 #
b1101 '
b1101 (
b1100 &
0$
#15182000
b1110 #
b1110 '
b1110 (
b1101 &
0$
#15183000
b1111 #
b1111 '
b1111 (
b1110 &
0$
#15184000
b10000 #
b10000 '
b10000 (
b1111 &
0$
#15185000
b10001 #
b10001 '
b10001 (
b10000 &
0$
#15186000
b10010 #
b10010 '
b10010 (
b10001 &
0$
#15187000
b10011 #
b10011 '
b10011 (
b10010 &
0$
#15188000
b10100 #
b10100 '
b10100 (
b10011 &
0$
#15189000
b10101 #
b10101 '
b10101 (
b10100 &
0$
#15190000
b10110 #
b10110 '
b10110 (
b10101 &
0$
#15191000
b10111 #
b10111 '
b10111 (
b10110 &
0$
#15192000
b11000 #
b11000 '
b11000 (
b10111 &
0$
#15193000
b11001 #
b11001 '
b11001 (
b11000 &
0$
#15194000
b11010 #
b11010 '
b11010 (
b11001 &
0$
#15195000
b11011 #
b11011 '
b11011 (
b11010 &
0$
#15196000
b11100 #
b11100 '
b11100 (
b11011 &
0$
#15197000
b11101 #
b11101 '
b11101 (
b11100 &
0$
#15198000
b11110 #
b11110 '
b11110 (
b11101 &
0$
#15199000
b11111 #
b11111 '
b11111 (
b11110 &
0$
#15200000
b0 #
b0 '
b0 (
b11111 &
0$
#15201000
b1 #
b1 '
b1 (
b0 &
0$
#15202000
b10 #
b10 '
b10 (
b1 &
0$
#15203000
b11 #
b11 '
b11 (
b10 &
0$
#15204000
b100 #
b100 '
b100 (
b11 &
0$
#15205000
b101 #
b101 '
b101 (
b100 &
0$
#15206000
b110 #
b110 '
b110 (
b101 &
0$
#15207000
b111 #
b111 '
b111 (
b110 &
0$
#15208000
b1000 #
b1000 '
b1000 (
b111 &
0$
#15209000
b1001 #
b1001 '
b1001 (
b1000 &
0$
#15210000
b1010 #
b1010 '
b1010 (
b1001 &
0$
#15211000
b1011 #
b1011 '
b1011 (
b1010 &
0$
#15212000
b1100 #
b1100 '
b1100 (
b1011 &
0$
#15213000
b1101 #
b1101 '
b1101 (
b1100 &
0$
#15214000
b1110 #
b1110 '
b1110 (
b1101 &
0$
#15215000
b1111 #
b1111 '
b1111 (
b1110 &
0$
#15216000
b10000 #
b10000 '
b10000 (
b1111 &
0$
#15217000
b10001 #
b10001 '
b10001 (
b10000 &
0$
#15218000
b10010 #
b10010 '
b10010 (
b10001 &
0$
#15219000
b10011 #
b10011 '
b10011 (
b10010 &
0$
#15220000
b10100 #
b10100 '
b10100 (
b10011 &
0$
#15221000
b10101 #
b10101 '
b10101 (
b10100 &
0$
#15222000
b10110 #
b10110 '
b10110 (
b10101 &
0$
#15223000
b10111 #
b10111 '
b10111 (
b10110 &
0$
#15224000
b11000 #
b11000 '
b11000 (
b10111 &
0$
#15225000
b11001 #
b11001 '
b11001 (
b11000 &
0$
#15226000
b11010 #
b11010 '
b11010 (
b11001 &
0$
#15227000
b11011 #
b11011 '
b11011 (
b11010 &
0$
#15228000
b11100 #
b11100 '
b11100 (
b11011 &
0$
#15229000
b11101 #
b11101 '
b11101 (
b11100 &
0$
#15230000
b11110 #
b11110 '
b11110 (
b11101 &
0$
#15231000
b11111 #
b11111 '
b11111 (
b11110 &
0$
#15232000
b0 #
b0 '
b0 (
b11111 &
0$
#15233000
b1 #
b1 '
b1 (
b0 &
0$
#15234000
b10 #
b10 '
b10 (
b1 &
0$
#15235000
b11 #
b11 '
b11 (
b10 &
0$
#15236000
b100 #
b100 '
b100 (
b11 &
0$
#15237000
b101 #
b101 '
b101 (
b100 &
0$
#15238000
b110 #
b110 '
b110 (
b101 &
0$
#15239000
b111 #
b111 '
b111 (
b110 &
0$
#15240000
b1000 #
b1000 '
b1000 (
b111 &
0$
#15241000
b1001 #
b1001 '
b1001 (
b1000 &
0$
#15242000
b1010 #
b1010 '
b1010 (
b1001 &
0$
#15243000
b1011 #
b1011 '
b1011 (
b1010 &
0$
#15244000
b1100 #
b1100 '
b1100 (
b1011 &
0$
#15245000
b1101 #
b1101 '
b1101 (
b1100 &
0$
#15246000
b1110 #
b1110 '
b1110 (
b1101 &
0$
#15247000
b1111 #
b1111 '
b1111 (
b1110 &
0$
#15248000
b10000 #
b10000 '
b10000 (
b1111 &
0$
#15249000
b10001 #
b10001 '
b10001 (
b10000 &
0$
#15250000
b10010 #
b10010 '
b10010 (
b10001 &
0$
#15251000
b10011 #
b10011 '
b10011 (
b10010 &
0$
#15252000
b10100 #
b10100 '
b10100 (
b10011 &
0$
#15253000
b10101 #
b10101 '
b10101 (
b10100 &
0$
#15254000
b10110 #
b10110 '
b10110 (
b10101 &
0$
#15255000
b10111 #
b10111 '
b10111 (
b10110 &
0$
#15256000
b11000 #
b11000 '
b11000 (
b10111 &
0$
#15257000
b11001 #
b11001 '
b11001 (
b11000 &
0$
#15258000
b11010 #
b11010 '
b11010 (
b11001 &
0$
#15259000
b11011 #
b11011 '
b11011 (
b11010 &
0$
#15260000
b11100 #
b11100 '
b11100 (
b11011 &
0$
#15261000
b11101 #
b11101 '
b11101 (
b11100 &
0$
#15262000
b11110 #
b11110 '
b11110 (
b11101 &
0$
#15263000
b11111 #
b11111 '
b11111 (
b11110 &
0$
#15264000
b0 #
b0 '
b0 (
b11111 &
0$
#15265000
b1 #
b1 '
b1 (
b0 &
0$
#15266000
b10 #
b10 '
b10 (
b1 &
0$
#15267000
b11 #
b11 '
b11 (
b10 &
0$
#15268000
b100 #
b100 '
b100 (
b11 &
0$
#15269000
b101 #
b101 '
b101 (
b100 &
0$
#15270000
b110 #
b110 '
b110 (
b101 &
0$
#15271000
b111 #
b111 '
b111 (
b110 &
0$
#15272000
b1000 #
b1000 '
b1000 (
b111 &
0$
#15273000
b1001 #
b1001 '
b1001 (
b1000 &
0$
#15274000
b1010 #
b1010 '
b1010 (
b1001 &
0$
#15275000
b1011 #
b1011 '
b1011 (
b1010 &
0$
#15276000
b1100 #
b1100 '
b1100 (
b1011 &
0$
#15277000
b1101 #
b1101 '
b1101 (
b1100 &
0$
#15278000
b1110 #
b1110 '
b1110 (
b1101 &
0$
#15279000
b1111 #
b1111 '
b1111 (
b1110 &
0$
#15280000
b10000 #
b10000 '
b10000 (
b1111 &
0$
#15281000
b10001 #
b10001 '
b10001 (
b10000 &
0$
#15282000
b10010 #
b10010 '
b10010 (
b10001 &
0$
#15283000
b10011 #
b10011 '
b10011 (
b10010 &
0$
#15284000
b10100 #
b10100 '
b10100 (
b10011 &
0$
#15285000
b10101 #
b10101 '
b10101 (
b10100 &
0$
#15286000
b10110 #
b10110 '
b10110 (
b10101 &
0$
#15287000
b10111 #
b10111 '
b10111 (
b10110 &
0$
#15288000
b11000 #
b11000 '
b11000 (
b10111 &
0$
#15289000
b11001 #
b11001 '
b11001 (
b11000 &
0$
#15290000
b11010 #
b11010 '
b11010 (
b11001 &
0$
#15291000
b11011 #
b11011 '
b11011 (
b11010 &
0$
#15292000
b11100 #
b11100 '
b11100 (
b11011 &
0$
#15293000
b11101 #
b11101 '
b11101 (
b11100 &
0$
#15294000
b11110 #
b11110 '
b11110 (
b11101 &
0$
#15295000
b11111 #
b11111 '
b11111 (
b11110 &
0$
#15296000
b0 #
b0 '
b0 (
b11111 &
0$
#15297000
b1 #
b1 '
b1 (
b0 &
0$
#15298000
b10 #
b10 '
b10 (
b1 &
0$
#15299000
b11 #
b11 '
b11 (
b10 &
0$
#15300000
b100 #
b100 '
b100 (
b11 &
0$
#15301000
b101 #
b101 '
b101 (
b100 &
0$
#15302000
b110 #
b110 '
b110 (
b101 &
0$
#15303000
b111 #
b111 '
b111 (
b110 &
0$
#15304000
b1000 #
b1000 '
b1000 (
b111 &
0$
#15305000
b1001 #
b1001 '
b1001 (
b1000 &
0$
#15306000
b1010 #
b1010 '
b1010 (
b1001 &
0$
#15307000
b1011 #
b1011 '
b1011 (
b1010 &
0$
#15308000
b1100 #
b1100 '
b1100 (
b1011 &
0$
#15309000
b1101 #
b1101 '
b1101 (
b1100 &
0$
#15310000
b1110 #
b1110 '
b1110 (
b1101 &
0$
#15311000
b1111 #
b1111 '
b1111 (
b1110 &
0$
#15312000
b10000 #
b10000 '
b10000 (
b1111 &
0$
#15313000
b10001 #
b10001 '
b10001 (
b10000 &
0$
#15314000
b10010 #
b10010 '
b10010 (
b10001 &
0$
#15315000
b10011 #
b10011 '
b10011 (
b10010 &
0$
#15316000
b10100 #
b10100 '
b10100 (
b10011 &
0$
#15317000
b10101 #
b10101 '
b10101 (
b10100 &
0$
#15318000
b10110 #
b10110 '
b10110 (
b10101 &
0$
#15319000
b10111 #
b10111 '
b10111 (
b10110 &
0$
#15320000
b11000 #
b11000 '
b11000 (
b10111 &
0$
#15321000
b11001 #
b11001 '
b11001 (
b11000 &
0$
#15322000
b11010 #
b11010 '
b11010 (
b11001 &
0$
#15323000
b11011 #
b11011 '
b11011 (
b11010 &
0$
#15324000
b11100 #
b11100 '
b11100 (
b11011 &
0$
#15325000
b11101 #
b11101 '
b11101 (
b11100 &
0$
#15326000
b11110 #
b11110 '
b11110 (
b11101 &
0$
#15327000
b11111 #
b11111 '
b11111 (
b11110 &
0$
#15328000
b0 #
b0 '
b0 (
b11111 &
0$
#15329000
b1 #
b1 '
b1 (
b0 &
0$
#15330000
b10 #
b10 '
b10 (
b1 &
0$
#15331000
b11 #
b11 '
b11 (
b10 &
0$
#15332000
b100 #
b100 '
b100 (
b11 &
0$
#15333000
b101 #
b101 '
b101 (
b100 &
0$
#15334000
b110 #
b110 '
b110 (
b101 &
0$
#15335000
b111 #
b111 '
b111 (
b110 &
0$
#15336000
b1000 #
b1000 '
b1000 (
b111 &
0$
#15337000
b1001 #
b1001 '
b1001 (
b1000 &
0$
#15338000
b1010 #
b1010 '
b1010 (
b1001 &
0$
#15339000
b1011 #
b1011 '
b1011 (
b1010 &
0$
#15340000
b1100 #
b1100 '
b1100 (
b1011 &
0$
#15341000
b1101 #
b1101 '
b1101 (
b1100 &
0$
#15342000
b1110 #
b1110 '
b1110 (
b1101 &
0$
#15343000
b1111 #
b1111 '
b1111 (
b1110 &
0$
#15344000
b10000 #
b10000 '
b10000 (
b1111 &
0$
#15345000
b10001 #
b10001 '
b10001 (
b10000 &
0$
#15346000
b10010 #
b10010 '
b10010 (
b10001 &
0$
#15347000
b10011 #
b10011 '
b10011 (
b10010 &
0$
#15348000
b10100 #
b10100 '
b10100 (
b10011 &
0$
#15349000
b10101 #
b10101 '
b10101 (
b10100 &
0$
#15350000
b10110 #
b10110 '
b10110 (
b10101 &
0$
#15351000
b10111 #
b10111 '
b10111 (
b10110 &
0$
#15352000
b11000 #
b11000 '
b11000 (
b10111 &
0$
#15353000
b11001 #
b11001 '
b11001 (
b11000 &
0$
#15354000
b11010 #
b11010 '
b11010 (
b11001 &
0$
#15355000
b11011 #
b11011 '
b11011 (
b11010 &
0$
#15356000
b11100 #
b11100 '
b11100 (
b11011 &
0$
#15357000
b11101 #
b11101 '
b11101 (
b11100 &
0$
#15358000
b11110 #
b11110 '
b11110 (
b11101 &
0$
#15359000
b11111 #
b11111 '
b11111 (
b11110 &
0$
#15360000
b0 #
b0 '
b0 (
b11111 &
0$
#15361000
b1 #
b1 '
b1 (
b0 &
0$
#15362000
b10 #
b10 '
b10 (
b1 &
0$
#15363000
b11 #
b11 '
b11 (
b10 &
0$
#15364000
b100 #
b100 '
b100 (
b11 &
0$
#15365000
b101 #
b101 '
b101 (
b100 &
0$
#15366000
b110 #
b110 '
b110 (
b101 &
0$
#15367000
b111 #
b111 '
b111 (
b110 &
0$
#15368000
b1000 #
b1000 '
b1000 (
b111 &
0$
#15369000
b1001 #
b1001 '
b1001 (
b1000 &
0$
#15370000
b1010 #
b1010 '
b1010 (
b1001 &
0$
#15371000
b1011 #
b1011 '
b1011 (
b1010 &
0$
#15372000
b1100 #
b1100 '
b1100 (
b1011 &
0$
#15373000
b1101 #
b1101 '
b1101 (
b1100 &
0$
#15374000
b1110 #
b1110 '
b1110 (
b1101 &
0$
#15375000
b1111 #
b1111 '
b1111 (
b1110 &
0$
#15376000
b10000 #
b10000 '
b10000 (
b1111 &
0$
#15377000
b10001 #
b10001 '
b10001 (
b10000 &
0$
#15378000
b10010 #
b10010 '
b10010 (
b10001 &
0$
#15379000
b10011 #
b10011 '
b10011 (
b10010 &
0$
#15380000
b10100 #
b10100 '
b10100 (
b10011 &
0$
#15381000
b10101 #
b10101 '
b10101 (
b10100 &
0$
#15382000
b10110 #
b10110 '
b10110 (
b10101 &
0$
#15383000
b10111 #
b10111 '
b10111 (
b10110 &
0$
#15384000
b11000 #
b11000 '
b11000 (
b10111 &
0$
#15385000
b11001 #
b11001 '
b11001 (
b11000 &
0$
#15386000
b11010 #
b11010 '
b11010 (
b11001 &
0$
#15387000
b11011 #
b11011 '
b11011 (
b11010 &
0$
#15388000
b11100 #
b11100 '
b11100 (
b11011 &
0$
#15389000
b11101 #
b11101 '
b11101 (
b11100 &
0$
#15390000
b11110 #
b11110 '
b11110 (
b11101 &
0$
#15391000
b11111 #
b11111 '
b11111 (
b11110 &
0$
#15392000
b0 #
b0 '
b0 (
b11111 &
0$
#15393000
b1 #
b1 '
b1 (
b0 &
0$
#15394000
b10 #
b10 '
b10 (
b1 &
0$
#15395000
b11 #
b11 '
b11 (
b10 &
0$
#15396000
b100 #
b100 '
b100 (
b11 &
0$
#15397000
b101 #
b101 '
b101 (
b100 &
0$
#15398000
b110 #
b110 '
b110 (
b101 &
0$
#15399000
b111 #
b111 '
b111 (
b110 &
0$
#15400000
b1000 #
b1000 '
b1000 (
b111 &
0$
#15401000
b1001 #
b1001 '
b1001 (
b1000 &
0$
#15402000
b1010 #
b1010 '
b1010 (
b1001 &
0$
#15403000
b1011 #
b1011 '
b1011 (
b1010 &
0$
#15404000
b1100 #
b1100 '
b1100 (
b1011 &
0$
#15405000
b1101 #
b1101 '
b1101 (
b1100 &
0$
#15406000
b1110 #
b1110 '
b1110 (
b1101 &
0$
#15407000
b1111 #
b1111 '
b1111 (
b1110 &
0$
#15408000
b10000 #
b10000 '
b10000 (
b1111 &
0$
#15409000
b10001 #
b10001 '
b10001 (
b10000 &
0$
#15410000
b10010 #
b10010 '
b10010 (
b10001 &
0$
#15411000
b10011 #
b10011 '
b10011 (
b10010 &
0$
#15412000
b10100 #
b10100 '
b10100 (
b10011 &
0$
#15413000
b10101 #
b10101 '
b10101 (
b10100 &
0$
#15414000
b10110 #
b10110 '
b10110 (
b10101 &
0$
#15415000
b10111 #
b10111 '
b10111 (
b10110 &
0$
#15416000
b11000 #
b11000 '
b11000 (
b10111 &
0$
#15417000
b11001 #
b11001 '
b11001 (
b11000 &
0$
#15418000
b11010 #
b11010 '
b11010 (
b11001 &
0$
#15419000
b11011 #
b11011 '
b11011 (
b11010 &
0$
#15420000
b11100 #
b11100 '
b11100 (
b11011 &
0$
#15421000
b11101 #
b11101 '
b11101 (
b11100 &
0$
#15422000
b11110 #
b11110 '
b11110 (
b11101 &
0$
#15423000
b11111 #
b11111 '
b11111 (
b11110 &
0$
#15424000
b0 #
b0 '
b0 (
b11111 &
0$
#15425000
b1 #
b1 '
b1 (
b0 &
0$
#15426000
b10 #
b10 '
b10 (
b1 &
0$
#15427000
b11 #
b11 '
b11 (
b10 &
0$
#15428000
b100 #
b100 '
b100 (
b11 &
0$
#15429000
b101 #
b101 '
b101 (
b100 &
0$
#15430000
b110 #
b110 '
b110 (
b101 &
0$
#15431000
b111 #
b111 '
b111 (
b110 &
0$
#15432000
b1000 #
b1000 '
b1000 (
b111 &
0$
#15433000
b1001 #
b1001 '
b1001 (
b1000 &
0$
#15434000
b1010 #
b1010 '
b1010 (
b1001 &
0$
#15435000
b1011 #
b1011 '
b1011 (
b1010 &
0$
#15436000
b1100 #
b1100 '
b1100 (
b1011 &
0$
#15437000
b1101 #
b1101 '
b1101 (
b1100 &
0$
#15438000
b1110 #
b1110 '
b1110 (
b1101 &
0$
#15439000
b1111 #
b1111 '
b1111 (
b1110 &
0$
#15440000
b10000 #
b10000 '
b10000 (
b1111 &
0$
#15441000
b10001 #
b10001 '
b10001 (
b10000 &
0$
#15442000
b10010 #
b10010 '
b10010 (
b10001 &
0$
#15443000
b10011 #
b10011 '
b10011 (
b10010 &
0$
#15444000
b10100 #
b10100 '
b10100 (
b10011 &
0$
#15445000
b10101 #
b10101 '
b10101 (
b10100 &
0$
#15446000
b10110 #
b10110 '
b10110 (
b10101 &
0$
#15447000
b10111 #
b10111 '
b10111 (
b10110 &
0$
#15448000
b11000 #
b11000 '
b11000 (
b10111 &
0$
#15449000
b11001 #
b11001 '
b11001 (
b11000 &
0$
#15450000
b11010 #
b11010 '
b11010 (
b11001 &
0$
#15451000
b11011 #
b11011 '
b11011 (
b11010 &
0$
#15452000
b11100 #
b11100 '
b11100 (
b11011 &
0$
#15453000
b11101 #
b11101 '
b11101 (
b11100 &
0$
#15454000
b11110 #
b11110 '
b11110 (
b11101 &
0$
#15455000
b11111 #
b11111 '
b11111 (
b11110 &
0$
#15456000
b0 #
b0 '
b0 (
b11111 &
0$
#15457000
b1 #
b1 '
b1 (
b0 &
0$
#15458000
b10 #
b10 '
b10 (
b1 &
0$
#15459000
b11 #
b11 '
b11 (
b10 &
0$
#15460000
b100 #
b100 '
b100 (
b11 &
0$
#15461000
b101 #
b101 '
b101 (
b100 &
0$
#15462000
b110 #
b110 '
b110 (
b101 &
0$
#15463000
b111 #
b111 '
b111 (
b110 &
0$
#15464000
b1000 #
b1000 '
b1000 (
b111 &
0$
#15465000
b1001 #
b1001 '
b1001 (
b1000 &
0$
#15466000
b1010 #
b1010 '
b1010 (
b1001 &
0$
#15467000
b1011 #
b1011 '
b1011 (
b1010 &
0$
#15468000
b1100 #
b1100 '
b1100 (
b1011 &
0$
#15469000
b1101 #
b1101 '
b1101 (
b1100 &
0$
#15470000
b1110 #
b1110 '
b1110 (
b1101 &
0$
#15471000
b1111 #
b1111 '
b1111 (
b1110 &
0$
#15472000
b10000 #
b10000 '
b10000 (
b1111 &
0$
#15473000
b10001 #
b10001 '
b10001 (
b10000 &
0$
#15474000
b10010 #
b10010 '
b10010 (
b10001 &
0$
#15475000
b10011 #
b10011 '
b10011 (
b10010 &
0$
#15476000
b10100 #
b10100 '
b10100 (
b10011 &
0$
#15477000
b10101 #
b10101 '
b10101 (
b10100 &
0$
#15478000
b10110 #
b10110 '
b10110 (
b10101 &
0$
#15479000
b10111 #
b10111 '
b10111 (
b10110 &
0$
#15480000
b11000 #
b11000 '
b11000 (
b10111 &
0$
#15481000
b11001 #
b11001 '
b11001 (
b11000 &
0$
#15482000
b11010 #
b11010 '
b11010 (
b11001 &
0$
#15483000
b11011 #
b11011 '
b11011 (
b11010 &
0$
#15484000
b11100 #
b11100 '
b11100 (
b11011 &
0$
#15485000
b11101 #
b11101 '
b11101 (
b11100 &
0$
#15486000
b11110 #
b11110 '
b11110 (
b11101 &
0$
#15487000
b11111 #
b11111 '
b11111 (
b11110 &
0$
#15488000
b0 #
b0 '
b0 (
b11111 &
0$
#15489000
b1 #
b1 '
b1 (
b0 &
0$
#15490000
b10 #
b10 '
b10 (
b1 &
0$
#15491000
b11 #
b11 '
b11 (
b10 &
0$
#15492000
b100 #
b100 '
b100 (
b11 &
0$
#15493000
b101 #
b101 '
b101 (
b100 &
0$
#15494000
b110 #
b110 '
b110 (
b101 &
0$
#15495000
b111 #
b111 '
b111 (
b110 &
0$
#15496000
b1000 #
b1000 '
b1000 (
b111 &
0$
#15497000
b1001 #
b1001 '
b1001 (
b1000 &
0$
#15498000
b1010 #
b1010 '
b1010 (
b1001 &
0$
#15499000
b1011 #
b1011 '
b1011 (
b1010 &
0$
#15500000
b1100 #
b1100 '
b1100 (
b1011 &
0$
#15501000
b1101 #
b1101 '
b1101 (
b1100 &
0$
#15502000
b1110 #
b1110 '
b1110 (
b1101 &
0$
#15503000
b1111 #
b1111 '
b1111 (
b1110 &
0$
#15504000
b10000 #
b10000 '
b10000 (
b1111 &
0$
#15505000
b10001 #
b10001 '
b10001 (
b10000 &
0$
#15506000
b10010 #
b10010 '
b10010 (
b10001 &
0$
#15507000
b10011 #
b10011 '
b10011 (
b10010 &
0$
#15508000
b10100 #
b10100 '
b10100 (
b10011 &
0$
#15509000
b10101 #
b10101 '
b10101 (
b10100 &
0$
#15510000
b10110 #
b10110 '
b10110 (
b10101 &
0$
#15511000
b10111 #
b10111 '
b10111 (
b10110 &
0$
#15512000
b11000 #
b11000 '
b11000 (
b10111 &
0$
#15513000
b11001 #
b11001 '
b11001 (
b11000 &
0$
#15514000
b11010 #
b11010 '
b11010 (
b11001 &
0$
#15515000
b11011 #
b11011 '
b11011 (
b11010 &
0$
#15516000
b11100 #
b11100 '
b11100 (
b11011 &
0$
#15517000
b11101 #
b11101 '
b11101 (
b11100 &
0$
#15518000
b11110 #
b11110 '
b11110 (
b11101 &
0$
#15519000
b11111 #
b11111 '
b11111 (
b11110 &
0$
#15520000
b0 #
b0 '
b0 (
b11111 &
0$
#15521000
b1 #
b1 '
b1 (
b0 &
0$
#15522000
b10 #
b10 '
b10 (
b1 &
0$
#15523000
b11 #
b11 '
b11 (
b10 &
0$
#15524000
b100 #
b100 '
b100 (
b11 &
0$
#15525000
b101 #
b101 '
b101 (
b100 &
0$
#15526000
b110 #
b110 '
b110 (
b101 &
0$
#15527000
b111 #
b111 '
b111 (
b110 &
0$
#15528000
b1000 #
b1000 '
b1000 (
b111 &
0$
#15529000
b1001 #
b1001 '
b1001 (
b1000 &
0$
#15530000
b1010 #
b1010 '
b1010 (
b1001 &
0$
#15531000
b1011 #
b1011 '
b1011 (
b1010 &
0$
#15532000
b1100 #
b1100 '
b1100 (
b1011 &
0$
#15533000
b1101 #
b1101 '
b1101 (
b1100 &
0$
#15534000
b1110 #
b1110 '
b1110 (
b1101 &
0$
#15535000
b1111 #
b1111 '
b1111 (
b1110 &
0$
#15536000
b10000 #
b10000 '
b10000 (
b1111 &
0$
#15537000
b10001 #
b10001 '
b10001 (
b10000 &
0$
#15538000
b10010 #
b10010 '
b10010 (
b10001 &
0$
#15539000
b10011 #
b10011 '
b10011 (
b10010 &
0$
#15540000
b10100 #
b10100 '
b10100 (
b10011 &
0$
#15541000
b10101 #
b10101 '
b10101 (
b10100 &
0$
#15542000
b10110 #
b10110 '
b10110 (
b10101 &
0$
#15543000
b10111 #
b10111 '
b10111 (
b10110 &
0$
#15544000
b11000 #
b11000 '
b11000 (
b10111 &
0$
#15545000
b11001 #
b11001 '
b11001 (
b11000 &
0$
#15546000
b11010 #
b11010 '
b11010 (
b11001 &
0$
#15547000
b11011 #
b11011 '
b11011 (
b11010 &
0$
#15548000
b11100 #
b11100 '
b11100 (
b11011 &
0$
#15549000
b11101 #
b11101 '
b11101 (
b11100 &
0$
#15550000
b11110 #
b11110 '
b11110 (
b11101 &
0$
#15551000
b11111 #
b11111 '
b11111 (
b11110 &
0$
#15552000
b0 #
b0 '
b0 (
b11111 &
0$
#15553000
b1 #
b1 '
b1 (
b0 &
0$
#15554000
b10 #
b10 '
b10 (
b1 &
0$
#15555000
b11 #
b11 '
b11 (
b10 &
0$
#15556000
b100 #
b100 '
b100 (
b11 &
0$
#15557000
b101 #
b101 '
b101 (
b100 &
0$
#15558000
b110 #
b110 '
b110 (
b101 &
0$
#15559000
b111 #
b111 '
b111 (
b110 &
0$
#15560000
b1000 #
b1000 '
b1000 (
b111 &
0$
#15561000
b1001 #
b1001 '
b1001 (
b1000 &
0$
#15562000
b1010 #
b1010 '
b1010 (
b1001 &
0$
#15563000
b1011 #
b1011 '
b1011 (
b1010 &
0$
#15564000
b1100 #
b1100 '
b1100 (
b1011 &
0$
#15565000
b1101 #
b1101 '
b1101 (
b1100 &
0$
#15566000
b1110 #
b1110 '
b1110 (
b1101 &
0$
#15567000
b1111 #
b1111 '
b1111 (
b1110 &
0$
#15568000
b10000 #
b10000 '
b10000 (
b1111 &
0$
#15569000
b10001 #
b10001 '
b10001 (
b10000 &
0$
#15570000
b10010 #
b10010 '
b10010 (
b10001 &
0$
#15571000
b10011 #
b10011 '
b10011 (
b10010 &
0$
#15572000
b10100 #
b10100 '
b10100 (
b10011 &
0$
#15573000
b10101 #
b10101 '
b10101 (
b10100 &
0$
#15574000
b10110 #
b10110 '
b10110 (
b10101 &
0$
#15575000
b10111 #
b10111 '
b10111 (
b10110 &
0$
#15576000
b11000 #
b11000 '
b11000 (
b10111 &
0$
#15577000
b11001 #
b11001 '
b11001 (
b11000 &
0$
#15578000
b11010 #
b11010 '
b11010 (
b11001 &
0$
#15579000
b11011 #
b11011 '
b11011 (
b11010 &
0$
#15580000
b11100 #
b11100 '
b11100 (
b11011 &
0$
#15581000
b11101 #
b11101 '
b11101 (
b11100 &
0$
#15582000
b11110 #
b11110 '
b11110 (
b11101 &
0$
#15583000
b11111 #
b11111 '
b11111 (
b11110 &
0$
#15584000
b0 #
b0 '
b0 (
b11111 &
0$
#15585000
b1 #
b1 '
b1 (
b0 &
0$
#15586000
b10 #
b10 '
b10 (
b1 &
0$
#15587000
b11 #
b11 '
b11 (
b10 &
0$
#15588000
b100 #
b100 '
b100 (
b11 &
0$
#15589000
b101 #
b101 '
b101 (
b100 &
0$
#15590000
b110 #
b110 '
b110 (
b101 &
0$
#15591000
b111 #
b111 '
b111 (
b110 &
0$
#15592000
b1000 #
b1000 '
b1000 (
b111 &
0$
#15593000
b1001 #
b1001 '
b1001 (
b1000 &
0$
#15594000
b1010 #
b1010 '
b1010 (
b1001 &
0$
#15595000
b1011 #
b1011 '
b1011 (
b1010 &
0$
#15596000
b1100 #
b1100 '
b1100 (
b1011 &
0$
#15597000
b1101 #
b1101 '
b1101 (
b1100 &
0$
#15598000
b1110 #
b1110 '
b1110 (
b1101 &
0$
#15599000
b1111 #
b1111 '
b1111 (
b1110 &
0$
#15600000
b10000 #
b10000 '
b10000 (
b1111 &
0$
#15601000
b10001 #
b10001 '
b10001 (
b10000 &
0$
#15602000
b10010 #
b10010 '
b10010 (
b10001 &
0$
#15603000
b10011 #
b10011 '
b10011 (
b10010 &
0$
#15604000
b10100 #
b10100 '
b10100 (
b10011 &
0$
#15605000
b10101 #
b10101 '
b10101 (
b10100 &
0$
#15606000
b10110 #
b10110 '
b10110 (
b10101 &
0$
#15607000
b10111 #
b10111 '
b10111 (
b10110 &
0$
#15608000
b11000 #
b11000 '
b11000 (
b10111 &
0$
#15609000
b11001 #
b11001 '
b11001 (
b11000 &
0$
#15610000
b11010 #
b11010 '
b11010 (
b11001 &
0$
#15611000
b11011 #
b11011 '
b11011 (
b11010 &
0$
#15612000
b11100 #
b11100 '
b11100 (
b11011 &
0$
#15613000
b11101 #
b11101 '
b11101 (
b11100 &
0$
#15614000
b11110 #
b11110 '
b11110 (
b11101 &
0$
#15615000
b11111 #
b11111 '
b11111 (
b11110 &
0$
#15616000
b0 #
b0 '
b0 (
b11111 &
0$
#15617000
b1 #
b1 '
b1 (
b0 &
0$
#15618000
b10 #
b10 '
b10 (
b1 &
0$
#15619000
b11 #
b11 '
b11 (
b10 &
0$
#15620000
b100 #
b100 '
b100 (
b11 &
0$
#15621000
b101 #
b101 '
b101 (
b100 &
0$
#15622000
b110 #
b110 '
b110 (
b101 &
0$
#15623000
b111 #
b111 '
b111 (
b110 &
0$
#15624000
b1000 #
b1000 '
b1000 (
b111 &
0$
#15625000
b1001 #
b1001 '
b1001 (
b1000 &
0$
#15626000
b1010 #
b1010 '
b1010 (
b1001 &
0$
#15627000
b1011 #
b1011 '
b1011 (
b1010 &
0$
#15628000
b1100 #
b1100 '
b1100 (
b1011 &
0$
#15629000
b1101 #
b1101 '
b1101 (
b1100 &
0$
#15630000
b1110 #
b1110 '
b1110 (
b1101 &
0$
#15631000
b1111 #
b1111 '
b1111 (
b1110 &
0$
#15632000
b10000 #
b10000 '
b10000 (
b1111 &
0$
#15633000
b10001 #
b10001 '
b10001 (
b10000 &
0$
#15634000
b10010 #
b10010 '
b10010 (
b10001 &
0$
#15635000
b10011 #
b10011 '
b10011 (
b10010 &
0$
#15636000
b10100 #
b10100 '
b10100 (
b10011 &
0$
#15637000
b10101 #
b10101 '
b10101 (
b10100 &
0$
#15638000
b10110 #
b10110 '
b10110 (
b10101 &
0$
#15639000
b10111 #
b10111 '
b10111 (
b10110 &
0$
#15640000
b11000 #
b11000 '
b11000 (
b10111 &
0$
#15641000
b11001 #
b11001 '
b11001 (
b11000 &
0$
#15642000
b11010 #
b11010 '
b11010 (
b11001 &
0$
#15643000
b11011 #
b11011 '
b11011 (
b11010 &
0$
#15644000
b11100 #
b11100 '
b11100 (
b11011 &
0$
#15645000
b11101 #
b11101 '
b11101 (
b11100 &
0$
#15646000
b11110 #
b11110 '
b11110 (
b11101 &
0$
#15647000
b11111 #
b11111 '
b11111 (
b11110 &
0$
#15648000
b0 #
b0 '
b0 (
b11111 &
0$
#15649000
b1 #
b1 '
b1 (
b0 &
0$
#15650000
b10 #
b10 '
b10 (
b1 &
0$
#15651000
b11 #
b11 '
b11 (
b10 &
0$
#15652000
b100 #
b100 '
b100 (
b11 &
0$
#15653000
b101 #
b101 '
b101 (
b100 &
0$
#15654000
b110 #
b110 '
b110 (
b101 &
0$
#15655000
b111 #
b111 '
b111 (
b110 &
0$
#15656000
b1000 #
b1000 '
b1000 (
b111 &
0$
#15657000
b1001 #
b1001 '
b1001 (
b1000 &
0$
#15658000
b1010 #
b1010 '
b1010 (
b1001 &
0$
#15659000
b1011 #
b1011 '
b1011 (
b1010 &
0$
#15660000
b1100 #
b1100 '
b1100 (
b1011 &
0$
#15661000
b1101 #
b1101 '
b1101 (
b1100 &
0$
#15662000
b1110 #
b1110 '
b1110 (
b1101 &
0$
#15663000
b1111 #
b1111 '
b1111 (
b1110 &
0$
#15664000
b10000 #
b10000 '
b10000 (
b1111 &
0$
#15665000
b10001 #
b10001 '
b10001 (
b10000 &
0$
#15666000
b10010 #
b10010 '
b10010 (
b10001 &
0$
#15667000
b10011 #
b10011 '
b10011 (
b10010 &
0$
#15668000
b10100 #
b10100 '
b10100 (
b10011 &
0$
#15669000
b10101 #
b10101 '
b10101 (
b10100 &
0$
#15670000
b10110 #
b10110 '
b10110 (
b10101 &
0$
#15671000
b10111 #
b10111 '
b10111 (
b10110 &
0$
#15672000
b11000 #
b11000 '
b11000 (
b10111 &
0$
#15673000
b11001 #
b11001 '
b11001 (
b11000 &
0$
#15674000
b11010 #
b11010 '
b11010 (
b11001 &
0$
#15675000
b11011 #
b11011 '
b11011 (
b11010 &
0$
#15676000
b11100 #
b11100 '
b11100 (
b11011 &
0$
#15677000
b11101 #
b11101 '
b11101 (
b11100 &
0$
#15678000
b11110 #
b11110 '
b11110 (
b11101 &
0$
#15679000
b11111 #
b11111 '
b11111 (
b11110 &
0$
#15680000
b0 #
b0 '
b0 (
b11111 &
0$
#15681000
b1 #
b1 '
b1 (
b0 &
0$
#15682000
b10 #
b10 '
b10 (
b1 &
0$
#15683000
b11 #
b11 '
b11 (
b10 &
0$
#15684000
b100 #
b100 '
b100 (
b11 &
0$
#15685000
b101 #
b101 '
b101 (
b100 &
0$
#15686000
b110 #
b110 '
b110 (
b101 &
0$
#15687000
b111 #
b111 '
b111 (
b110 &
0$
#15688000
b1000 #
b1000 '
b1000 (
b111 &
0$
#15689000
b1001 #
b1001 '
b1001 (
b1000 &
0$
#15690000
b1010 #
b1010 '
b1010 (
b1001 &
0$
#15691000
b1011 #
b1011 '
b1011 (
b1010 &
0$
#15692000
b1100 #
b1100 '
b1100 (
b1011 &
0$
#15693000
b1101 #
b1101 '
b1101 (
b1100 &
0$
#15694000
b1110 #
b1110 '
b1110 (
b1101 &
0$
#15695000
b1111 #
b1111 '
b1111 (
b1110 &
0$
#15696000
b10000 #
b10000 '
b10000 (
b1111 &
0$
#15697000
b10001 #
b10001 '
b10001 (
b10000 &
0$
#15698000
b10010 #
b10010 '
b10010 (
b10001 &
0$
#15699000
b10011 #
b10011 '
b10011 (
b10010 &
0$
#15700000
b10100 #
b10100 '
b10100 (
b10011 &
0$
#15701000
b10101 #
b10101 '
b10101 (
b10100 &
0$
#15702000
b10110 #
b10110 '
b10110 (
b10101 &
0$
#15703000
b10111 #
b10111 '
b10111 (
b10110 &
0$
#15704000
b11000 #
b11000 '
b11000 (
b10111 &
0$
#15705000
b11001 #
b11001 '
b11001 (
b11000 &
0$
#15706000
b11010 #
b11010 '
b11010 (
b11001 &
0$
#15707000
b11011 #
b11011 '
b11011 (
b11010 &
0$
#15708000
b11100 #
b11100 '
b11100 (
b11011 &
0$
#15709000
b11101 #
b11101 '
b11101 (
b11100 &
0$
#15710000
b11110 #
b11110 '
b11110 (
b11101 &
0$
#15711000
b11111 #
b11111 '
b11111 (
b11110 &
0$
#15712000
b0 #
b0 '
b0 (
b11111 &
0$
#15713000
b1 #
b1 '
b1 (
b0 &
0$
#15714000
b10 #
b10 '
b10 (
b1 &
0$
#15715000
b11 #
b11 '
b11 (
b10 &
0$
#15716000
b100 #
b100 '
b100 (
b11 &
0$
#15717000
b101 #
b101 '
b101 (
b100 &
0$
#15718000
b110 #
b110 '
b110 (
b101 &
0$
#15719000
b111 #
b111 '
b111 (
b110 &
0$
#15720000
b1000 #
b1000 '
b1000 (
b111 &
0$
#15721000
b1001 #
b1001 '
b1001 (
b1000 &
0$
#15722000
b1010 #
b1010 '
b1010 (
b1001 &
0$
#15723000
b1011 #
b1011 '
b1011 (
b1010 &
0$
#15724000
b1100 #
b1100 '
b1100 (
b1011 &
0$
#15725000
b1101 #
b1101 '
b1101 (
b1100 &
0$
#15726000
b1110 #
b1110 '
b1110 (
b1101 &
0$
#15727000
b1111 #
b1111 '
b1111 (
b1110 &
0$
#15728000
b10000 #
b10000 '
b10000 (
b1111 &
0$
#15729000
b10001 #
b10001 '
b10001 (
b10000 &
0$
#15730000
b10010 #
b10010 '
b10010 (
b10001 &
0$
#15731000
b10011 #
b10011 '
b10011 (
b10010 &
0$
#15732000
b10100 #
b10100 '
b10100 (
b10011 &
0$
#15733000
b10101 #
b10101 '
b10101 (
b10100 &
0$
#15734000
b10110 #
b10110 '
b10110 (
b10101 &
0$
#15735000
b10111 #
b10111 '
b10111 (
b10110 &
0$
#15736000
b11000 #
b11000 '
b11000 (
b10111 &
0$
#15737000
b11001 #
b11001 '
b11001 (
b11000 &
0$
#15738000
b11010 #
b11010 '
b11010 (
b11001 &
0$
#15739000
b11011 #
b11011 '
b11011 (
b11010 &
0$
#15740000
b11100 #
b11100 '
b11100 (
b11011 &
0$
#15741000
b11101 #
b11101 '
b11101 (
b11100 &
0$
#15742000
b11110 #
b11110 '
b11110 (
b11101 &
0$
#15743000
b11111 #
b11111 '
b11111 (
b11110 &
0$
#15744000
b0 #
b0 '
b0 (
b11111 &
0$
#15745000
b1 #
b1 '
b1 (
b0 &
0$
#15746000
b10 #
b10 '
b10 (
b1 &
0$
#15747000
b11 #
b11 '
b11 (
b10 &
0$
#15748000
b100 #
b100 '
b100 (
b11 &
0$
#15749000
b101 #
b101 '
b101 (
b100 &
0$
#15750000
b110 #
b110 '
b110 (
b101 &
0$
#15751000
b111 #
b111 '
b111 (
b110 &
0$
#15752000
b1000 #
b1000 '
b1000 (
b111 &
0$
#15753000
b1001 #
b1001 '
b1001 (
b1000 &
0$
#15754000
b1010 #
b1010 '
b1010 (
b1001 &
0$
#15755000
b1011 #
b1011 '
b1011 (
b1010 &
0$
#15756000
b1100 #
b1100 '
b1100 (
b1011 &
0$
#15757000
b1101 #
b1101 '
b1101 (
b1100 &
0$
#15758000
b1110 #
b1110 '
b1110 (
b1101 &
0$
#15759000
b1111 #
b1111 '
b1111 (
b1110 &
0$
#15760000
b10000 #
b10000 '
b10000 (
b1111 &
0$
#15761000
b10001 #
b10001 '
b10001 (
b10000 &
0$
#15762000
b10010 #
b10010 '
b10010 (
b10001 &
0$
#15763000
b10011 #
b10011 '
b10011 (
b10010 &
0$
#15764000
b10100 #
b10100 '
b10100 (
b10011 &
0$
#15765000
b10101 #
b10101 '
b10101 (
b10100 &
0$
#15766000
b10110 #
b10110 '
b10110 (
b10101 &
0$
#15767000
b10111 #
b10111 '
b10111 (
b10110 &
0$
#15768000
b11000 #
b11000 '
b11000 (
b10111 &
0$
#15769000
b11001 #
b11001 '
b11001 (
b11000 &
0$
#15770000
b11010 #
b11010 '
b11010 (
b11001 &
0$
#15771000
b11011 #
b11011 '
b11011 (
b11010 &
0$
#15772000
b11100 #
b11100 '
b11100 (
b11011 &
0$
#15773000
b11101 #
b11101 '
b11101 (
b11100 &
0$
#15774000
b11110 #
b11110 '
b11110 (
b11101 &
0$
#15775000
b11111 #
b11111 '
b11111 (
b11110 &
0$
#15776000
b0 #
b0 '
b0 (
b11111 &
0$
#15777000
b1 #
b1 '
b1 (
b0 &
0$
#15778000
b10 #
b10 '
b10 (
b1 &
0$
#15779000
b11 #
b11 '
b11 (
b10 &
0$
#15780000
b100 #
b100 '
b100 (
b11 &
0$
#15781000
b101 #
b101 '
b101 (
b100 &
0$
#15782000
b110 #
b110 '
b110 (
b101 &
0$
#15783000
b111 #
b111 '
b111 (
b110 &
0$
#15784000
b1000 #
b1000 '
b1000 (
b111 &
0$
#15785000
b1001 #
b1001 '
b1001 (
b1000 &
0$
#15786000
b1010 #
b1010 '
b1010 (
b1001 &
0$
#15787000
b1011 #
b1011 '
b1011 (
b1010 &
0$
#15788000
b1100 #
b1100 '
b1100 (
b1011 &
0$
#15789000
b1101 #
b1101 '
b1101 (
b1100 &
0$
#15790000
b1110 #
b1110 '
b1110 (
b1101 &
0$
#15791000
b1111 #
b1111 '
b1111 (
b1110 &
0$
#15792000
b10000 #
b10000 '
b10000 (
b1111 &
0$
#15793000
b10001 #
b10001 '
b10001 (
b10000 &
0$
#15794000
b10010 #
b10010 '
b10010 (
b10001 &
0$
#15795000
b10011 #
b10011 '
b10011 (
b10010 &
0$
#15796000
b10100 #
b10100 '
b10100 (
b10011 &
0$
#15797000
b10101 #
b10101 '
b10101 (
b10100 &
0$
#15798000
b10110 #
b10110 '
b10110 (
b10101 &
0$
#15799000
b10111 #
b10111 '
b10111 (
b10110 &
0$
#15800000
b11000 #
b11000 '
b11000 (
b10111 &
0$
#15801000
b11001 #
b11001 '
b11001 (
b11000 &
0$
#15802000
b11010 #
b11010 '
b11010 (
b11001 &
0$
#15803000
b11011 #
b11011 '
b11011 (
b11010 &
0$
#15804000
b11100 #
b11100 '
b11100 (
b11011 &
0$
#15805000
b11101 #
b11101 '
b11101 (
b11100 &
0$
#15806000
b11110 #
b11110 '
b11110 (
b11101 &
0$
#15807000
b11111 #
b11111 '
b11111 (
b11110 &
0$
#15808000
b0 #
b0 '
b0 (
b11111 &
0$
#15809000
b1 #
b1 '
b1 (
b0 &
0$
#15810000
b10 #
b10 '
b10 (
b1 &
0$
#15811000
b11 #
b11 '
b11 (
b10 &
0$
#15812000
b100 #
b100 '
b100 (
b11 &
0$
#15813000
b101 #
b101 '
b101 (
b100 &
0$
#15814000
b110 #
b110 '
b110 (
b101 &
0$
#15815000
b111 #
b111 '
b111 (
b110 &
0$
#15816000
b1000 #
b1000 '
b1000 (
b111 &
0$
#15817000
b1001 #
b1001 '
b1001 (
b1000 &
0$
#15818000
b1010 #
b1010 '
b1010 (
b1001 &
0$
#15819000
b1011 #
b1011 '
b1011 (
b1010 &
0$
#15820000
b1100 #
b1100 '
b1100 (
b1011 &
0$
#15821000
b1101 #
b1101 '
b1101 (
b1100 &
0$
#15822000
b1110 #
b1110 '
b1110 (
b1101 &
0$
#15823000
b1111 #
b1111 '
b1111 (
b1110 &
0$
#15824000
b10000 #
b10000 '
b10000 (
b1111 &
0$
#15825000
b10001 #
b10001 '
b10001 (
b10000 &
0$
#15826000
b10010 #
b10010 '
b10010 (
b10001 &
0$
#15827000
b10011 #
b10011 '
b10011 (
b10010 &
0$
#15828000
b10100 #
b10100 '
b10100 (
b10011 &
0$
#15829000
b10101 #
b10101 '
b10101 (
b10100 &
0$
#15830000
b10110 #
b10110 '
b10110 (
b10101 &
0$
#15831000
b10111 #
b10111 '
b10111 (
b10110 &
0$
#15832000
b11000 #
b11000 '
b11000 (
b10111 &
0$
#15833000
b11001 #
b11001 '
b11001 (
b11000 &
0$
#15834000
b11010 #
b11010 '
b11010 (
b11001 &
0$
#15835000
b11011 #
b11011 '
b11011 (
b11010 &
0$
#15836000
b11100 #
b11100 '
b11100 (
b11011 &
0$
#15837000
b11101 #
b11101 '
b11101 (
b11100 &
0$
#15838000
b11110 #
b11110 '
b11110 (
b11101 &
0$
#15839000
b11111 #
b11111 '
b11111 (
b11110 &
0$
#15840000
b0 #
b0 '
b0 (
b11111 &
0$
#15841000
b1 #
b1 '
b1 (
b0 &
0$
#15842000
b10 #
b10 '
b10 (
b1 &
0$
#15843000
b11 #
b11 '
b11 (
b10 &
0$
#15844000
b100 #
b100 '
b100 (
b11 &
0$
#15845000
b101 #
b101 '
b101 (
b100 &
0$
#15846000
b110 #
b110 '
b110 (
b101 &
0$
#15847000
b111 #
b111 '
b111 (
b110 &
0$
#15848000
b1000 #
b1000 '
b1000 (
b111 &
0$
#15849000
b1001 #
b1001 '
b1001 (
b1000 &
0$
#15850000
b1010 #
b1010 '
b1010 (
b1001 &
0$
#15851000
b1011 #
b1011 '
b1011 (
b1010 &
0$
#15852000
b1100 #
b1100 '
b1100 (
b1011 &
0$
#15853000
b1101 #
b1101 '
b1101 (
b1100 &
0$
#15854000
b1110 #
b1110 '
b1110 (
b1101 &
0$
#15855000
b1111 #
b1111 '
b1111 (
b1110 &
0$
#15856000
b10000 #
b10000 '
b10000 (
b1111 &
0$
#15857000
b10001 #
b10001 '
b10001 (
b10000 &
0$
#15858000
b10010 #
b10010 '
b10010 (
b10001 &
0$
#15859000
b10011 #
b10011 '
b10011 (
b10010 &
0$
#15860000
b10100 #
b10100 '
b10100 (
b10011 &
0$
#15861000
b10101 #
b10101 '
b10101 (
b10100 &
0$
#15862000
b10110 #
b10110 '
b10110 (
b10101 &
0$
#15863000
b10111 #
b10111 '
b10111 (
b10110 &
0$
#15864000
b11000 #
b11000 '
b11000 (
b10111 &
0$
#15865000
b11001 #
b11001 '
b11001 (
b11000 &
0$
#15866000
b11010 #
b11010 '
b11010 (
b11001 &
0$
#15867000
b11011 #
b11011 '
b11011 (
b11010 &
0$
#15868000
b11100 #
b11100 '
b11100 (
b11011 &
0$
#15869000
b11101 #
b11101 '
b11101 (
b11100 &
0$
#15870000
b11110 #
b11110 '
b11110 (
b11101 &
0$
#15871000
b11111 #
b11111 '
b11111 (
b11110 &
0$
#15872000
b0 #
b0 '
b0 (
b11111 &
0$
#15873000
b1 #
b1 '
b1 (
b0 &
0$
#15874000
b10 #
b10 '
b10 (
b1 &
0$
#15875000
b11 #
b11 '
b11 (
b10 &
0$
#15876000
b100 #
b100 '
b100 (
b11 &
0$
#15877000
b101 #
b101 '
b101 (
b100 &
0$
#15878000
b110 #
b110 '
b110 (
b101 &
0$
#15879000
b111 #
b111 '
b111 (
b110 &
0$
#15880000
b1000 #
b1000 '
b1000 (
b111 &
0$
#15881000
b1001 #
b1001 '
b1001 (
b1000 &
0$
#15882000
b1010 #
b1010 '
b1010 (
b1001 &
0$
#15883000
b1011 #
b1011 '
b1011 (
b1010 &
0$
#15884000
b1100 #
b1100 '
b1100 (
b1011 &
0$
#15885000
b1101 #
b1101 '
b1101 (
b1100 &
0$
#15886000
b1110 #
b1110 '
b1110 (
b1101 &
0$
#15887000
b1111 #
b1111 '
b1111 (
b1110 &
0$
#15888000
b10000 #
b10000 '
b10000 (
b1111 &
0$
#15889000
b10001 #
b10001 '
b10001 (
b10000 &
0$
#15890000
b10010 #
b10010 '
b10010 (
b10001 &
0$
#15891000
b10011 #
b10011 '
b10011 (
b10010 &
0$
#15892000
b10100 #
b10100 '
b10100 (
b10011 &
0$
#15893000
b10101 #
b10101 '
b10101 (
b10100 &
0$
#15894000
b10110 #
b10110 '
b10110 (
b10101 &
0$
#15895000
b10111 #
b10111 '
b10111 (
b10110 &
0$
#15896000
b11000 #
b11000 '
b11000 (
b10111 &
0$
#15897000
b11001 #
b11001 '
b11001 (
b11000 &
0$
#15898000
b11010 #
b11010 '
b11010 (
b11001 &
0$
#15899000
b11011 #
b11011 '
b11011 (
b11010 &
0$
#15900000
b11100 #
b11100 '
b11100 (
b11011 &
0$
#15901000
b11101 #
b11101 '
b11101 (
b11100 &
0$
#15902000
b11110 #
b11110 '
b11110 (
b11101 &
0$
#15903000
b11111 #
b11111 '
b11111 (
b11110 &
0$
#15904000
b0 #
b0 '
b0 (
b11111 &
0$
#15905000
b1 #
b1 '
b1 (
b0 &
0$
#15906000
b10 #
b10 '
b10 (
b1 &
0$
#15907000
b11 #
b11 '
b11 (
b10 &
0$
#15908000
b100 #
b100 '
b100 (
b11 &
0$
#15909000
b101 #
b101 '
b101 (
b100 &
0$
#15910000
b110 #
b110 '
b110 (
b101 &
0$
#15911000
b111 #
b111 '
b111 (
b110 &
0$
#15912000
b1000 #
b1000 '
b1000 (
b111 &
0$
#15913000
b1001 #
b1001 '
b1001 (
b1000 &
0$
#15914000
b1010 #
b1010 '
b1010 (
b1001 &
0$
#15915000
b1011 #
b1011 '
b1011 (
b1010 &
0$
#15916000
b1100 #
b1100 '
b1100 (
b1011 &
0$
#15917000
b1101 #
b1101 '
b1101 (
b1100 &
0$
#15918000
b1110 #
b1110 '
b1110 (
b1101 &
0$
#15919000
b1111 #
b1111 '
b1111 (
b1110 &
0$
#15920000
b10000 #
b10000 '
b10000 (
b1111 &
0$
#15921000
b10001 #
b10001 '
b10001 (
b10000 &
0$
#15922000
b10010 #
b10010 '
b10010 (
b10001 &
0$
#15923000
b10011 #
b10011 '
b10011 (
b10010 &
0$
#15924000
b10100 #
b10100 '
b10100 (
b10011 &
0$
#15925000
b10101 #
b10101 '
b10101 (
b10100 &
0$
#15926000
b10110 #
b10110 '
b10110 (
b10101 &
0$
#15927000
b10111 #
b10111 '
b10111 (
b10110 &
0$
#15928000
b11000 #
b11000 '
b11000 (
b10111 &
0$
#15929000
b11001 #
b11001 '
b11001 (
b11000 &
0$
#15930000
b11010 #
b11010 '
b11010 (
b11001 &
0$
#15931000
b11011 #
b11011 '
b11011 (
b11010 &
0$
#15932000
b11100 #
b11100 '
b11100 (
b11011 &
0$
#15933000
b11101 #
b11101 '
b11101 (
b11100 &
0$
#15934000
b11110 #
b11110 '
b11110 (
b11101 &
0$
#15935000
b11111 #
b11111 '
b11111 (
b11110 &
0$
#15936000
b0 #
b0 '
b0 (
b11111 &
0$
#15937000
b1 #
b1 '
b1 (
b0 &
0$
#15938000
b10 #
b10 '
b10 (
b1 &
0$
#15939000
b11 #
b11 '
b11 (
b10 &
0$
#15940000
b100 #
b100 '
b100 (
b11 &
0$
#15941000
b101 #
b101 '
b101 (
b100 &
0$
#15942000
b110 #
b110 '
b110 (
b101 &
0$
#15943000
b111 #
b111 '
b111 (
b110 &
0$
#15944000
b1000 #
b1000 '
b1000 (
b111 &
0$
#15945000
b1001 #
b1001 '
b1001 (
b1000 &
0$
#15946000
b1010 #
b1010 '
b1010 (
b1001 &
0$
#15947000
b1011 #
b1011 '
b1011 (
b1010 &
0$
#15948000
b1100 #
b1100 '
b1100 (
b1011 &
0$
#15949000
b1101 #
b1101 '
b1101 (
b1100 &
0$
#15950000
b1110 #
b1110 '
b1110 (
b1101 &
0$
#15951000
b1111 #
b1111 '
b1111 (
b1110 &
0$
#15952000
b10000 #
b10000 '
b10000 (
b1111 &
0$
#15953000
b10001 #
b10001 '
b10001 (
b10000 &
0$
#15954000
b10010 #
b10010 '
b10010 (
b10001 &
0$
#15955000
b10011 #
b10011 '
b10011 (
b10010 &
0$
#15956000
b10100 #
b10100 '
b10100 (
b10011 &
0$
#15957000
b10101 #
b10101 '
b10101 (
b10100 &
0$
#15958000
b10110 #
b10110 '
b10110 (
b10101 &
0$
#15959000
b10111 #
b10111 '
b10111 (
b10110 &
0$
#15960000
b11000 #
b11000 '
b11000 (
b10111 &
0$
#15961000
b11001 #
b11001 '
b11001 (
b11000 &
0$
#15962000
b11010 #
b11010 '
b11010 (
b11001 &
0$
#15963000
b11011 #
b11011 '
b11011 (
b11010 &
0$
#15964000
b11100 #
b11100 '
b11100 (
b11011 &
0$
#15965000
b11101 #
b11101 '
b11101 (
b11100 &
0$
#15966000
b11110 #
b11110 '
b11110 (
b11101 &
0$
#15967000
b11111 #
b11111 '
b11111 (
b11110 &
0$
#15968000
b0 #
b0 '
b0 (
b11111 &
0$
#15969000
b1 #
b1 '
b1 (
b0 &
0$
#15970000
b10 #
b10 '
b10 (
b1 &
0$
#15971000
b11 #
b11 '
b11 (
b10 &
0$
#15972000
b100 #
b100 '
b100 (
b11 &
0$
#15973000
b101 #
b101 '
b101 (
b100 &
0$
#15974000
b110 #
b110 '
b110 (
b101 &
0$
#15975000
b111 #
b111 '
b111 (
b110 &
0$
#15976000
b1000 #
b1000 '
b1000 (
b111 &
0$
#15977000
b1001 #
b1001 '
b1001 (
b1000 &
0$
#15978000
b1010 #
b1010 '
b1010 (
b1001 &
0$
#15979000
b1011 #
b1011 '
b1011 (
b1010 &
0$
#15980000
b1100 #
b1100 '
b1100 (
b1011 &
0$
#15981000
b1101 #
b1101 '
b1101 (
b1100 &
0$
#15982000
b1110 #
b1110 '
b1110 (
b1101 &
0$
#15983000
b1111 #
b1111 '
b1111 (
b1110 &
0$
#15984000
b10000 #
b10000 '
b10000 (
b1111 &
0$
#15985000
b10001 #
b10001 '
b10001 (
b10000 &
0$
#15986000
b10010 #
b10010 '
b10010 (
b10001 &
0$
#15987000
b10011 #
b10011 '
b10011 (
b10010 &
0$
#15988000
b10100 #
b10100 '
b10100 (
b10011 &
0$
#15989000
b10101 #
b10101 '
b10101 (
b10100 &
0$
#15990000
b10110 #
b10110 '
b10110 (
b10101 &
0$
#15991000
b10111 #
b10111 '
b10111 (
b10110 &
0$
#15992000
b11000 #
b11000 '
b11000 (
b10111 &
0$
#15993000
b11001 #
b11001 '
b11001 (
b11000 &
0$
#15994000
b11010 #
b11010 '
b11010 (
b11001 &
0$
#15995000
b11011 #
b11011 '
b11011 (
b11010 &
0$
#15996000
b11100 #
b11100 '
b11100 (
b11011 &
0$
#15997000
b11101 #
b11101 '
b11101 (
b11100 &
0$
#15998000
b11110 #
b11110 '
b11110 (
b11101 &
0$
#15999000
b11111 #
b11111 '
b11111 (
b11110 &
0$
#16000000
b0 #
b0 '
b0 (
b11111 &
0$
#16001000
b1 #
b1 '
b1 (
b0 &
0$
#16002000
b10 #
b10 '
b10 (
b1 &
0$
#16003000
b11 #
b11 '
b11 (
b10 &
0$
#16004000
b100 #
b100 '
b100 (
b11 &
0$
#16005000
b101 #
b101 '
b101 (
b100 &
0$
#16006000
b110 #
b110 '
b110 (
b101 &
0$
#16007000
b111 #
b111 '
b111 (
b110 &
0$
#16008000
b1000 #
b1000 '
b1000 (
b111 &
0$
#16009000
b1001 #
b1001 '
b1001 (
b1000 &
0$
#16010000
b1010 #
b1010 '
b1010 (
b1001 &
0$
#16011000
b1011 #
b1011 '
b1011 (
b1010 &
0$
#16012000
b1100 #
b1100 '
b1100 (
b1011 &
0$
#16013000
b1101 #
b1101 '
b1101 (
b1100 &
0$
#16014000
b1110 #
b1110 '
b1110 (
b1101 &
0$
#16015000
b1111 #
b1111 '
b1111 (
b1110 &
0$
#16016000
b10000 #
b10000 '
b10000 (
b1111 &
0$
#16017000
b10001 #
b10001 '
b10001 (
b10000 &
0$
#16018000
b10010 #
b10010 '
b10010 (
b10001 &
0$
#16019000
b10011 #
b10011 '
b10011 (
b10010 &
0$
#16020000
b10100 #
b10100 '
b10100 (
b10011 &
0$
#16021000
b10101 #
b10101 '
b10101 (
b10100 &
0$
#16022000
b10110 #
b10110 '
b10110 (
b10101 &
0$
#16023000
b10111 #
b10111 '
b10111 (
b10110 &
0$
#16024000
b11000 #
b11000 '
b11000 (
b10111 &
0$
#16025000
b11001 #
b11001 '
b11001 (
b11000 &
0$
#16026000
b11010 #
b11010 '
b11010 (
b11001 &
0$
#16027000
b11011 #
b11011 '
b11011 (
b11010 &
0$
#16028000
b11100 #
b11100 '
b11100 (
b11011 &
0$
#16029000
b11101 #
b11101 '
b11101 (
b11100 &
0$
#16030000
b11110 #
b11110 '
b11110 (
b11101 &
0$
#16031000
b11111 #
b11111 '
b11111 (
b11110 &
0$
#16032000
b0 #
b0 '
b0 (
b11111 &
0$
#16033000
b1 #
b1 '
b1 (
b0 &
0$
#16034000
b10 #
b10 '
b10 (
b1 &
0$
#16035000
b11 #
b11 '
b11 (
b10 &
0$
#16036000
b100 #
b100 '
b100 (
b11 &
0$
#16037000
b101 #
b101 '
b101 (
b100 &
0$
#16038000
b110 #
b110 '
b110 (
b101 &
0$
#16039000
b111 #
b111 '
b111 (
b110 &
0$
#16040000
b1000 #
b1000 '
b1000 (
b111 &
0$
#16041000
b1001 #
b1001 '
b1001 (
b1000 &
0$
#16042000
b1010 #
b1010 '
b1010 (
b1001 &
0$
#16043000
b1011 #
b1011 '
b1011 (
b1010 &
0$
#16044000
b1100 #
b1100 '
b1100 (
b1011 &
0$
#16045000
b1101 #
b1101 '
b1101 (
b1100 &
0$
#16046000
b1110 #
b1110 '
b1110 (
b1101 &
0$
#16047000
b1111 #
b1111 '
b1111 (
b1110 &
0$
#16048000
b10000 #
b10000 '
b10000 (
b1111 &
0$
#16049000
b10001 #
b10001 '
b10001 (
b10000 &
0$
#16050000
b10010 #
b10010 '
b10010 (
b10001 &
0$
#16051000
b10011 #
b10011 '
b10011 (
b10010 &
0$
#16052000
b10100 #
b10100 '
b10100 (
b10011 &
0$
#16053000
b10101 #
b10101 '
b10101 (
b10100 &
0$
#16054000
b10110 #
b10110 '
b10110 (
b10101 &
0$
#16055000
b10111 #
b10111 '
b10111 (
b10110 &
0$
#16056000
b11000 #
b11000 '
b11000 (
b10111 &
0$
#16057000
b11001 #
b11001 '
b11001 (
b11000 &
0$
#16058000
b11010 #
b11010 '
b11010 (
b11001 &
0$
#16059000
b11011 #
b11011 '
b11011 (
b11010 &
0$
#16060000
b11100 #
b11100 '
b11100 (
b11011 &
0$
#16061000
b11101 #
b11101 '
b11101 (
b11100 &
0$
#16062000
b11110 #
b11110 '
b11110 (
b11101 &
0$
#16063000
b11111 #
b11111 '
b11111 (
b11110 &
0$
#16064000
b0 #
b0 '
b0 (
b11111 &
0$
#16065000
b1 #
b1 '
b1 (
b0 &
0$
#16066000
b10 #
b10 '
b10 (
b1 &
0$
#16067000
b11 #
b11 '
b11 (
b10 &
0$
#16068000
b100 #
b100 '
b100 (
b11 &
0$
#16069000
b101 #
b101 '
b101 (
b100 &
0$
#16070000
b110 #
b110 '
b110 (
b101 &
0$
#16071000
b111 #
b111 '
b111 (
b110 &
0$
#16072000
b1000 #
b1000 '
b1000 (
b111 &
0$
#16073000
b1001 #
b1001 '
b1001 (
b1000 &
0$
#16074000
b1010 #
b1010 '
b1010 (
b1001 &
0$
#16075000
b1011 #
b1011 '
b1011 (
b1010 &
0$
#16076000
b1100 #
b1100 '
b1100 (
b1011 &
0$
#16077000
b1101 #
b1101 '
b1101 (
b1100 &
0$
#16078000
b1110 #
b1110 '
b1110 (
b1101 &
0$
#16079000
b1111 #
b1111 '
b1111 (
b1110 &
0$
#16080000
b10000 #
b10000 '
b10000 (
b1111 &
0$
#16081000
b10001 #
b10001 '
b10001 (
b10000 &
0$
#16082000
b10010 #
b10010 '
b10010 (
b10001 &
0$
#16083000
b10011 #
b10011 '
b10011 (
b10010 &
0$
#16084000
b10100 #
b10100 '
b10100 (
b10011 &
0$
#16085000
b10101 #
b10101 '
b10101 (
b10100 &
0$
#16086000
b10110 #
b10110 '
b10110 (
b10101 &
0$
#16087000
b10111 #
b10111 '
b10111 (
b10110 &
0$
#16088000
b11000 #
b11000 '
b11000 (
b10111 &
0$
#16089000
b11001 #
b11001 '
b11001 (
b11000 &
0$
#16090000
b11010 #
b11010 '
b11010 (
b11001 &
0$
#16091000
b11011 #
b11011 '
b11011 (
b11010 &
0$
#16092000
b11100 #
b11100 '
b11100 (
b11011 &
0$
#16093000
b11101 #
b11101 '
b11101 (
b11100 &
0$
#16094000
b11110 #
b11110 '
b11110 (
b11101 &
0$
#16095000
b11111 #
b11111 '
b11111 (
b11110 &
0$
#16096000
b0 #
b0 '
b0 (
b11111 &
0$
#16097000
b1 #
b1 '
b1 (
b0 &
0$
#16098000
b10 #
b10 '
b10 (
b1 &
0$
#16099000
b11 #
b11 '
b11 (
b10 &
0$
#16100000
b100 #
b100 '
b100 (
b11 &
0$
#16101000
b101 #
b101 '
b101 (
b100 &
0$
#16102000
b110 #
b110 '
b110 (
b101 &
0$
#16103000
b111 #
b111 '
b111 (
b110 &
0$
#16104000
b1000 #
b1000 '
b1000 (
b111 &
0$
#16105000
b1001 #
b1001 '
b1001 (
b1000 &
0$
#16106000
b1010 #
b1010 '
b1010 (
b1001 &
0$
#16107000
b1011 #
b1011 '
b1011 (
b1010 &
0$
#16108000
b1100 #
b1100 '
b1100 (
b1011 &
0$
#16109000
b1101 #
b1101 '
b1101 (
b1100 &
0$
#16110000
b1110 #
b1110 '
b1110 (
b1101 &
0$
#16111000
b1111 #
b1111 '
b1111 (
b1110 &
0$
#16112000
b10000 #
b10000 '
b10000 (
b1111 &
0$
#16113000
b10001 #
b10001 '
b10001 (
b10000 &
0$
#16114000
b10010 #
b10010 '
b10010 (
b10001 &
0$
#16115000
b10011 #
b10011 '
b10011 (
b10010 &
0$
#16116000
b10100 #
b10100 '
b10100 (
b10011 &
0$
#16117000
b10101 #
b10101 '
b10101 (
b10100 &
0$
#16118000
b10110 #
b10110 '
b10110 (
b10101 &
0$
#16119000
b10111 #
b10111 '
b10111 (
b10110 &
0$
#16120000
b11000 #
b11000 '
b11000 (
b10111 &
0$
#16121000
b11001 #
b11001 '
b11001 (
b11000 &
0$
#16122000
b11010 #
b11010 '
b11010 (
b11001 &
0$
#16123000
b11011 #
b11011 '
b11011 (
b11010 &
0$
#16124000
b11100 #
b11100 '
b11100 (
b11011 &
0$
#16125000
b11101 #
b11101 '
b11101 (
b11100 &
0$
#16126000
b11110 #
b11110 '
b11110 (
b11101 &
0$
#16127000
b11111 #
b11111 '
b11111 (
b11110 &
0$
#16128000
b0 #
b0 '
b0 (
b11111 &
0$
#16129000
b1 #
b1 '
b1 (
b0 &
0$
#16130000
b10 #
b10 '
b10 (
b1 &
0$
#16131000
b11 #
b11 '
b11 (
b10 &
0$
#16132000
b100 #
b100 '
b100 (
b11 &
0$
#16133000
b101 #
b101 '
b101 (
b100 &
0$
#16134000
b110 #
b110 '
b110 (
b101 &
0$
#16135000
b111 #
b111 '
b111 (
b110 &
0$
#16136000
b1000 #
b1000 '
b1000 (
b111 &
0$
#16137000
b1001 #
b1001 '
b1001 (
b1000 &
0$
#16138000
b1010 #
b1010 '
b1010 (
b1001 &
0$
#16139000
b1011 #
b1011 '
b1011 (
b1010 &
0$
#16140000
b1100 #
b1100 '
b1100 (
b1011 &
0$
#16141000
b1101 #
b1101 '
b1101 (
b1100 &
0$
#16142000
b1110 #
b1110 '
b1110 (
b1101 &
0$
#16143000
b1111 #
b1111 '
b1111 (
b1110 &
0$
#16144000
b10000 #
b10000 '
b10000 (
b1111 &
0$
#16145000
b10001 #
b10001 '
b10001 (
b10000 &
0$
#16146000
b10010 #
b10010 '
b10010 (
b10001 &
0$
#16147000
b10011 #
b10011 '
b10011 (
b10010 &
0$
#16148000
b10100 #
b10100 '
b10100 (
b10011 &
0$
#16149000
b10101 #
b10101 '
b10101 (
b10100 &
0$
#16150000
b10110 #
b10110 '
b10110 (
b10101 &
0$
#16151000
b10111 #
b10111 '
b10111 (
b10110 &
0$
#16152000
b11000 #
b11000 '
b11000 (
b10111 &
0$
#16153000
b11001 #
b11001 '
b11001 (
b11000 &
0$
#16154000
b11010 #
b11010 '
b11010 (
b11001 &
0$
#16155000
b11011 #
b11011 '
b11011 (
b11010 &
0$
#16156000
b11100 #
b11100 '
b11100 (
b11011 &
0$
#16157000
b11101 #
b11101 '
b11101 (
b11100 &
0$
#16158000
b11110 #
b11110 '
b11110 (
b11101 &
0$
#16159000
b11111 #
b11111 '
b11111 (
b11110 &
0$
#16160000
b0 #
b0 '
b0 (
b11111 &
0$
#16161000
b1 #
b1 '
b1 (
b0 &
0$
#16162000
b10 #
b10 '
b10 (
b1 &
0$
#16163000
b11 #
b11 '
b11 (
b10 &
0$
#16164000
b100 #
b100 '
b100 (
b11 &
0$
#16165000
b101 #
b101 '
b101 (
b100 &
0$
#16166000
b110 #
b110 '
b110 (
b101 &
0$
#16167000
b111 #
b111 '
b111 (
b110 &
0$
#16168000
b1000 #
b1000 '
b1000 (
b111 &
0$
#16169000
b1001 #
b1001 '
b1001 (
b1000 &
0$
#16170000
b1010 #
b1010 '
b1010 (
b1001 &
0$
#16171000
b1011 #
b1011 '
b1011 (
b1010 &
0$
#16172000
b1100 #
b1100 '
b1100 (
b1011 &
0$
#16173000
b1101 #
b1101 '
b1101 (
b1100 &
0$
#16174000
b1110 #
b1110 '
b1110 (
b1101 &
0$
#16175000
b1111 #
b1111 '
b1111 (
b1110 &
0$
#16176000
b10000 #
b10000 '
b10000 (
b1111 &
0$
#16177000
b10001 #
b10001 '
b10001 (
b10000 &
0$
#16178000
b10010 #
b10010 '
b10010 (
b10001 &
0$
#16179000
b10011 #
b10011 '
b10011 (
b10010 &
0$
#16180000
b10100 #
b10100 '
b10100 (
b10011 &
0$
#16181000
b10101 #
b10101 '
b10101 (
b10100 &
0$
#16182000
b10110 #
b10110 '
b10110 (
b10101 &
0$
#16183000
b10111 #
b10111 '
b10111 (
b10110 &
0$
#16184000
b11000 #
b11000 '
b11000 (
b10111 &
0$
#16185000
b11001 #
b11001 '
b11001 (
b11000 &
0$
#16186000
b11010 #
b11010 '
b11010 (
b11001 &
0$
#16187000
b11011 #
b11011 '
b11011 (
b11010 &
0$
#16188000
b11100 #
b11100 '
b11100 (
b11011 &
0$
#16189000
b11101 #
b11101 '
b11101 (
b11100 &
0$
#16190000
b11110 #
b11110 '
b11110 (
b11101 &
0$
#16191000
b11111 #
b11111 '
b11111 (
b11110 &
0$
#16192000
b0 #
b0 '
b0 (
b11111 &
0$
#16193000
b1 #
b1 '
b1 (
b0 &
0$
#16194000
b10 #
b10 '
b10 (
b1 &
0$
#16195000
b11 #
b11 '
b11 (
b10 &
0$
#16196000
b100 #
b100 '
b100 (
b11 &
0$
#16197000
b101 #
b101 '
b101 (
b100 &
0$
#16198000
b110 #
b110 '
b110 (
b101 &
0$
#16199000
b111 #
b111 '
b111 (
b110 &
0$
#16200000
b1000 #
b1000 '
b1000 (
b111 &
0$
#16201000
b1001 #
b1001 '
b1001 (
b1000 &
0$
#16202000
b1010 #
b1010 '
b1010 (
b1001 &
0$
#16203000
b1011 #
b1011 '
b1011 (
b1010 &
0$
#16204000
b1100 #
b1100 '
b1100 (
b1011 &
0$
#16205000
b1101 #
b1101 '
b1101 (
b1100 &
0$
#16206000
b1110 #
b1110 '
b1110 (
b1101 &
0$
#16207000
b1111 #
b1111 '
b1111 (
b1110 &
0$
#16208000
b10000 #
b10000 '
b10000 (
b1111 &
0$
#16209000
b10001 #
b10001 '
b10001 (
b10000 &
0$
#16210000
b10010 #
b10010 '
b10010 (
b10001 &
0$
#16211000
b10011 #
b10011 '
b10011 (
b10010 &
0$
#16212000
b10100 #
b10100 '
b10100 (
b10011 &
0$
#16213000
b10101 #
b10101 '
b10101 (
b10100 &
0$
#16214000
b10110 #
b10110 '
b10110 (
b10101 &
0$
#16215000
b10111 #
b10111 '
b10111 (
b10110 &
0$
#16216000
b11000 #
b11000 '
b11000 (
b10111 &
0$
#16217000
b11001 #
b11001 '
b11001 (
b11000 &
0$
#16218000
b11010 #
b11010 '
b11010 (
b11001 &
0$
#16219000
b11011 #
b11011 '
b11011 (
b11010 &
0$
#16220000
b11100 #
b11100 '
b11100 (
b11011 &
0$
#16221000
b11101 #
b11101 '
b11101 (
b11100 &
0$
#16222000
b11110 #
b11110 '
b11110 (
b11101 &
0$
#16223000
b11111 #
b11111 '
b11111 (
b11110 &
0$
#16224000
b0 #
b0 '
b0 (
b11111 &
0$
#16225000
b1 #
b1 '
b1 (
b0 &
0$
#16226000
b10 #
b10 '
b10 (
b1 &
0$
#16227000
b11 #
b11 '
b11 (
b10 &
0$
#16228000
b100 #
b100 '
b100 (
b11 &
0$
#16229000
b101 #
b101 '
b101 (
b100 &
0$
#16230000
b110 #
b110 '
b110 (
b101 &
0$
#16231000
b111 #
b111 '
b111 (
b110 &
0$
#16232000
b1000 #
b1000 '
b1000 (
b111 &
0$
#16233000
b1001 #
b1001 '
b1001 (
b1000 &
0$
#16234000
b1010 #
b1010 '
b1010 (
b1001 &
0$
#16235000
b1011 #
b1011 '
b1011 (
b1010 &
0$
#16236000
b1100 #
b1100 '
b1100 (
b1011 &
0$
#16237000
b1101 #
b1101 '
b1101 (
b1100 &
0$
#16238000
b1110 #
b1110 '
b1110 (
b1101 &
0$
#16239000
b1111 #
b1111 '
b1111 (
b1110 &
0$
#16240000
b10000 #
b10000 '
b10000 (
b1111 &
0$
#16241000
b10001 #
b10001 '
b10001 (
b10000 &
0$
#16242000
b10010 #
b10010 '
b10010 (
b10001 &
0$
#16243000
b10011 #
b10011 '
b10011 (
b10010 &
0$
#16244000
b10100 #
b10100 '
b10100 (
b10011 &
0$
#16245000
b10101 #
b10101 '
b10101 (
b10100 &
0$
#16246000
b10110 #
b10110 '
b10110 (
b10101 &
0$
#16247000
b10111 #
b10111 '
b10111 (
b10110 &
0$
#16248000
b11000 #
b11000 '
b11000 (
b10111 &
0$
#16249000
b11001 #
b11001 '
b11001 (
b11000 &
0$
#16250000
b11010 #
b11010 '
b11010 (
b11001 &
0$
#16251000
b11011 #
b11011 '
b11011 (
b11010 &
0$
#16252000
b11100 #
b11100 '
b11100 (
b11011 &
0$
#16253000
b11101 #
b11101 '
b11101 (
b11100 &
0$
#16254000
b11110 #
b11110 '
b11110 (
b11101 &
0$
#16255000
b11111 #
b11111 '
b11111 (
b11110 &
0$
#16256000
b0 #
b0 '
b0 (
b11111 &
0$
#16257000
b1 #
b1 '
b1 (
b0 &
0$
#16258000
b10 #
b10 '
b10 (
b1 &
0$
#16259000
b11 #
b11 '
b11 (
b10 &
0$
#16260000
b100 #
b100 '
b100 (
b11 &
0$
#16261000
b101 #
b101 '
b101 (
b100 &
0$
#16262000
b110 #
b110 '
b110 (
b101 &
0$
#16263000
b111 #
b111 '
b111 (
b110 &
0$
#16264000
b1000 #
b1000 '
b1000 (
b111 &
0$
#16265000
b1001 #
b1001 '
b1001 (
b1000 &
0$
#16266000
b1010 #
b1010 '
b1010 (
b1001 &
0$
#16267000
b1011 #
b1011 '
b1011 (
b1010 &
0$
#16268000
b1100 #
b1100 '
b1100 (
b1011 &
0$
#16269000
b1101 #
b1101 '
b1101 (
b1100 &
0$
#16270000
b1110 #
b1110 '
b1110 (
b1101 &
0$
#16271000
b1111 #
b1111 '
b1111 (
b1110 &
0$
#16272000
b10000 #
b10000 '
b10000 (
b1111 &
0$
#16273000
b10001 #
b10001 '
b10001 (
b10000 &
0$
#16274000
b10010 #
b10010 '
b10010 (
b10001 &
0$
#16275000
b10011 #
b10011 '
b10011 (
b10010 &
0$
#16276000
b10100 #
b10100 '
b10100 (
b10011 &
0$
#16277000
b10101 #
b10101 '
b10101 (
b10100 &
0$
#16278000
b10110 #
b10110 '
b10110 (
b10101 &
0$
#16279000
b10111 #
b10111 '
b10111 (
b10110 &
0$
#16280000
b11000 #
b11000 '
b11000 (
b10111 &
0$
#16281000
b11001 #
b11001 '
b11001 (
b11000 &
0$
#16282000
b11010 #
b11010 '
b11010 (
b11001 &
0$
#16283000
b11011 #
b11011 '
b11011 (
b11010 &
0$
#16284000
b11100 #
b11100 '
b11100 (
b11011 &
0$
#16285000
b11101 #
b11101 '
b11101 (
b11100 &
0$
#16286000
b11110 #
b11110 '
b11110 (
b11101 &
0$
#16287000
b11111 #
b11111 '
b11111 (
b11110 &
0$
#16288000
b0 #
b0 '
b0 (
b11111 &
0$
#16289000
b1 #
b1 '
b1 (
b0 &
0$
#16290000
b10 #
b10 '
b10 (
b1 &
0$
#16291000
b11 #
b11 '
b11 (
b10 &
0$
#16292000
b100 #
b100 '
b100 (
b11 &
0$
#16293000
b101 #
b101 '
b101 (
b100 &
0$
#16294000
b110 #
b110 '
b110 (
b101 &
0$
#16295000
b111 #
b111 '
b111 (
b110 &
0$
#16296000
b1000 #
b1000 '
b1000 (
b111 &
0$
#16297000
b1001 #
b1001 '
b1001 (
b1000 &
0$
#16298000
b1010 #
b1010 '
b1010 (
b1001 &
0$
#16299000
b1011 #
b1011 '
b1011 (
b1010 &
0$
#16300000
b1100 #
b1100 '
b1100 (
b1011 &
0$
#16301000
b1101 #
b1101 '
b1101 (
b1100 &
0$
#16302000
b1110 #
b1110 '
b1110 (
b1101 &
0$
#16303000
b1111 #
b1111 '
b1111 (
b1110 &
0$
#16304000
b10000 #
b10000 '
b10000 (
b1111 &
0$
#16305000
b10001 #
b10001 '
b10001 (
b10000 &
0$
#16306000
b10010 #
b10010 '
b10010 (
b10001 &
0$
#16307000
b10011 #
b10011 '
b10011 (
b10010 &
0$
#16308000
b10100 #
b10100 '
b10100 (
b10011 &
0$
#16309000
b10101 #
b10101 '
b10101 (
b10100 &
0$
#16310000
b10110 #
b10110 '
b10110 (
b10101 &
0$
#16311000
b10111 #
b10111 '
b10111 (
b10110 &
0$
#16312000
b11000 #
b11000 '
b11000 (
b10111 &
0$
#16313000
b11001 #
b11001 '
b11001 (
b11000 &
0$
#16314000
b11010 #
b11010 '
b11010 (
b11001 &
0$
#16315000
b11011 #
b11011 '
b11011 (
b11010 &
0$
#16316000
b11100 #
b11100 '
b11100 (
b11011 &
0$
#16317000
b11101 #
b11101 '
b11101 (
b11100 &
0$
#16318000
b11110 #
b11110 '
b11110 (
b11101 &
0$
#16319000
b11111 #
b11111 '
b11111 (
b11110 &
0$
#16320000
b0 #
b0 '
b0 (
b11111 &
0$
#16321000
b1 #
b1 '
b1 (
b0 &
0$
#16322000
b10 #
b10 '
b10 (
b1 &
0$
#16323000
b11 #
b11 '
b11 (
b10 &
0$
#16324000
b100 #
b100 '
b100 (
b11 &
0$
#16325000
b101 #
b101 '
b101 (
b100 &
0$
#16326000
b110 #
b110 '
b110 (
b101 &
0$
#16327000
b111 #
b111 '
b111 (
b110 &
0$
#16328000
b1000 #
b1000 '
b1000 (
b111 &
0$
#16329000
b1001 #
b1001 '
b1001 (
b1000 &
0$
#16330000
b1010 #
b1010 '
b1010 (
b1001 &
0$
#16331000
b1011 #
b1011 '
b1011 (
b1010 &
0$
#16332000
b1100 #
b1100 '
b1100 (
b1011 &
0$
#16333000
b1101 #
b1101 '
b1101 (
b1100 &
0$
#16334000
b1110 #
b1110 '
b1110 (
b1101 &
0$
#16335000
b1111 #
b1111 '
b1111 (
b1110 &
0$
#16336000
b10000 #
b10000 '
b10000 (
b1111 &
0$
#16337000
b10001 #
b10001 '
b10001 (
b10000 &
0$
#16338000
b10010 #
b10010 '
b10010 (
b10001 &
0$
#16339000
b10011 #
b10011 '
b10011 (
b10010 &
0$
#16340000
b10100 #
b10100 '
b10100 (
b10011 &
0$
#16341000
b10101 #
b10101 '
b10101 (
b10100 &
0$
#16342000
b10110 #
b10110 '
b10110 (
b10101 &
0$
#16343000
b10111 #
b10111 '
b10111 (
b10110 &
0$
#16344000
b11000 #
b11000 '
b11000 (
b10111 &
0$
#16345000
b11001 #
b11001 '
b11001 (
b11000 &
0$
#16346000
b11010 #
b11010 '
b11010 (
b11001 &
0$
#16347000
b11011 #
b11011 '
b11011 (
b11010 &
0$
#16348000
b11100 #
b11100 '
b11100 (
b11011 &
0$
#16349000
b11101 #
b11101 '
b11101 (
b11100 &
0$
#16350000
b11110 #
b11110 '
b11110 (
b11101 &
0$
#16351000
b11111 #
b11111 '
b11111 (
b11110 &
0$
#16352000
b0 #
b0 '
b0 (
b11111 &
0$
#16353000
b1 #
b1 '
b1 (
b0 &
0$
#16354000
b10 #
b10 '
b10 (
b1 &
0$
#16355000
b11 #
b11 '
b11 (
b10 &
0$
#16356000
b100 #
b100 '
b100 (
b11 &
0$
#16357000
b101 #
b101 '
b101 (
b100 &
0$
#16358000
b110 #
b110 '
b110 (
b101 &
0$
#16359000
b111 #
b111 '
b111 (
b110 &
0$
#16360000
b1000 #
b1000 '
b1000 (
b111 &
0$
#16361000
b1001 #
b1001 '
b1001 (
b1000 &
0$
#16362000
b1010 #
b1010 '
b1010 (
b1001 &
0$
#16363000
b1011 #
b1011 '
b1011 (
b1010 &
0$
#16364000
b1100 #
b1100 '
b1100 (
b1011 &
0$
#16365000
b1101 #
b1101 '
b1101 (
b1100 &
0$
#16366000
b1110 #
b1110 '
b1110 (
b1101 &
0$
#16367000
b1111 #
b1111 '
b1111 (
b1110 &
0$
#16368000
b10000 #
b10000 '
b10000 (
b1111 &
0$
#16369000
b10001 #
b10001 '
b10001 (
b10000 &
0$
#16370000
b10010 #
b10010 '
b10010 (
b10001 &
0$
#16371000
b10011 #
b10011 '
b10011 (
b10010 &
0$
#16372000
b10100 #
b10100 '
b10100 (
b10011 &
0$
#16373000
b10101 #
b10101 '
b10101 (
b10100 &
0$
#16374000
b10110 #
b10110 '
b10110 (
b10101 &
0$
#16375000
b10111 #
b10111 '
b10111 (
b10110 &
0$
#16376000
b11000 #
b11000 '
b11000 (
b10111 &
0$
#16377000
b11001 #
b11001 '
b11001 (
b11000 &
0$
#16378000
b11010 #
b11010 '
b11010 (
b11001 &
0$
#16379000
b11011 #
b11011 '
b11011 (
b11010 &
0$
#16380000
b11100 #
b11100 '
b11100 (
b11011 &
0$
#16381000
b11101 #
b11101 '
b11101 (
b11100 &
0$
#16382000
b11110 #
b11110 '
b11110 (
b11101 &
0$
#16383000
b11111 #
b11111 '
b11111 (
b11110 &
0$
#16384000
b0 #
b0 '
b0 (
b11111 &
0$
#16385000
b1 #
b1 '
b1 (
b0 &
0$
#16386000
b10 #
b10 '
b10 (
b1 &
0$
#16387000
b11 #
b11 '
b11 (
b10 &
0$
#16388000
b100 #
b100 '
b100 (
b11 &
0$
#16389000
b101 #
b101 '
b101 (
b100 &
0$
#16390000
b110 #
b110 '
b110 (
b101 &
0$
#16391000
b111 #
b111 '
b111 (
b110 &
0$
#16392000
b1000 #
b1000 '
b1000 (
b111 &
0$
#16393000
b1001 #
b1001 '
b1001 (
b1000 &
0$
#16394000
b1010 #
b1010 '
b1010 (
b1001 &
0$
#16395000
b1011 #
b1011 '
b1011 (
b1010 &
0$
#16396000
b1100 #
b1100 '
b1100 (
b1011 &
0$
#16397000
b1101 #
b1101 '
b1101 (
b1100 &
0$
#16398000
b1110 #
b1110 '
b1110 (
b1101 &
0$
#16399000
b1111 #
b1111 '
b1111 (
b1110 &
0$
#16400000
b10000 #
b10000 '
b10000 (
b1111 &
0$
#16401000
b10001 #
b10001 '
b10001 (
b10000 &
0$
#16402000
b10010 #
b10010 '
b10010 (
b10001 &
0$
#16403000
b10011 #
b10011 '
b10011 (
b10010 &
0$
#16404000
b10100 #
b10100 '
b10100 (
b10011 &
0$
#16405000
b10101 #
b10101 '
b10101 (
b10100 &
0$
#16406000
b10110 #
b10110 '
b10110 (
b10101 &
0$
#16407000
b10111 #
b10111 '
b10111 (
b10110 &
0$
#16408000
b11000 #
b11000 '
b11000 (
b10111 &
0$
#16409000
b11001 #
b11001 '
b11001 (
b11000 &
0$
#16410000
b11010 #
b11010 '
b11010 (
b11001 &
0$
#16411000
b11011 #
b11011 '
b11011 (
b11010 &
0$
#16412000
b11100 #
b11100 '
b11100 (
b11011 &
0$
#16413000
b11101 #
b11101 '
b11101 (
b11100 &
0$
#16414000
b11110 #
b11110 '
b11110 (
b11101 &
0$
#16415000
b11111 #
b11111 '
b11111 (
b11110 &
0$
#16416000
b0 #
b0 '
b0 (
b11111 &
0$
#16417000
b1 #
b1 '
b1 (
b0 &
0$
#16418000
b10 #
b10 '
b10 (
b1 &
0$
#16419000
b11 #
b11 '
b11 (
b10 &
0$
#16420000
b100 #
b100 '
b100 (
b11 &
0$
#16421000
b101 #
b101 '
b101 (
b100 &
0$
#16422000
b110 #
b110 '
b110 (
b101 &
0$
#16423000
b111 #
b111 '
b111 (
b110 &
0$
#16424000
b1000 #
b1000 '
b1000 (
b111 &
0$
#16425000
b1001 #
b1001 '
b1001 (
b1000 &
0$
#16426000
b1010 #
b1010 '
b1010 (
b1001 &
0$
#16427000
b1011 #
b1011 '
b1011 (
b1010 &
0$
#16428000
b1100 #
b1100 '
b1100 (
b1011 &
0$
#16429000
b1101 #
b1101 '
b1101 (
b1100 &
0$
#16430000
b1110 #
b1110 '
b1110 (
b1101 &
0$
#16431000
b1111 #
b1111 '
b1111 (
b1110 &
0$
#16432000
b10000 #
b10000 '
b10000 (
b1111 &
0$
#16433000
b10001 #
b10001 '
b10001 (
b10000 &
0$
#16434000
b10010 #
b10010 '
b10010 (
b10001 &
0$
#16435000
b10011 #
b10011 '
b10011 (
b10010 &
0$
#16436000
b10100 #
b10100 '
b10100 (
b10011 &
0$
#16437000
b10101 #
b10101 '
b10101 (
b10100 &
0$
#16438000
b10110 #
b10110 '
b10110 (
b10101 &
0$
#16439000
b10111 #
b10111 '
b10111 (
b10110 &
0$
#16440000
b11000 #
b11000 '
b11000 (
b10111 &
0$
#16441000
b11001 #
b11001 '
b11001 (
b11000 &
0$
#16442000
b11010 #
b11010 '
b11010 (
b11001 &
0$
#16443000
b11011 #
b11011 '
b11011 (
b11010 &
0$
#16444000
b11100 #
b11100 '
b11100 (
b11011 &
0$
#16445000
b11101 #
b11101 '
b11101 (
b11100 &
0$
#16446000
b11110 #
b11110 '
b11110 (
b11101 &
0$
#16447000
b11111 #
b11111 '
b11111 (
b11110 &
0$
#16448000
b0 #
b0 '
b0 (
b11111 &
0$
#16449000
b1 #
b1 '
b1 (
b0 &
0$
#16450000
b10 #
b10 '
b10 (
b1 &
0$
#16451000
b11 #
b11 '
b11 (
b10 &
0$
#16452000
b100 #
b100 '
b100 (
b11 &
0$
#16453000
b101 #
b101 '
b101 (
b100 &
0$
#16454000
b110 #
b110 '
b110 (
b101 &
0$
#16455000
b111 #
b111 '
b111 (
b110 &
0$
#16456000
b1000 #
b1000 '
b1000 (
b111 &
0$
#16457000
b1001 #
b1001 '
b1001 (
b1000 &
0$
#16458000
b1010 #
b1010 '
b1010 (
b1001 &
0$
#16459000
b1011 #
b1011 '
b1011 (
b1010 &
0$
#16460000
b1100 #
b1100 '
b1100 (
b1011 &
0$
#16461000
b1101 #
b1101 '
b1101 (
b1100 &
0$
#16462000
b1110 #
b1110 '
b1110 (
b1101 &
0$
#16463000
b1111 #
b1111 '
b1111 (
b1110 &
0$
#16464000
b10000 #
b10000 '
b10000 (
b1111 &
0$
#16465000
b10001 #
b10001 '
b10001 (
b10000 &
0$
#16466000
b10010 #
b10010 '
b10010 (
b10001 &
0$
#16467000
b10011 #
b10011 '
b10011 (
b10010 &
0$
#16468000
b10100 #
b10100 '
b10100 (
b10011 &
0$
#16469000
b10101 #
b10101 '
b10101 (
b10100 &
0$
#16470000
b10110 #
b10110 '
b10110 (
b10101 &
0$
#16471000
b10111 #
b10111 '
b10111 (
b10110 &
0$
#16472000
b11000 #
b11000 '
b11000 (
b10111 &
0$
#16473000
b11001 #
b11001 '
b11001 (
b11000 &
0$
#16474000
b11010 #
b11010 '
b11010 (
b11001 &
0$
#16475000
b11011 #
b11011 '
b11011 (
b11010 &
0$
#16476000
b11100 #
b11100 '
b11100 (
b11011 &
0$
#16477000
b11101 #
b11101 '
b11101 (
b11100 &
0$
#16478000
b11110 #
b11110 '
b11110 (
b11101 &
0$
#16479000
b11111 #
b11111 '
b11111 (
b11110 &
0$
#16480000
b0 #
b0 '
b0 (
b11111 &
0$
#16481000
b1 #
b1 '
b1 (
b0 &
0$
#16482000
b10 #
b10 '
b10 (
b1 &
0$
#16483000
b11 #
b11 '
b11 (
b10 &
0$
#16484000
b100 #
b100 '
b100 (
b11 &
0$
#16485000
b101 #
b101 '
b101 (
b100 &
0$
#16486000
b110 #
b110 '
b110 (
b101 &
0$
#16487000
b111 #
b111 '
b111 (
b110 &
0$
#16488000
b1000 #
b1000 '
b1000 (
b111 &
0$
#16489000
b1001 #
b1001 '
b1001 (
b1000 &
0$
#16490000
b1010 #
b1010 '
b1010 (
b1001 &
0$
#16491000
b1011 #
b1011 '
b1011 (
b1010 &
0$
#16492000
b1100 #
b1100 '
b1100 (
b1011 &
0$
#16493000
b1101 #
b1101 '
b1101 (
b1100 &
0$
#16494000
b1110 #
b1110 '
b1110 (
b1101 &
0$
#16495000
b1111 #
b1111 '
b1111 (
b1110 &
0$
#16496000
b10000 #
b10000 '
b10000 (
b1111 &
0$
#16497000
b10001 #
b10001 '
b10001 (
b10000 &
0$
#16498000
b10010 #
b10010 '
b10010 (
b10001 &
0$
#16499000
b10011 #
b10011 '
b10011 (
b10010 &
0$
#16500000
b10100 #
b10100 '
b10100 (
b10011 &
0$
#16501000
b10101 #
b10101 '
b10101 (
b10100 &
0$
#16502000
b10110 #
b10110 '
b10110 (
b10101 &
0$
#16503000
b10111 #
b10111 '
b10111 (
b10110 &
0$
#16504000
b11000 #
b11000 '
b11000 (
b10111 &
0$
#16505000
b11001 #
b11001 '
b11001 (
b11000 &
0$
#16506000
b11010 #
b11010 '
b11010 (
b11001 &
0$
#16507000
b11011 #
b11011 '
b11011 (
b11010 &
0$
#16508000
b11100 #
b11100 '
b11100 (
b11011 &
0$
#16509000
b11101 #
b11101 '
b11101 (
b11100 &
0$
#16510000
b11110 #
b11110 '
b11110 (
b11101 &
0$
#16511000
b11111 #
b11111 '
b11111 (
b11110 &
0$
#16512000
b0 #
b0 '
b0 (
b11111 &
0$
#16513000
b1 #
b1 '
b1 (
b0 &
0$
#16514000
b10 #
b10 '
b10 (
b1 &
0$
#16515000
b11 #
b11 '
b11 (
b10 &
0$
#16516000
b100 #
b100 '
b100 (
b11 &
0$
#16517000
b101 #
b101 '
b101 (
b100 &
0$
#16518000
b110 #
b110 '
b110 (
b101 &
0$
#16519000
b111 #
b111 '
b111 (
b110 &
0$
#16520000
b1000 #
b1000 '
b1000 (
b111 &
0$
#16521000
b1001 #
b1001 '
b1001 (
b1000 &
0$
#16522000
b1010 #
b1010 '
b1010 (
b1001 &
0$
#16523000
b1011 #
b1011 '
b1011 (
b1010 &
0$
#16524000
b1100 #
b1100 '
b1100 (
b1011 &
0$
#16525000
b1101 #
b1101 '
b1101 (
b1100 &
0$
#16526000
b1110 #
b1110 '
b1110 (
b1101 &
0$
#16527000
b1111 #
b1111 '
b1111 (
b1110 &
0$
#16528000
b10000 #
b10000 '
b10000 (
b1111 &
0$
#16529000
b10001 #
b10001 '
b10001 (
b10000 &
0$
#16530000
b10010 #
b10010 '
b10010 (
b10001 &
0$
#16531000
b10011 #
b10011 '
b10011 (
b10010 &
0$
#16532000
b10100 #
b10100 '
b10100 (
b10011 &
0$
#16533000
b10101 #
b10101 '
b10101 (
b10100 &
0$
#16534000
b10110 #
b10110 '
b10110 (
b10101 &
0$
#16535000
b10111 #
b10111 '
b10111 (
b10110 &
0$
#16536000
b11000 #
b11000 '
b11000 (
b10111 &
0$
#16537000
b11001 #
b11001 '
b11001 (
b11000 &
0$
#16538000
b11010 #
b11010 '
b11010 (
b11001 &
0$
#16539000
b11011 #
b11011 '
b11011 (
b11010 &
0$
#16540000
b11100 #
b11100 '
b11100 (
b11011 &
0$
#16541000
b11101 #
b11101 '
b11101 (
b11100 &
0$
#16542000
b11110 #
b11110 '
b11110 (
b11101 &
0$
#16543000
b11111 #
b11111 '
b11111 (
b11110 &
0$
#16544000
b0 #
b0 '
b0 (
b11111 &
0$
#16545000
b1 #
b1 '
b1 (
b0 &
0$
#16546000
b10 #
b10 '
b10 (
b1 &
0$
#16547000
b11 #
b11 '
b11 (
b10 &
0$
#16548000
b100 #
b100 '
b100 (
b11 &
0$
#16549000
b101 #
b101 '
b101 (
b100 &
0$
#16550000
b110 #
b110 '
b110 (
b101 &
0$
#16551000
b111 #
b111 '
b111 (
b110 &
0$
#16552000
b1000 #
b1000 '
b1000 (
b111 &
0$
#16553000
b1001 #
b1001 '
b1001 (
b1000 &
0$
#16554000
b1010 #
b1010 '
b1010 (
b1001 &
0$
#16555000
b1011 #
b1011 '
b1011 (
b1010 &
0$
#16556000
b1100 #
b1100 '
b1100 (
b1011 &
0$
#16557000
b1101 #
b1101 '
b1101 (
b1100 &
0$
#16558000
b1110 #
b1110 '
b1110 (
b1101 &
0$
#16559000
b1111 #
b1111 '
b1111 (
b1110 &
0$
#16560000
b10000 #
b10000 '
b10000 (
b1111 &
0$
#16561000
b10001 #
b10001 '
b10001 (
b10000 &
0$
#16562000
b10010 #
b10010 '
b10010 (
b10001 &
0$
#16563000
b10011 #
b10011 '
b10011 (
b10010 &
0$
#16564000
b10100 #
b10100 '
b10100 (
b10011 &
0$
#16565000
b10101 #
b10101 '
b10101 (
b10100 &
0$
#16566000
b10110 #
b10110 '
b10110 (
b10101 &
0$
#16567000
b10111 #
b10111 '
b10111 (
b10110 &
0$
#16568000
b11000 #
b11000 '
b11000 (
b10111 &
0$
#16569000
b11001 #
b11001 '
b11001 (
b11000 &
0$
#16570000
b11010 #
b11010 '
b11010 (
b11001 &
0$
#16571000
b11011 #
b11011 '
b11011 (
b11010 &
0$
#16572000
b11100 #
b11100 '
b11100 (
b11011 &
0$
#16573000
b11101 #
b11101 '
b11101 (
b11100 &
0$
#16574000
b11110 #
b11110 '
b11110 (
b11101 &
0$
#16575000
b11111 #
b11111 '
b11111 (
b11110 &
0$
#16576000
b0 #
b0 '
b0 (
b11111 &
0$
#16577000
b1 #
b1 '
b1 (
b0 &
0$
#16578000
b10 #
b10 '
b10 (
b1 &
0$
#16579000
b11 #
b11 '
b11 (
b10 &
0$
#16580000
b100 #
b100 '
b100 (
b11 &
0$
#16581000
b101 #
b101 '
b101 (
b100 &
0$
#16582000
b110 #
b110 '
b110 (
b101 &
0$
#16583000
b111 #
b111 '
b111 (
b110 &
0$
#16584000
b1000 #
b1000 '
b1000 (
b111 &
0$
#16585000
b1001 #
b1001 '
b1001 (
b1000 &
0$
#16586000
b1010 #
b1010 '
b1010 (
b1001 &
0$
#16587000
b1011 #
b1011 '
b1011 (
b1010 &
0$
#16588000
b1100 #
b1100 '
b1100 (
b1011 &
0$
#16589000
b1101 #
b1101 '
b1101 (
b1100 &
0$
#16590000
b1110 #
b1110 '
b1110 (
b1101 &
0$
#16591000
b1111 #
b1111 '
b1111 (
b1110 &
0$
#16592000
b10000 #
b10000 '
b10000 (
b1111 &
0$
#16593000
b10001 #
b10001 '
b10001 (
b10000 &
0$
#16594000
b10010 #
b10010 '
b10010 (
b10001 &
0$
#16595000
b10011 #
b10011 '
b10011 (
b10010 &
0$
#16596000
b10100 #
b10100 '
b10100 (
b10011 &
0$
#16597000
b10101 #
b10101 '
b10101 (
b10100 &
0$
#16598000
b10110 #
b10110 '
b10110 (
b10101 &
0$
#16599000
b10111 #
b10111 '
b10111 (
b10110 &
0$
#16600000
b11000 #
b11000 '
b11000 (
b10111 &
0$
#16601000
b11001 #
b11001 '
b11001 (
b11000 &
0$
#16602000
b11010 #
b11010 '
b11010 (
b11001 &
0$
#16603000
b11011 #
b11011 '
b11011 (
b11010 &
0$
#16604000
b11100 #
b11100 '
b11100 (
b11011 &
0$
#16605000
b11101 #
b11101 '
b11101 (
b11100 &
0$
#16606000
b11110 #
b11110 '
b11110 (
b11101 &
0$
#16607000
b11111 #
b11111 '
b11111 (
b11110 &
0$
#16608000
b0 #
b0 '
b0 (
b11111 &
0$
#16609000
b1 #
b1 '
b1 (
b0 &
0$
#16610000
b10 #
b10 '
b10 (
b1 &
0$
#16611000
b11 #
b11 '
b11 (
b10 &
0$
#16612000
b100 #
b100 '
b100 (
b11 &
0$
#16613000
b101 #
b101 '
b101 (
b100 &
0$
#16614000
b110 #
b110 '
b110 (
b101 &
0$
#16615000
b111 #
b111 '
b111 (
b110 &
0$
#16616000
b1000 #
b1000 '
b1000 (
b111 &
0$
#16617000
b1001 #
b1001 '
b1001 (
b1000 &
0$
#16618000
b1010 #
b1010 '
b1010 (
b1001 &
0$
#16619000
b1011 #
b1011 '
b1011 (
b1010 &
0$
#16620000
b1100 #
b1100 '
b1100 (
b1011 &
0$
#16621000
b1101 #
b1101 '
b1101 (
b1100 &
0$
#16622000
b1110 #
b1110 '
b1110 (
b1101 &
0$
#16623000
b1111 #
b1111 '
b1111 (
b1110 &
0$
#16624000
b10000 #
b10000 '
b10000 (
b1111 &
0$
#16625000
b10001 #
b10001 '
b10001 (
b10000 &
0$
#16626000
b10010 #
b10010 '
b10010 (
b10001 &
0$
#16627000
b10011 #
b10011 '
b10011 (
b10010 &
0$
#16628000
b10100 #
b10100 '
b10100 (
b10011 &
0$
#16629000
b10101 #
b10101 '
b10101 (
b10100 &
0$
#16630000
b10110 #
b10110 '
b10110 (
b10101 &
0$
#16631000
b10111 #
b10111 '
b10111 (
b10110 &
0$
#16632000
b11000 #
b11000 '
b11000 (
b10111 &
0$
#16633000
b11001 #
b11001 '
b11001 (
b11000 &
0$
#16634000
b11010 #
b11010 '
b11010 (
b11001 &
0$
#16635000
b11011 #
b11011 '
b11011 (
b11010 &
0$
#16636000
b11100 #
b11100 '
b11100 (
b11011 &
0$
#16637000
b11101 #
b11101 '
b11101 (
b11100 &
0$
#16638000
b11110 #
b11110 '
b11110 (
b11101 &
0$
#16639000
b11111 #
b11111 '
b11111 (
b11110 &
0$
#16640000
b0 #
b0 '
b0 (
b11111 &
0$
#16641000
b1 #
b1 '
b1 (
b0 &
0$
#16642000
b10 #
b10 '
b10 (
b1 &
0$
#16643000
b11 #
b11 '
b11 (
b10 &
0$
#16644000
b100 #
b100 '
b100 (
b11 &
0$
#16645000
b101 #
b101 '
b101 (
b100 &
0$
#16646000
b110 #
b110 '
b110 (
b101 &
0$
#16647000
b111 #
b111 '
b111 (
b110 &
0$
#16648000
b1000 #
b1000 '
b1000 (
b111 &
0$
#16649000
b1001 #
b1001 '
b1001 (
b1000 &
0$
#16650000
b1010 #
b1010 '
b1010 (
b1001 &
0$
#16651000
b1011 #
b1011 '
b1011 (
b1010 &
0$
#16652000
b1100 #
b1100 '
b1100 (
b1011 &
0$
#16653000
b1101 #
b1101 '
b1101 (
b1100 &
0$
#16654000
b1110 #
b1110 '
b1110 (
b1101 &
0$
#16655000
b1111 #
b1111 '
b1111 (
b1110 &
0$
#16656000
b10000 #
b10000 '
b10000 (
b1111 &
0$
#16657000
b10001 #
b10001 '
b10001 (
b10000 &
0$
#16658000
b10010 #
b10010 '
b10010 (
b10001 &
0$
#16659000
b10011 #
b10011 '
b10011 (
b10010 &
0$
#16660000
b10100 #
b10100 '
b10100 (
b10011 &
0$
#16661000
b10101 #
b10101 '
b10101 (
b10100 &
0$
#16662000
b10110 #
b10110 '
b10110 (
b10101 &
0$
#16663000
b10111 #
b10111 '
b10111 (
b10110 &
0$
#16664000
b11000 #
b11000 '
b11000 (
b10111 &
0$
#16665000
b11001 #
b11001 '
b11001 (
b11000 &
0$
#16666000
b11010 #
b11010 '
b11010 (
b11001 &
0$
#16667000
b11011 #
b11011 '
b11011 (
b11010 &
0$
#16668000
b11100 #
b11100 '
b11100 (
b11011 &
0$
#16669000
b11101 #
b11101 '
b11101 (
b11100 &
0$
#16670000
b11110 #
b11110 '
b11110 (
b11101 &
0$
#16671000
b11111 #
b11111 '
b11111 (
b11110 &
0$
#16672000
b0 #
b0 '
b0 (
b11111 &
0$
#16673000
b1 #
b1 '
b1 (
b0 &
0$
#16674000
b10 #
b10 '
b10 (
b1 &
0$
#16675000
b11 #
b11 '
b11 (
b10 &
0$
#16676000
b100 #
b100 '
b100 (
b11 &
0$
#16677000
b101 #
b101 '
b101 (
b100 &
0$
#16678000
b110 #
b110 '
b110 (
b101 &
0$
#16679000
b111 #
b111 '
b111 (
b110 &
0$
#16680000
b1000 #
b1000 '
b1000 (
b111 &
0$
#16681000
b1001 #
b1001 '
b1001 (
b1000 &
0$
#16682000
b1010 #
b1010 '
b1010 (
b1001 &
0$
#16683000
b1011 #
b1011 '
b1011 (
b1010 &
0$
#16684000
b1100 #
b1100 '
b1100 (
b1011 &
0$
#16685000
b1101 #
b1101 '
b1101 (
b1100 &
0$
#16686000
b1110 #
b1110 '
b1110 (
b1101 &
0$
#16687000
b1111 #
b1111 '
b1111 (
b1110 &
0$
#16688000
b10000 #
b10000 '
b10000 (
b1111 &
0$
#16689000
b10001 #
b10001 '
b10001 (
b10000 &
0$
#16690000
b10010 #
b10010 '
b10010 (
b10001 &
0$
#16691000
b10011 #
b10011 '
b10011 (
b10010 &
0$
#16692000
b10100 #
b10100 '
b10100 (
b10011 &
0$
#16693000
b10101 #
b10101 '
b10101 (
b10100 &
0$
#16694000
b10110 #
b10110 '
b10110 (
b10101 &
0$
#16695000
b10111 #
b10111 '
b10111 (
b10110 &
0$
#16696000
b11000 #
b11000 '
b11000 (
b10111 &
0$
#16697000
b11001 #
b11001 '
b11001 (
b11000 &
0$
#16698000
b11010 #
b11010 '
b11010 (
b11001 &
0$
#16699000
b11011 #
b11011 '
b11011 (
b11010 &
0$
#16700000
b11100 #
b11100 '
b11100 (
b11011 &
0$
#16701000
b11101 #
b11101 '
b11101 (
b11100 &
0$
#16702000
b11110 #
b11110 '
b11110 (
b11101 &
0$
#16703000
b11111 #
b11111 '
b11111 (
b11110 &
0$
#16704000
b0 #
b0 '
b0 (
b11111 &
0$
#16705000
b1 #
b1 '
b1 (
b0 &
0$
#16706000
b10 #
b10 '
b10 (
b1 &
0$
#16707000
b11 #
b11 '
b11 (
b10 &
0$
#16708000
b100 #
b100 '
b100 (
b11 &
0$
#16709000
b101 #
b101 '
b101 (
b100 &
0$
#16710000
b110 #
b110 '
b110 (
b101 &
0$
#16711000
b111 #
b111 '
b111 (
b110 &
0$
#16712000
b1000 #
b1000 '
b1000 (
b111 &
0$
#16713000
b1001 #
b1001 '
b1001 (
b1000 &
0$
#16714000
b1010 #
b1010 '
b1010 (
b1001 &
0$
#16715000
b1011 #
b1011 '
b1011 (
b1010 &
0$
#16716000
b1100 #
b1100 '
b1100 (
b1011 &
0$
#16717000
b1101 #
b1101 '
b1101 (
b1100 &
0$
#16718000
b1110 #
b1110 '
b1110 (
b1101 &
0$
#16719000
b1111 #
b1111 '
b1111 (
b1110 &
0$
#16720000
b10000 #
b10000 '
b10000 (
b1111 &
0$
#16721000
b10001 #
b10001 '
b10001 (
b10000 &
0$
#16722000
b10010 #
b10010 '
b10010 (
b10001 &
0$
#16723000
b10011 #
b10011 '
b10011 (
b10010 &
0$
#16724000
b10100 #
b10100 '
b10100 (
b10011 &
0$
#16725000
b10101 #
b10101 '
b10101 (
b10100 &
0$
#16726000
b10110 #
b10110 '
b10110 (
b10101 &
0$
#16727000
b10111 #
b10111 '
b10111 (
b10110 &
0$
#16728000
b11000 #
b11000 '
b11000 (
b10111 &
0$
#16729000
b11001 #
b11001 '
b11001 (
b11000 &
0$
#16730000
b11010 #
b11010 '
b11010 (
b11001 &
0$
#16731000
b11011 #
b11011 '
b11011 (
b11010 &
0$
#16732000
b11100 #
b11100 '
b11100 (
b11011 &
0$
#16733000
b11101 #
b11101 '
b11101 (
b11100 &
0$
#16734000
b11110 #
b11110 '
b11110 (
b11101 &
0$
#16735000
b11111 #
b11111 '
b11111 (
b11110 &
0$
#16736000
b0 #
b0 '
b0 (
b11111 &
0$
#16737000
b1 #
b1 '
b1 (
b0 &
0$
#16738000
b10 #
b10 '
b10 (
b1 &
0$
#16739000
b11 #
b11 '
b11 (
b10 &
0$
#16740000
b100 #
b100 '
b100 (
b11 &
0$
#16741000
b101 #
b101 '
b101 (
b100 &
0$
#16742000
b110 #
b110 '
b110 (
b101 &
0$
#16743000
b111 #
b111 '
b111 (
b110 &
0$
#16744000
b1000 #
b1000 '
b1000 (
b111 &
0$
#16745000
b1001 #
b1001 '
b1001 (
b1000 &
0$
#16746000
b1010 #
b1010 '
b1010 (
b1001 &
0$
#16747000
b1011 #
b1011 '
b1011 (
b1010 &
0$
#16748000
b1100 #
b1100 '
b1100 (
b1011 &
0$
#16749000
b1101 #
b1101 '
b1101 (
b1100 &
0$
#16750000
b1110 #
b1110 '
b1110 (
b1101 &
0$
#16751000
b1111 #
b1111 '
b1111 (
b1110 &
0$
#16752000
b10000 #
b10000 '
b10000 (
b1111 &
0$
#16753000
b10001 #
b10001 '
b10001 (
b10000 &
0$
#16754000
b10010 #
b10010 '
b10010 (
b10001 &
0$
#16755000
b10011 #
b10011 '
b10011 (
b10010 &
0$
#16756000
b10100 #
b10100 '
b10100 (
b10011 &
0$
#16757000
b10101 #
b10101 '
b10101 (
b10100 &
0$
#16758000
b10110 #
b10110 '
b10110 (
b10101 &
0$
#16759000
b10111 #
b10111 '
b10111 (
b10110 &
0$
#16760000
b11000 #
b11000 '
b11000 (
b10111 &
0$
#16761000
b11001 #
b11001 '
b11001 (
b11000 &
0$
#16762000
b11010 #
b11010 '
b11010 (
b11001 &
0$
#16763000
b11011 #
b11011 '
b11011 (
b11010 &
0$
#16764000
b11100 #
b11100 '
b11100 (
b11011 &
0$
#16765000
b11101 #
b11101 '
b11101 (
b11100 &
0$
#16766000
b11110 #
b11110 '
b11110 (
b11101 &
0$
#16767000
b11111 #
b11111 '
b11111 (
b11110 &
0$
#16768000
b0 #
b0 '
b0 (
b11111 &
0$
#16769000
b1 #
b1 '
b1 (
b0 &
0$
#16770000
b10 #
b10 '
b10 (
b1 &
0$
#16771000
b11 #
b11 '
b11 (
b10 &
0$
#16772000
b100 #
b100 '
b100 (
b11 &
0$
#16773000
b101 #
b101 '
b101 (
b100 &
0$
#16774000
b110 #
b110 '
b110 (
b101 &
0$
#16775000
b111 #
b111 '
b111 (
b110 &
0$
#16776000
b1000 #
b1000 '
b1000 (
b111 &
0$
#16777000
b1001 #
b1001 '
b1001 (
b1000 &
0$
#16778000
b1010 #
b1010 '
b1010 (
b1001 &
0$
#16779000
b1011 #
b1011 '
b1011 (
b1010 &
0$
#16780000
b1100 #
b1100 '
b1100 (
b1011 &
0$
#16781000
b1101 #
b1101 '
b1101 (
b1100 &
0$
#16782000
b1110 #
b1110 '
b1110 (
b1101 &
0$
#16783000
b1111 #
b1111 '
b1111 (
b1110 &
0$
#16784000
b10000 #
b10000 '
b10000 (
b1111 &
0$
#16785000
b10001 #
b10001 '
b10001 (
b10000 &
0$
#16786000
b10010 #
b10010 '
b10010 (
b10001 &
0$
#16787000
b10011 #
b10011 '
b10011 (
b10010 &
0$
#16788000
b10100 #
b10100 '
b10100 (
b10011 &
0$
#16789000
b10101 #
b10101 '
b10101 (
b10100 &
0$
#16790000
b10110 #
b10110 '
b10110 (
b10101 &
0$
#16791000
b10111 #
b10111 '
b10111 (
b10110 &
0$
#16792000
b11000 #
b11000 '
b11000 (
b10111 &
0$
#16793000
b11001 #
b11001 '
b11001 (
b11000 &
0$
#16794000
b11010 #
b11010 '
b11010 (
b11001 &
0$
#16795000
b11011 #
b11011 '
b11011 (
b11010 &
0$
#16796000
b11100 #
b11100 '
b11100 (
b11011 &
0$
#16797000
b11101 #
b11101 '
b11101 (
b11100 &
0$
#16798000
b11110 #
b11110 '
b11110 (
b11101 &
0$
#16799000
b11111 #
b11111 '
b11111 (
b11110 &
0$
#16800000
b0 #
b0 '
b0 (
b11111 &
0$
#16801000
b1 #
b1 '
b1 (
b0 &
0$
#16802000
b10 #
b10 '
b10 (
b1 &
0$
#16803000
b11 #
b11 '
b11 (
b10 &
0$
#16804000
b100 #
b100 '
b100 (
b11 &
0$
#16805000
b101 #
b101 '
b101 (
b100 &
0$
#16806000
b110 #
b110 '
b110 (
b101 &
0$
#16807000
b111 #
b111 '
b111 (
b110 &
0$
#16808000
b1000 #
b1000 '
b1000 (
b111 &
0$
#16809000
b1001 #
b1001 '
b1001 (
b1000 &
0$
#16810000
b1010 #
b1010 '
b1010 (
b1001 &
0$
#16811000
b1011 #
b1011 '
b1011 (
b1010 &
0$
#16812000
b1100 #
b1100 '
b1100 (
b1011 &
0$
#16813000
b1101 #
b1101 '
b1101 (
b1100 &
0$
#16814000
b1110 #
b1110 '
b1110 (
b1101 &
0$
#16815000
b1111 #
b1111 '
b1111 (
b1110 &
0$
#16816000
b10000 #
b10000 '
b10000 (
b1111 &
0$
#16817000
b10001 #
b10001 '
b10001 (
b10000 &
0$
#16818000
b10010 #
b10010 '
b10010 (
b10001 &
0$
#16819000
b10011 #
b10011 '
b10011 (
b10010 &
0$
#16820000
b10100 #
b10100 '
b10100 (
b10011 &
0$
#16821000
b10101 #
b10101 '
b10101 (
b10100 &
0$
#16822000
b10110 #
b10110 '
b10110 (
b10101 &
0$
#16823000
b10111 #
b10111 '
b10111 (
b10110 &
0$
#16824000
b11000 #
b11000 '
b11000 (
b10111 &
0$
#16825000
b11001 #
b11001 '
b11001 (
b11000 &
0$
#16826000
b11010 #
b11010 '
b11010 (
b11001 &
0$
#16827000
b11011 #
b11011 '
b11011 (
b11010 &
0$
#16828000
b11100 #
b11100 '
b11100 (
b11011 &
0$
#16829000
b11101 #
b11101 '
b11101 (
b11100 &
0$
#16830000
b11110 #
b11110 '
b11110 (
b11101 &
0$
#16831000
b11111 #
b11111 '
b11111 (
b11110 &
0$
#16832000
b0 #
b0 '
b0 (
b11111 &
0$
#16833000
b1 #
b1 '
b1 (
b0 &
0$
#16834000
b10 #
b10 '
b10 (
b1 &
0$
#16835000
b11 #
b11 '
b11 (
b10 &
0$
#16836000
b100 #
b100 '
b100 (
b11 &
0$
#16837000
b101 #
b101 '
b101 (
b100 &
0$
#16838000
b110 #
b110 '
b110 (
b101 &
0$
#16839000
b111 #
b111 '
b111 (
b110 &
0$
#16840000
b1000 #
b1000 '
b1000 (
b111 &
0$
#16841000
b1001 #
b1001 '
b1001 (
b1000 &
0$
#16842000
b1010 #
b1010 '
b1010 (
b1001 &
0$
#16843000
b1011 #
b1011 '
b1011 (
b1010 &
0$
#16844000
b1100 #
b1100 '
b1100 (
b1011 &
0$
#16845000
b1101 #
b1101 '
b1101 (
b1100 &
0$
#16846000
b1110 #
b1110 '
b1110 (
b1101 &
0$
#16847000
b1111 #
b1111 '
b1111 (
b1110 &
0$
#16848000
b10000 #
b10000 '
b10000 (
b1111 &
0$
#16849000
b10001 #
b10001 '
b10001 (
b10000 &
0$
#16850000
b10010 #
b10010 '
b10010 (
b10001 &
0$
#16851000
b10011 #
b10011 '
b10011 (
b10010 &
0$
#16852000
b10100 #
b10100 '
b10100 (
b10011 &
0$
#16853000
b10101 #
b10101 '
b10101 (
b10100 &
0$
#16854000
b10110 #
b10110 '
b10110 (
b10101 &
0$
#16855000
b10111 #
b10111 '
b10111 (
b10110 &
0$
#16856000
b11000 #
b11000 '
b11000 (
b10111 &
0$
#16857000
b11001 #
b11001 '
b11001 (
b11000 &
0$
#16858000
b11010 #
b11010 '
b11010 (
b11001 &
0$
#16859000
b11011 #
b11011 '
b11011 (
b11010 &
0$
#16860000
b11100 #
b11100 '
b11100 (
b11011 &
0$
#16861000
b11101 #
b11101 '
b11101 (
b11100 &
0$
#16862000
b11110 #
b11110 '
b11110 (
b11101 &
0$
#16863000
b11111 #
b11111 '
b11111 (
b11110 &
0$
#16864000
b0 #
b0 '
b0 (
b11111 &
0$
#16865000
b1 #
b1 '
b1 (
b0 &
0$
#16866000
b10 #
b10 '
b10 (
b1 &
0$
#16867000
b11 #
b11 '
b11 (
b10 &
0$
#16868000
b100 #
b100 '
b100 (
b11 &
0$
#16869000
b101 #
b101 '
b101 (
b100 &
0$
#16870000
b110 #
b110 '
b110 (
b101 &
0$
#16871000
b111 #
b111 '
b111 (
b110 &
0$
#16872000
b1000 #
b1000 '
b1000 (
b111 &
0$
#16873000
b1001 #
b1001 '
b1001 (
b1000 &
0$
#16874000
b1010 #
b1010 '
b1010 (
b1001 &
0$
#16875000
b1011 #
b1011 '
b1011 (
b1010 &
0$
#16876000
b1100 #
b1100 '
b1100 (
b1011 &
0$
#16877000
b1101 #
b1101 '
b1101 (
b1100 &
0$
#16878000
b1110 #
b1110 '
b1110 (
b1101 &
0$
#16879000
b1111 #
b1111 '
b1111 (
b1110 &
0$
#16880000
b10000 #
b10000 '
b10000 (
b1111 &
0$
#16881000
b10001 #
b10001 '
b10001 (
b10000 &
0$
#16882000
b10010 #
b10010 '
b10010 (
b10001 &
0$
#16883000
b10011 #
b10011 '
b10011 (
b10010 &
0$
#16884000
b10100 #
b10100 '
b10100 (
b10011 &
0$
#16885000
b10101 #
b10101 '
b10101 (
b10100 &
0$
#16886000
b10110 #
b10110 '
b10110 (
b10101 &
0$
#16887000
b10111 #
b10111 '
b10111 (
b10110 &
0$
#16888000
b11000 #
b11000 '
b11000 (
b10111 &
0$
#16889000
b11001 #
b11001 '
b11001 (
b11000 &
0$
#16890000
b11010 #
b11010 '
b11010 (
b11001 &
0$
#16891000
b11011 #
b11011 '
b11011 (
b11010 &
0$
#16892000
b11100 #
b11100 '
b11100 (
b11011 &
0$
#16893000
b11101 #
b11101 '
b11101 (
b11100 &
0$
#16894000
b11110 #
b11110 '
b11110 (
b11101 &
0$
#16895000
b11111 #
b11111 '
b11111 (
b11110 &
0$
#16896000
b0 #
b0 '
b0 (
b11111 &
0$
#16897000
b1 #
b1 '
b1 (
b0 &
0$
#16898000
b10 #
b10 '
b10 (
b1 &
0$
#16899000
b11 #
b11 '
b11 (
b10 &
0$
#16900000
b100 #
b100 '
b100 (
b11 &
0$
#16901000
b101 #
b101 '
b101 (
b100 &
0$
#16902000
b110 #
b110 '
b110 (
b101 &
0$
#16903000
b111 #
b111 '
b111 (
b110 &
0$
#16904000
b1000 #
b1000 '
b1000 (
b111 &
0$
#16905000
b1001 #
b1001 '
b1001 (
b1000 &
0$
#16906000
b1010 #
b1010 '
b1010 (
b1001 &
0$
#16907000
b1011 #
b1011 '
b1011 (
b1010 &
0$
#16908000
b1100 #
b1100 '
b1100 (
b1011 &
0$
#16909000
b1101 #
b1101 '
b1101 (
b1100 &
0$
#16910000
b1110 #
b1110 '
b1110 (
b1101 &
0$
#16911000
b1111 #
b1111 '
b1111 (
b1110 &
0$
#16912000
b10000 #
b10000 '
b10000 (
b1111 &
0$
#16913000
b10001 #
b10001 '
b10001 (
b10000 &
0$
#16914000
b10010 #
b10010 '
b10010 (
b10001 &
0$
#16915000
b10011 #
b10011 '
b10011 (
b10010 &
0$
#16916000
b10100 #
b10100 '
b10100 (
b10011 &
0$
#16917000
b10101 #
b10101 '
b10101 (
b10100 &
0$
#16918000
b10110 #
b10110 '
b10110 (
b10101 &
0$
#16919000
b10111 #
b10111 '
b10111 (
b10110 &
0$
#16920000
b11000 #
b11000 '
b11000 (
b10111 &
0$
#16921000
b11001 #
b11001 '
b11001 (
b11000 &
0$
#16922000
b11010 #
b11010 '
b11010 (
b11001 &
0$
#16923000
b11011 #
b11011 '
b11011 (
b11010 &
0$
#16924000
b11100 #
b11100 '
b11100 (
b11011 &
0$
#16925000
b11101 #
b11101 '
b11101 (
b11100 &
0$
#16926000
b11110 #
b11110 '
b11110 (
b11101 &
0$
#16927000
b11111 #
b11111 '
b11111 (
b11110 &
0$
#16928000
b0 #
b0 '
b0 (
b11111 &
0$
#16929000
b1 #
b1 '
b1 (
b0 &
0$
#16930000
b10 #
b10 '
b10 (
b1 &
0$
#16931000
b11 #
b11 '
b11 (
b10 &
0$
#16932000
b100 #
b100 '
b100 (
b11 &
0$
#16933000
b101 #
b101 '
b101 (
b100 &
0$
#16934000
b110 #
b110 '
b110 (
b101 &
0$
#16935000
b111 #
b111 '
b111 (
b110 &
0$
#16936000
b1000 #
b1000 '
b1000 (
b111 &
0$
#16937000
b1001 #
b1001 '
b1001 (
b1000 &
0$
#16938000
b1010 #
b1010 '
b1010 (
b1001 &
0$
#16939000
b1011 #
b1011 '
b1011 (
b1010 &
0$
#16940000
b1100 #
b1100 '
b1100 (
b1011 &
0$
#16941000
b1101 #
b1101 '
b1101 (
b1100 &
0$
#16942000
b1110 #
b1110 '
b1110 (
b1101 &
0$
#16943000
b1111 #
b1111 '
b1111 (
b1110 &
0$
#16944000
b10000 #
b10000 '
b10000 (
b1111 &
0$
#16945000
b10001 #
b10001 '
b10001 (
b10000 &
0$
#16946000
b10010 #
b10010 '
b10010 (
b10001 &
0$
#16947000
b10011 #
b10011 '
b10011 (
b10010 &
0$
#16948000
b10100 #
b10100 '
b10100 (
b10011 &
0$
#16949000
b10101 #
b10101 '
b10101 (
b10100 &
0$
#16950000
b10110 #
b10110 '
b10110 (
b10101 &
0$
#16951000
b10111 #
b10111 '
b10111 (
b10110 &
0$
#16952000
b11000 #
b11000 '
b11000 (
b10111 &
0$
#16953000
b11001 #
b11001 '
b11001 (
b11000 &
0$
#16954000
b11010 #
b11010 '
b11010 (
b11001 &
0$
#16955000
b11011 #
b11011 '
b11011 (
b11010 &
0$
#16956000
b11100 #
b11100 '
b11100 (
b11011 &
0$
#16957000
b11101 #
b11101 '
b11101 (
b11100 &
0$
#16958000
b11110 #
b11110 '
b11110 (
b11101 &
0$
#16959000
b11111 #
b11111 '
b11111 (
b11110 &
0$
#16960000
b0 #
b0 '
b0 (
b11111 &
0$
#16961000
b1 #
b1 '
b1 (
b0 &
0$
#16962000
b10 #
b10 '
b10 (
b1 &
0$
#16963000
b11 #
b11 '
b11 (
b10 &
0$
#16964000
b100 #
b100 '
b100 (
b11 &
0$
#16965000
b101 #
b101 '
b101 (
b100 &
0$
#16966000
b110 #
b110 '
b110 (
b101 &
0$
#16967000
b111 #
b111 '
b111 (
b110 &
0$
#16968000
b1000 #
b1000 '
b1000 (
b111 &
0$
#16969000
b1001 #
b1001 '
b1001 (
b1000 &
0$
#16970000
b1010 #
b1010 '
b1010 (
b1001 &
0$
#16971000
b1011 #
b1011 '
b1011 (
b1010 &
0$
#16972000
b1100 #
b1100 '
b1100 (
b1011 &
0$
#16973000
b1101 #
b1101 '
b1101 (
b1100 &
0$
#16974000
b1110 #
b1110 '
b1110 (
b1101 &
0$
#16975000
b1111 #
b1111 '
b1111 (
b1110 &
0$
#16976000
b10000 #
b10000 '
b10000 (
b1111 &
0$
#16977000
b10001 #
b10001 '
b10001 (
b10000 &
0$
#16978000
b10010 #
b10010 '
b10010 (
b10001 &
0$
#16979000
b10011 #
b10011 '
b10011 (
b10010 &
0$
#16980000
b10100 #
b10100 '
b10100 (
b10011 &
0$
#16981000
b10101 #
b10101 '
b10101 (
b10100 &
0$
#16982000
b10110 #
b10110 '
b10110 (
b10101 &
0$
#16983000
b10111 #
b10111 '
b10111 (
b10110 &
0$
#16984000
b11000 #
b11000 '
b11000 (
b10111 &
0$
#16985000
b11001 #
b11001 '
b11001 (
b11000 &
0$
#16986000
b11010 #
b11010 '
b11010 (
b11001 &
0$
#16987000
b11011 #
b11011 '
b11011 (
b11010 &
0$
#16988000
b11100 #
b11100 '
b11100 (
b11011 &
0$
#16989000
b11101 #
b11101 '
b11101 (
b11100 &
0$
#16990000
b11110 #
b11110 '
b11110 (
b11101 &
0$
#16991000
b11111 #
b11111 '
b11111 (
b11110 &
0$
#16992000
b0 #
b0 '
b0 (
b11111 &
0$
#16993000
b1 #
b1 '
b1 (
b0 &
0$
#16994000
b10 #
b10 '
b10 (
b1 &
0$
#16995000
b11 #
b11 '
b11 (
b10 &
0$
#16996000
b100 #
b100 '
b100 (
b11 &
0$
#16997000
b101 #
b101 '
b101 (
b100 &
0$
#16998000
b110 #
b110 '
b110 (
b101 &
0$
#16999000
b111 #
b111 '
b111 (
b110 &
0$
#17000000
b1000 #
b1000 '
b1000 (
b111 &
0$
#17001000
b1001 #
b1001 '
b1001 (
b1000 &
0$
#17002000
b1010 #
b1010 '
b1010 (
b1001 &
0$
#17003000
b1011 #
b1011 '
b1011 (
b1010 &
0$
#17004000
b1100 #
b1100 '
b1100 (
b1011 &
0$
#17005000
b1101 #
b1101 '
b1101 (
b1100 &
0$
#17006000
b1110 #
b1110 '
b1110 (
b1101 &
0$
#17007000
b1111 #
b1111 '
b1111 (
b1110 &
0$
#17008000
b10000 #
b10000 '
b10000 (
b1111 &
0$
#17009000
b10001 #
b10001 '
b10001 (
b10000 &
0$
#17010000
b10010 #
b10010 '
b10010 (
b10001 &
0$
#17011000
b10011 #
b10011 '
b10011 (
b10010 &
0$
#17012000
b10100 #
b10100 '
b10100 (
b10011 &
0$
#17013000
b10101 #
b10101 '
b10101 (
b10100 &
0$
#17014000
b10110 #
b10110 '
b10110 (
b10101 &
0$
#17015000
b10111 #
b10111 '
b10111 (
b10110 &
0$
#17016000
b11000 #
b11000 '
b11000 (
b10111 &
0$
#17017000
b11001 #
b11001 '
b11001 (
b11000 &
0$
#17018000
b11010 #
b11010 '
b11010 (
b11001 &
0$
#17019000
b11011 #
b11011 '
b11011 (
b11010 &
0$
#17020000
b11100 #
b11100 '
b11100 (
b11011 &
0$
#17021000
b11101 #
b11101 '
b11101 (
b11100 &
0$
#17022000
b11110 #
b11110 '
b11110 (
b11101 &
0$
#17023000
b11111 #
b11111 '
b11111 (
b11110 &
0$
#17024000
b0 #
b0 '
b0 (
b11111 &
0$
#17025000
b1 #
b1 '
b1 (
b0 &
0$
#17026000
b10 #
b10 '
b10 (
b1 &
0$
#17027000
b11 #
b11 '
b11 (
b10 &
0$
#17028000
b100 #
b100 '
b100 (
b11 &
0$
#17029000
b101 #
b101 '
b101 (
b100 &
0$
#17030000
b110 #
b110 '
b110 (
b101 &
0$
#17031000
b111 #
b111 '
b111 (
b110 &
0$
#17032000
b1000 #
b1000 '
b1000 (
b111 &
0$
#17033000
b1001 #
b1001 '
b1001 (
b1000 &
0$
#17034000
b1010 #
b1010 '
b1010 (
b1001 &
0$
#17035000
b1011 #
b1011 '
b1011 (
b1010 &
0$
#17036000
b1100 #
b1100 '
b1100 (
b1011 &
0$
#17037000
b1101 #
b1101 '
b1101 (
b1100 &
0$
#17038000
b1110 #
b1110 '
b1110 (
b1101 &
0$
#17039000
b1111 #
b1111 '
b1111 (
b1110 &
0$
#17040000
b10000 #
b10000 '
b10000 (
b1111 &
0$
#17041000
b10001 #
b10001 '
b10001 (
b10000 &
0$
#17042000
b10010 #
b10010 '
b10010 (
b10001 &
0$
#17043000
b10011 #
b10011 '
b10011 (
b10010 &
0$
#17044000
b10100 #
b10100 '
b10100 (
b10011 &
0$
#17045000
b10101 #
b10101 '
b10101 (
b10100 &
0$
#17046000
b10110 #
b10110 '
b10110 (
b10101 &
0$
#17047000
b10111 #
b10111 '
b10111 (
b10110 &
0$
#17048000
b11000 #
b11000 '
b11000 (
b10111 &
0$
#17049000
b11001 #
b11001 '
b11001 (
b11000 &
0$
#17050000
b11010 #
b11010 '
b11010 (
b11001 &
0$
#17051000
b11011 #
b11011 '
b11011 (
b11010 &
0$
#17052000
b11100 #
b11100 '
b11100 (
b11011 &
0$
#17053000
b11101 #
b11101 '
b11101 (
b11100 &
0$
#17054000
b11110 #
b11110 '
b11110 (
b11101 &
0$
#17055000
b11111 #
b11111 '
b11111 (
b11110 &
0$
#17056000
b0 #
b0 '
b0 (
b11111 &
0$
#17057000
b1 #
b1 '
b1 (
b0 &
0$
#17058000
b10 #
b10 '
b10 (
b1 &
0$
#17059000
b11 #
b11 '
b11 (
b10 &
0$
#17060000
b100 #
b100 '
b100 (
b11 &
0$
#17061000
b101 #
b101 '
b101 (
b100 &
0$
#17062000
b110 #
b110 '
b110 (
b101 &
0$
#17063000
b111 #
b111 '
b111 (
b110 &
0$
#17064000
b1000 #
b1000 '
b1000 (
b111 &
0$
#17065000
b1001 #
b1001 '
b1001 (
b1000 &
0$
#17066000
b1010 #
b1010 '
b1010 (
b1001 &
0$
#17067000
b1011 #
b1011 '
b1011 (
b1010 &
0$
#17068000
b1100 #
b1100 '
b1100 (
b1011 &
0$
#17069000
b1101 #
b1101 '
b1101 (
b1100 &
0$
#17070000
b1110 #
b1110 '
b1110 (
b1101 &
0$
#17071000
b1111 #
b1111 '
b1111 (
b1110 &
0$
#17072000
b10000 #
b10000 '
b10000 (
b1111 &
0$
#17073000
b10001 #
b10001 '
b10001 (
b10000 &
0$
#17074000
b10010 #
b10010 '
b10010 (
b10001 &
0$
#17075000
b10011 #
b10011 '
b10011 (
b10010 &
0$
#17076000
b10100 #
b10100 '
b10100 (
b10011 &
0$
#17077000
b10101 #
b10101 '
b10101 (
b10100 &
0$
#17078000
b10110 #
b10110 '
b10110 (
b10101 &
0$
#17079000
b10111 #
b10111 '
b10111 (
b10110 &
0$
#17080000
b11000 #
b11000 '
b11000 (
b10111 &
0$
#17081000
b11001 #
b11001 '
b11001 (
b11000 &
0$
#17082000
b11010 #
b11010 '
b11010 (
b11001 &
0$
#17083000
b11011 #
b11011 '
b11011 (
b11010 &
0$
#17084000
b11100 #
b11100 '
b11100 (
b11011 &
0$
#17085000
b11101 #
b11101 '
b11101 (
b11100 &
0$
#17086000
b11110 #
b11110 '
b11110 (
b11101 &
0$
#17087000
b11111 #
b11111 '
b11111 (
b11110 &
0$
#17088000
b0 #
b0 '
b0 (
b11111 &
0$
#17089000
b1 #
b1 '
b1 (
b0 &
0$
#17090000
b10 #
b10 '
b10 (
b1 &
0$
#17091000
b11 #
b11 '
b11 (
b10 &
0$
#17092000
b100 #
b100 '
b100 (
b11 &
0$
#17093000
b101 #
b101 '
b101 (
b100 &
0$
#17094000
b110 #
b110 '
b110 (
b101 &
0$
#17095000
b111 #
b111 '
b111 (
b110 &
0$
#17096000
b1000 #
b1000 '
b1000 (
b111 &
0$
#17097000
b1001 #
b1001 '
b1001 (
b1000 &
0$
#17098000
b1010 #
b1010 '
b1010 (
b1001 &
0$
#17099000
b1011 #
b1011 '
b1011 (
b1010 &
0$
#17100000
b1100 #
b1100 '
b1100 (
b1011 &
0$
#17101000
b1101 #
b1101 '
b1101 (
b1100 &
0$
#17102000
b1110 #
b1110 '
b1110 (
b1101 &
0$
#17103000
b1111 #
b1111 '
b1111 (
b1110 &
0$
#17104000
b10000 #
b10000 '
b10000 (
b1111 &
0$
#17105000
b10001 #
b10001 '
b10001 (
b10000 &
0$
#17106000
b10010 #
b10010 '
b10010 (
b10001 &
0$
#17107000
b10011 #
b10011 '
b10011 (
b10010 &
0$
#17108000
b10100 #
b10100 '
b10100 (
b10011 &
0$
#17109000
b10101 #
b10101 '
b10101 (
b10100 &
0$
#17110000
b10110 #
b10110 '
b10110 (
b10101 &
0$
#17111000
b10111 #
b10111 '
b10111 (
b10110 &
0$
#17112000
b11000 #
b11000 '
b11000 (
b10111 &
0$
#17113000
b11001 #
b11001 '
b11001 (
b11000 &
0$
#17114000
b11010 #
b11010 '
b11010 (
b11001 &
0$
#17115000
b11011 #
b11011 '
b11011 (
b11010 &
0$
#17116000
b11100 #
b11100 '
b11100 (
b11011 &
0$
#17117000
b11101 #
b11101 '
b11101 (
b11100 &
0$
#17118000
b11110 #
b11110 '
b11110 (
b11101 &
0$
#17119000
b11111 #
b11111 '
b11111 (
b11110 &
0$
#17120000
b0 #
b0 '
b0 (
b11111 &
0$
#17121000
b1 #
b1 '
b1 (
b0 &
0$
#17122000
b10 #
b10 '
b10 (
b1 &
0$
#17123000
b11 #
b11 '
b11 (
b10 &
0$
#17124000
b100 #
b100 '
b100 (
b11 &
0$
#17125000
b101 #
b101 '
b101 (
b100 &
0$
#17126000
b110 #
b110 '
b110 (
b101 &
0$
#17127000
b111 #
b111 '
b111 (
b110 &
0$
#17128000
b1000 #
b1000 '
b1000 (
b111 &
0$
#17129000
b1001 #
b1001 '
b1001 (
b1000 &
0$
#17130000
b1010 #
b1010 '
b1010 (
b1001 &
0$
#17131000
b1011 #
b1011 '
b1011 (
b1010 &
0$
#17132000
b1100 #
b1100 '
b1100 (
b1011 &
0$
#17133000
b1101 #
b1101 '
b1101 (
b1100 &
0$
#17134000
b1110 #
b1110 '
b1110 (
b1101 &
0$
#17135000
b1111 #
b1111 '
b1111 (
b1110 &
0$
#17136000
b10000 #
b10000 '
b10000 (
b1111 &
0$
#17137000
b10001 #
b10001 '
b10001 (
b10000 &
0$
#17138000
b10010 #
b10010 '
b10010 (
b10001 &
0$
#17139000
b10011 #
b10011 '
b10011 (
b10010 &
0$
#17140000
b10100 #
b10100 '
b10100 (
b10011 &
0$
#17141000
b10101 #
b10101 '
b10101 (
b10100 &
0$
#17142000
b10110 #
b10110 '
b10110 (
b10101 &
0$
#17143000
b10111 #
b10111 '
b10111 (
b10110 &
0$
#17144000
b11000 #
b11000 '
b11000 (
b10111 &
0$
#17145000
b11001 #
b11001 '
b11001 (
b11000 &
0$
#17146000
b11010 #
b11010 '
b11010 (
b11001 &
0$
#17147000
b11011 #
b11011 '
b11011 (
b11010 &
0$
#17148000
b11100 #
b11100 '
b11100 (
b11011 &
0$
#17149000
b11101 #
b11101 '
b11101 (
b11100 &
0$
#17150000
b11110 #
b11110 '
b11110 (
b11101 &
0$
#17151000
b11111 #
b11111 '
b11111 (
b11110 &
0$
#17152000
b0 #
b0 '
b0 (
b11111 &
0$
#17153000
b1 #
b1 '
b1 (
b0 &
0$
#17154000
b10 #
b10 '
b10 (
b1 &
0$
#17155000
b11 #
b11 '
b11 (
b10 &
0$
#17156000
b100 #
b100 '
b100 (
b11 &
0$
#17157000
b101 #
b101 '
b101 (
b100 &
0$
#17158000
b110 #
b110 '
b110 (
b101 &
0$
#17159000
b111 #
b111 '
b111 (
b110 &
0$
#17160000
b1000 #
b1000 '
b1000 (
b111 &
0$
#17161000
b1001 #
b1001 '
b1001 (
b1000 &
0$
#17162000
b1010 #
b1010 '
b1010 (
b1001 &
0$
#17163000
b1011 #
b1011 '
b1011 (
b1010 &
0$
#17164000
b1100 #
b1100 '
b1100 (
b1011 &
0$
#17165000
b1101 #
b1101 '
b1101 (
b1100 &
0$
#17166000
b1110 #
b1110 '
b1110 (
b1101 &
0$
#17167000
b1111 #
b1111 '
b1111 (
b1110 &
0$
#17168000
b10000 #
b10000 '
b10000 (
b1111 &
0$
#17169000
b10001 #
b10001 '
b10001 (
b10000 &
0$
#17170000
b10010 #
b10010 '
b10010 (
b10001 &
0$
#17171000
b10011 #
b10011 '
b10011 (
b10010 &
0$
#17172000
b10100 #
b10100 '
b10100 (
b10011 &
0$
#17173000
b10101 #
b10101 '
b10101 (
b10100 &
0$
#17174000
b10110 #
b10110 '
b10110 (
b10101 &
0$
#17175000
b10111 #
b10111 '
b10111 (
b10110 &
0$
#17176000
b11000 #
b11000 '
b11000 (
b10111 &
0$
#17177000
b11001 #
b11001 '
b11001 (
b11000 &
0$
#17178000
b11010 #
b11010 '
b11010 (
b11001 &
0$
#17179000
b11011 #
b11011 '
b11011 (
b11010 &
0$
#17180000
b11100 #
b11100 '
b11100 (
b11011 &
0$
#17181000
b11101 #
b11101 '
b11101 (
b11100 &
0$
#17182000
b11110 #
b11110 '
b11110 (
b11101 &
0$
#17183000
b11111 #
b11111 '
b11111 (
b11110 &
0$
#17184000
b0 #
b0 '
b0 (
b11111 &
0$
#17185000
b1 #
b1 '
b1 (
b0 &
0$
#17186000
b10 #
b10 '
b10 (
b1 &
0$
#17187000
b11 #
b11 '
b11 (
b10 &
0$
#17188000
b100 #
b100 '
b100 (
b11 &
0$
#17189000
b101 #
b101 '
b101 (
b100 &
0$
#17190000
b110 #
b110 '
b110 (
b101 &
0$
#17191000
b111 #
b111 '
b111 (
b110 &
0$
#17192000
b1000 #
b1000 '
b1000 (
b111 &
0$
#17193000
b1001 #
b1001 '
b1001 (
b1000 &
0$
#17194000
b1010 #
b1010 '
b1010 (
b1001 &
0$
#17195000
b1011 #
b1011 '
b1011 (
b1010 &
0$
#17196000
b1100 #
b1100 '
b1100 (
b1011 &
0$
#17197000
b1101 #
b1101 '
b1101 (
b1100 &
0$
#17198000
b1110 #
b1110 '
b1110 (
b1101 &
0$
#17199000
b1111 #
b1111 '
b1111 (
b1110 &
0$
#17200000
b10000 #
b10000 '
b10000 (
b1111 &
0$
#17201000
b10001 #
b10001 '
b10001 (
b10000 &
0$
#17202000
b10010 #
b10010 '
b10010 (
b10001 &
0$
#17203000
b10011 #
b10011 '
b10011 (
b10010 &
0$
#17204000
b10100 #
b10100 '
b10100 (
b10011 &
0$
#17205000
b10101 #
b10101 '
b10101 (
b10100 &
0$
#17206000
b10110 #
b10110 '
b10110 (
b10101 &
0$
#17207000
b10111 #
b10111 '
b10111 (
b10110 &
0$
#17208000
b11000 #
b11000 '
b11000 (
b10111 &
0$
#17209000
b11001 #
b11001 '
b11001 (
b11000 &
0$
#17210000
b11010 #
b11010 '
b11010 (
b11001 &
0$
#17211000
b11011 #
b11011 '
b11011 (
b11010 &
0$
#17212000
b11100 #
b11100 '
b11100 (
b11011 &
0$
#17213000
b11101 #
b11101 '
b11101 (
b11100 &
0$
#17214000
b11110 #
b11110 '
b11110 (
b11101 &
0$
#17215000
b11111 #
b11111 '
b11111 (
b11110 &
0$
#17216000
b0 #
b0 '
b0 (
b11111 &
0$
#17217000
b1 #
b1 '
b1 (
b0 &
0$
#17218000
b10 #
b10 '
b10 (
b1 &
0$
#17219000
b11 #
b11 '
b11 (
b10 &
0$
#17220000
b100 #
b100 '
b100 (
b11 &
0$
#17221000
b101 #
b101 '
b101 (
b100 &
0$
#17222000
b110 #
b110 '
b110 (
b101 &
0$
#17223000
b111 #
b111 '
b111 (
b110 &
0$
#17224000
b1000 #
b1000 '
b1000 (
b111 &
0$
#17225000
b1001 #
b1001 '
b1001 (
b1000 &
0$
#17226000
b1010 #
b1010 '
b1010 (
b1001 &
0$
#17227000
b1011 #
b1011 '
b1011 (
b1010 &
0$
#17228000
b1100 #
b1100 '
b1100 (
b1011 &
0$
#17229000
b1101 #
b1101 '
b1101 (
b1100 &
0$
#17230000
b1110 #
b1110 '
b1110 (
b1101 &
0$
#17231000
b1111 #
b1111 '
b1111 (
b1110 &
0$
#17232000
b10000 #
b10000 '
b10000 (
b1111 &
0$
#17233000
b10001 #
b10001 '
b10001 (
b10000 &
0$
#17234000
b10010 #
b10010 '
b10010 (
b10001 &
0$
#17235000
b10011 #
b10011 '
b10011 (
b10010 &
0$
#17236000
b10100 #
b10100 '
b10100 (
b10011 &
0$
#17237000
b10101 #
b10101 '
b10101 (
b10100 &
0$
#17238000
b10110 #
b10110 '
b10110 (
b10101 &
0$
#17239000
b10111 #
b10111 '
b10111 (
b10110 &
0$
#17240000
b11000 #
b11000 '
b11000 (
b10111 &
0$
#17241000
b11001 #
b11001 '
b11001 (
b11000 &
0$
#17242000
b11010 #
b11010 '
b11010 (
b11001 &
0$
#17243000
b11011 #
b11011 '
b11011 (
b11010 &
0$
#17244000
b11100 #
b11100 '
b11100 (
b11011 &
0$
#17245000
b11101 #
b11101 '
b11101 (
b11100 &
0$
#17246000
b11110 #
b11110 '
b11110 (
b11101 &
0$
#17247000
b11111 #
b11111 '
b11111 (
b11110 &
0$
#17248000
b0 #
b0 '
b0 (
b11111 &
0$
#17249000
b1 #
b1 '
b1 (
b0 &
0$
#17250000
b10 #
b10 '
b10 (
b1 &
0$
#17251000
b11 #
b11 '
b11 (
b10 &
0$
#17252000
b100 #
b100 '
b100 (
b11 &
0$
#17253000
b101 #
b101 '
b101 (
b100 &
0$
#17254000
b110 #
b110 '
b110 (
b101 &
0$
#17255000
b111 #
b111 '
b111 (
b110 &
0$
#17256000
b1000 #
b1000 '
b1000 (
b111 &
0$
#17257000
b1001 #
b1001 '
b1001 (
b1000 &
0$
#17258000
b1010 #
b1010 '
b1010 (
b1001 &
0$
#17259000
b1011 #
b1011 '
b1011 (
b1010 &
0$
#17260000
b1100 #
b1100 '
b1100 (
b1011 &
0$
#17261000
b1101 #
b1101 '
b1101 (
b1100 &
0$
#17262000
b1110 #
b1110 '
b1110 (
b1101 &
0$
#17263000
b1111 #
b1111 '
b1111 (
b1110 &
0$
#17264000
b10000 #
b10000 '
b10000 (
b1111 &
0$
#17265000
b10001 #
b10001 '
b10001 (
b10000 &
0$
#17266000
b10010 #
b10010 '
b10010 (
b10001 &
0$
#17267000
b10011 #
b10011 '
b10011 (
b10010 &
0$
#17268000
b10100 #
b10100 '
b10100 (
b10011 &
0$
#17269000
b10101 #
b10101 '
b10101 (
b10100 &
0$
#17270000
b10110 #
b10110 '
b10110 (
b10101 &
0$
#17271000
b10111 #
b10111 '
b10111 (
b10110 &
0$
#17272000
b11000 #
b11000 '
b11000 (
b10111 &
0$
#17273000
b11001 #
b11001 '
b11001 (
b11000 &
0$
#17274000
b11010 #
b11010 '
b11010 (
b11001 &
0$
#17275000
b11011 #
b11011 '
b11011 (
b11010 &
0$
#17276000
b11100 #
b11100 '
b11100 (
b11011 &
0$
#17277000
b11101 #
b11101 '
b11101 (
b11100 &
0$
#17278000
b11110 #
b11110 '
b11110 (
b11101 &
0$
#17279000
b11111 #
b11111 '
b11111 (
b11110 &
0$
#17280000
b0 #
b0 '
b0 (
b11111 &
0$
#17281000
b1 #
b1 '
b1 (
b0 &
0$
#17282000
b10 #
b10 '
b10 (
b1 &
0$
#17283000
b11 #
b11 '
b11 (
b10 &
0$
#17284000
b100 #
b100 '
b100 (
b11 &
0$
#17285000
b101 #
b101 '
b101 (
b100 &
0$
#17286000
b110 #
b110 '
b110 (
b101 &
0$
#17287000
b111 #
b111 '
b111 (
b110 &
0$
#17288000
b1000 #
b1000 '
b1000 (
b111 &
0$
#17289000
b1001 #
b1001 '
b1001 (
b1000 &
0$
#17290000
b1010 #
b1010 '
b1010 (
b1001 &
0$
#17291000
b1011 #
b1011 '
b1011 (
b1010 &
0$
#17292000
b1100 #
b1100 '
b1100 (
b1011 &
0$
#17293000
b1101 #
b1101 '
b1101 (
b1100 &
0$
#17294000
b1110 #
b1110 '
b1110 (
b1101 &
0$
#17295000
b1111 #
b1111 '
b1111 (
b1110 &
0$
#17296000
b10000 #
b10000 '
b10000 (
b1111 &
0$
#17297000
b10001 #
b10001 '
b10001 (
b10000 &
0$
#17298000
b10010 #
b10010 '
b10010 (
b10001 &
0$
#17299000
b10011 #
b10011 '
b10011 (
b10010 &
0$
#17300000
b10100 #
b10100 '
b10100 (
b10011 &
0$
#17301000
b10101 #
b10101 '
b10101 (
b10100 &
0$
#17302000
b10110 #
b10110 '
b10110 (
b10101 &
0$
#17303000
b10111 #
b10111 '
b10111 (
b10110 &
0$
#17304000
b11000 #
b11000 '
b11000 (
b10111 &
0$
#17305000
b11001 #
b11001 '
b11001 (
b11000 &
0$
#17306000
b11010 #
b11010 '
b11010 (
b11001 &
0$
#17307000
b11011 #
b11011 '
b11011 (
b11010 &
0$
#17308000
b11100 #
b11100 '
b11100 (
b11011 &
0$
#17309000
b11101 #
b11101 '
b11101 (
b11100 &
0$
#17310000
b11110 #
b11110 '
b11110 (
b11101 &
0$
#17311000
b11111 #
b11111 '
b11111 (
b11110 &
0$
#17312000
b0 #
b0 '
b0 (
b11111 &
0$
#17313000
b1 #
b1 '
b1 (
b0 &
0$
#17314000
b10 #
b10 '
b10 (
b1 &
0$
#17315000
b11 #
b11 '
b11 (
b10 &
0$
#17316000
b100 #
b100 '
b100 (
b11 &
0$
#17317000
b101 #
b101 '
b101 (
b100 &
0$
#17318000
b110 #
b110 '
b110 (
b101 &
0$
#17319000
b111 #
b111 '
b111 (
b110 &
0$
#17320000
b1000 #
b1000 '
b1000 (
b111 &
0$
#17321000
b1001 #
b1001 '
b1001 (
b1000 &
0$
#17322000
b1010 #
b1010 '
b1010 (
b1001 &
0$
#17323000
b1011 #
b1011 '
b1011 (
b1010 &
0$
#17324000
b1100 #
b1100 '
b1100 (
b1011 &
0$
#17325000
b1101 #
b1101 '
b1101 (
b1100 &
0$
#17326000
b1110 #
b1110 '
b1110 (
b1101 &
0$
#17327000
b1111 #
b1111 '
b1111 (
b1110 &
0$
#17328000
b10000 #
b10000 '
b10000 (
b1111 &
0$
#17329000
b10001 #
b10001 '
b10001 (
b10000 &
0$
#17330000
b10010 #
b10010 '
b10010 (
b10001 &
0$
#17331000
b10011 #
b10011 '
b10011 (
b10010 &
0$
#17332000
b10100 #
b10100 '
b10100 (
b10011 &
0$
#17333000
b10101 #
b10101 '
b10101 (
b10100 &
0$
#17334000
b10110 #
b10110 '
b10110 (
b10101 &
0$
#17335000
b10111 #
b10111 '
b10111 (
b10110 &
0$
#17336000
b11000 #
b11000 '
b11000 (
b10111 &
0$
#17337000
b11001 #
b11001 '
b11001 (
b11000 &
0$
#17338000
b11010 #
b11010 '
b11010 (
b11001 &
0$
#17339000
b11011 #
b11011 '
b11011 (
b11010 &
0$
#17340000
b11100 #
b11100 '
b11100 (
b11011 &
0$
#17341000
b11101 #
b11101 '
b11101 (
b11100 &
0$
#17342000
b11110 #
b11110 '
b11110 (
b11101 &
0$
#17343000
b11111 #
b11111 '
b11111 (
b11110 &
0$
#17344000
b0 #
b0 '
b0 (
b11111 &
0$
#17345000
b1 #
b1 '
b1 (
b0 &
0$
#17346000
b10 #
b10 '
b10 (
b1 &
0$
#17347000
b11 #
b11 '
b11 (
b10 &
0$
#17348000
b100 #
b100 '
b100 (
b11 &
0$
#17349000
b101 #
b101 '
b101 (
b100 &
0$
#17350000
b110 #
b110 '
b110 (
b101 &
0$
#17351000
b111 #
b111 '
b111 (
b110 &
0$
#17352000
b1000 #
b1000 '
b1000 (
b111 &
0$
#17353000
b1001 #
b1001 '
b1001 (
b1000 &
0$
#17354000
b1010 #
b1010 '
b1010 (
b1001 &
0$
#17355000
b1011 #
b1011 '
b1011 (
b1010 &
0$
#17356000
b1100 #
b1100 '
b1100 (
b1011 &
0$
#17357000
b1101 #
b1101 '
b1101 (
b1100 &
0$
#17358000
b1110 #
b1110 '
b1110 (
b1101 &
0$
#17359000
b1111 #
b1111 '
b1111 (
b1110 &
0$
#17360000
b10000 #
b10000 '
b10000 (
b1111 &
0$
#17361000
b10001 #
b10001 '
b10001 (
b10000 &
0$
#17362000
b10010 #
b10010 '
b10010 (
b10001 &
0$
#17363000
b10011 #
b10011 '
b10011 (
b10010 &
0$
#17364000
b10100 #
b10100 '
b10100 (
b10011 &
0$
#17365000
b10101 #
b10101 '
b10101 (
b10100 &
0$
#17366000
b10110 #
b10110 '
b10110 (
b10101 &
0$
#17367000
b10111 #
b10111 '
b10111 (
b10110 &
0$
#17368000
b11000 #
b11000 '
b11000 (
b10111 &
0$
#17369000
b11001 #
b11001 '
b11001 (
b11000 &
0$
#17370000
b11010 #
b11010 '
b11010 (
b11001 &
0$
#17371000
b11011 #
b11011 '
b11011 (
b11010 &
0$
#17372000
b11100 #
b11100 '
b11100 (
b11011 &
0$
#17373000
b11101 #
b11101 '
b11101 (
b11100 &
0$
#17374000
b11110 #
b11110 '
b11110 (
b11101 &
0$
#17375000
b11111 #
b11111 '
b11111 (
b11110 &
0$
#17376000
b0 #
b0 '
b0 (
b11111 &
0$
#17377000
b1 #
b1 '
b1 (
b0 &
0$
#17378000
b10 #
b10 '
b10 (
b1 &
0$
#17379000
b11 #
b11 '
b11 (
b10 &
0$
#17380000
b100 #
b100 '
b100 (
b11 &
0$
#17381000
b101 #
b101 '
b101 (
b100 &
0$
#17382000
b110 #
b110 '
b110 (
b101 &
0$
#17383000
b111 #
b111 '
b111 (
b110 &
0$
#17384000
b1000 #
b1000 '
b1000 (
b111 &
0$
#17385000
b1001 #
b1001 '
b1001 (
b1000 &
0$
#17386000
b1010 #
b1010 '
b1010 (
b1001 &
0$
#17387000
b1011 #
b1011 '
b1011 (
b1010 &
0$
#17388000
b1100 #
b1100 '
b1100 (
b1011 &
0$
#17389000
b1101 #
b1101 '
b1101 (
b1100 &
0$
#17390000
b1110 #
b1110 '
b1110 (
b1101 &
0$
#17391000
b1111 #
b1111 '
b1111 (
b1110 &
0$
#17392000
b10000 #
b10000 '
b10000 (
b1111 &
0$
#17393000
b10001 #
b10001 '
b10001 (
b10000 &
0$
#17394000
b10010 #
b10010 '
b10010 (
b10001 &
0$
#17395000
b10011 #
b10011 '
b10011 (
b10010 &
0$
#17396000
b10100 #
b10100 '
b10100 (
b10011 &
0$
#17397000
b10101 #
b10101 '
b10101 (
b10100 &
0$
#17398000
b10110 #
b10110 '
b10110 (
b10101 &
0$
#17399000
b10111 #
b10111 '
b10111 (
b10110 &
0$
#17400000
b11000 #
b11000 '
b11000 (
b10111 &
0$
#17401000
b11001 #
b11001 '
b11001 (
b11000 &
0$
#17402000
b11010 #
b11010 '
b11010 (
b11001 &
0$
#17403000
b11011 #
b11011 '
b11011 (
b11010 &
0$
#17404000
b11100 #
b11100 '
b11100 (
b11011 &
0$
#17405000
b11101 #
b11101 '
b11101 (
b11100 &
0$
#17406000
b11110 #
b11110 '
b11110 (
b11101 &
0$
#17407000
b11111 #
b11111 '
b11111 (
b11110 &
0$
#17408000
b0 #
b0 '
b0 (
b11111 &
0$
#17409000
b1 #
b1 '
b1 (
b0 &
0$
#17410000
b10 #
b10 '
b10 (
b1 &
0$
#17411000
b11 #
b11 '
b11 (
b10 &
0$
#17412000
b100 #
b100 '
b100 (
b11 &
0$
#17413000
b101 #
b101 '
b101 (
b100 &
0$
#17414000
b110 #
b110 '
b110 (
b101 &
0$
#17415000
b111 #
b111 '
b111 (
b110 &
0$
#17416000
b1000 #
b1000 '
b1000 (
b111 &
0$
#17417000
b1001 #
b1001 '
b1001 (
b1000 &
0$
#17418000
b1010 #
b1010 '
b1010 (
b1001 &
0$
#17419000
b1011 #
b1011 '
b1011 (
b1010 &
0$
#17420000
b1100 #
b1100 '
b1100 (
b1011 &
0$
#17421000
b1101 #
b1101 '
b1101 (
b1100 &
0$
#17422000
b1110 #
b1110 '
b1110 (
b1101 &
0$
#17423000
b1111 #
b1111 '
b1111 (
b1110 &
0$
#17424000
b10000 #
b10000 '
b10000 (
b1111 &
0$
#17425000
b10001 #
b10001 '
b10001 (
b10000 &
0$
#17426000
b10010 #
b10010 '
b10010 (
b10001 &
0$
#17427000
b10011 #
b10011 '
b10011 (
b10010 &
0$
#17428000
b10100 #
b10100 '
b10100 (
b10011 &
0$
#17429000
b10101 #
b10101 '
b10101 (
b10100 &
0$
#17430000
b10110 #
b10110 '
b10110 (
b10101 &
0$
#17431000
b10111 #
b10111 '
b10111 (
b10110 &
0$
#17432000
b11000 #
b11000 '
b11000 (
b10111 &
0$
#17433000
b11001 #
b11001 '
b11001 (
b11000 &
0$
#17434000
b11010 #
b11010 '
b11010 (
b11001 &
0$
#17435000
b11011 #
b11011 '
b11011 (
b11010 &
0$
#17436000
b11100 #
b11100 '
b11100 (
b11011 &
0$
#17437000
b11101 #
b11101 '
b11101 (
b11100 &
0$
#17438000
b11110 #
b11110 '
b11110 (
b11101 &
0$
#17439000
b11111 #
b11111 '
b11111 (
b11110 &
0$
#17440000
b0 #
b0 '
b0 (
b11111 &
0$
#17441000
b1 #
b1 '
b1 (
b0 &
0$
#17442000
b10 #
b10 '
b10 (
b1 &
0$
#17443000
b11 #
b11 '
b11 (
b10 &
0$
#17444000
b100 #
b100 '
b100 (
b11 &
0$
#17445000
b101 #
b101 '
b101 (
b100 &
0$
#17446000
b110 #
b110 '
b110 (
b101 &
0$
#17447000
b111 #
b111 '
b111 (
b110 &
0$
#17448000
b1000 #
b1000 '
b1000 (
b111 &
0$
#17449000
b1001 #
b1001 '
b1001 (
b1000 &
0$
#17450000
b1010 #
b1010 '
b1010 (
b1001 &
0$
#17451000
b1011 #
b1011 '
b1011 (
b1010 &
0$
#17452000
b1100 #
b1100 '
b1100 (
b1011 &
0$
#17453000
b1101 #
b1101 '
b1101 (
b1100 &
0$
#17454000
b1110 #
b1110 '
b1110 (
b1101 &
0$
#17455000
b1111 #
b1111 '
b1111 (
b1110 &
0$
#17456000
b10000 #
b10000 '
b10000 (
b1111 &
0$
#17457000
b10001 #
b10001 '
b10001 (
b10000 &
0$
#17458000
b10010 #
b10010 '
b10010 (
b10001 &
0$
#17459000
b10011 #
b10011 '
b10011 (
b10010 &
0$
#17460000
b10100 #
b10100 '
b10100 (
b10011 &
0$
#17461000
b10101 #
b10101 '
b10101 (
b10100 &
0$
#17462000
b10110 #
b10110 '
b10110 (
b10101 &
0$
#17463000
b10111 #
b10111 '
b10111 (
b10110 &
0$
#17464000
b11000 #
b11000 '
b11000 (
b10111 &
0$
#17465000
b11001 #
b11001 '
b11001 (
b11000 &
0$
#17466000
b11010 #
b11010 '
b11010 (
b11001 &
0$
#17467000
b11011 #
b11011 '
b11011 (
b11010 &
0$
#17468000
b11100 #
b11100 '
b11100 (
b11011 &
0$
#17469000
b11101 #
b11101 '
b11101 (
b11100 &
0$
#17470000
b11110 #
b11110 '
b11110 (
b11101 &
0$
#17471000
b11111 #
b11111 '
b11111 (
b11110 &
0$
#17472000
b0 #
b0 '
b0 (
b11111 &
0$
#17473000
b1 #
b1 '
b1 (
b0 &
0$
#17474000
b10 #
b10 '
b10 (
b1 &
0$
#17475000
b11 #
b11 '
b11 (
b10 &
0$
#17476000
b100 #
b100 '
b100 (
b11 &
0$
#17477000
b101 #
b101 '
b101 (
b100 &
0$
#17478000
b110 #
b110 '
b110 (
b101 &
0$
#17479000
b111 #
b111 '
b111 (
b110 &
0$
#17480000
b1000 #
b1000 '
b1000 (
b111 &
0$
#17481000
b1001 #
b1001 '
b1001 (
b1000 &
0$
#17482000
b1010 #
b1010 '
b1010 (
b1001 &
0$
#17483000
b1011 #
b1011 '
b1011 (
b1010 &
0$
#17484000
b1100 #
b1100 '
b1100 (
b1011 &
0$
#17485000
b1101 #
b1101 '
b1101 (
b1100 &
0$
#17486000
b1110 #
b1110 '
b1110 (
b1101 &
0$
#17487000
b1111 #
b1111 '
b1111 (
b1110 &
0$
#17488000
b10000 #
b10000 '
b10000 (
b1111 &
0$
#17489000
b10001 #
b10001 '
b10001 (
b10000 &
0$
#17490000
b10010 #
b10010 '
b10010 (
b10001 &
0$
#17491000
b10011 #
b10011 '
b10011 (
b10010 &
0$
#17492000
b10100 #
b10100 '
b10100 (
b10011 &
0$
#17493000
b10101 #
b10101 '
b10101 (
b10100 &
0$
#17494000
b10110 #
b10110 '
b10110 (
b10101 &
0$
#17495000
b10111 #
b10111 '
b10111 (
b10110 &
0$
#17496000
b11000 #
b11000 '
b11000 (
b10111 &
0$
#17497000
b11001 #
b11001 '
b11001 (
b11000 &
0$
#17498000
b11010 #
b11010 '
b11010 (
b11001 &
0$
#17499000
b11011 #
b11011 '
b11011 (
b11010 &
0$
#17500000
b11100 #
b11100 '
b11100 (
b11011 &
0$
#17501000
b11101 #
b11101 '
b11101 (
b11100 &
0$
#17502000
b11110 #
b11110 '
b11110 (
b11101 &
0$
#17503000
b11111 #
b11111 '
b11111 (
b11110 &
0$
#17504000
b0 #
b0 '
b0 (
b11111 &
0$
#17505000
b1 #
b1 '
b1 (
b0 &
0$
#17506000
b10 #
b10 '
b10 (
b1 &
0$
#17507000
b11 #
b11 '
b11 (
b10 &
0$
#17508000
b100 #
b100 '
b100 (
b11 &
0$
#17509000
b101 #
b101 '
b101 (
b100 &
0$
#17510000
b110 #
b110 '
b110 (
b101 &
0$
#17511000
b111 #
b111 '
b111 (
b110 &
0$
#17512000
b1000 #
b1000 '
b1000 (
b111 &
0$
#17513000
b1001 #
b1001 '
b1001 (
b1000 &
0$
#17514000
b1010 #
b1010 '
b1010 (
b1001 &
0$
#17515000
b1011 #
b1011 '
b1011 (
b1010 &
0$
#17516000
b1100 #
b1100 '
b1100 (
b1011 &
0$
#17517000
b1101 #
b1101 '
b1101 (
b1100 &
0$
#17518000
b1110 #
b1110 '
b1110 (
b1101 &
0$
#17519000
b1111 #
b1111 '
b1111 (
b1110 &
0$
#17520000
b10000 #
b10000 '
b10000 (
b1111 &
0$
#17521000
b10001 #
b10001 '
b10001 (
b10000 &
0$
#17522000
b10010 #
b10010 '
b10010 (
b10001 &
0$
#17523000
b10011 #
b10011 '
b10011 (
b10010 &
0$
#17524000
b10100 #
b10100 '
b10100 (
b10011 &
0$
#17525000
b10101 #
b10101 '
b10101 (
b10100 &
0$
#17526000
b10110 #
b10110 '
b10110 (
b10101 &
0$
#17527000
b10111 #
b10111 '
b10111 (
b10110 &
0$
#17528000
b11000 #
b11000 '
b11000 (
b10111 &
0$
#17529000
b11001 #
b11001 '
b11001 (
b11000 &
0$
#17530000
b11010 #
b11010 '
b11010 (
b11001 &
0$
#17531000
b11011 #
b11011 '
b11011 (
b11010 &
0$
#17532000
b11100 #
b11100 '
b11100 (
b11011 &
0$
#17533000
b11101 #
b11101 '
b11101 (
b11100 &
0$
#17534000
b11110 #
b11110 '
b11110 (
b11101 &
0$
#17535000
b11111 #
b11111 '
b11111 (
b11110 &
0$
#17536000
b0 #
b0 '
b0 (
b11111 &
0$
#17537000
b1 #
b1 '
b1 (
b0 &
0$
#17538000
b10 #
b10 '
b10 (
b1 &
0$
#17539000
b11 #
b11 '
b11 (
b10 &
0$
#17540000
b100 #
b100 '
b100 (
b11 &
0$
#17541000
b101 #
b101 '
b101 (
b100 &
0$
#17542000
b110 #
b110 '
b110 (
b101 &
0$
#17543000
b111 #
b111 '
b111 (
b110 &
0$
#17544000
b1000 #
b1000 '
b1000 (
b111 &
0$
#17545000
b1001 #
b1001 '
b1001 (
b1000 &
0$
#17546000
b1010 #
b1010 '
b1010 (
b1001 &
0$
#17547000
b1011 #
b1011 '
b1011 (
b1010 &
0$
#17548000
b1100 #
b1100 '
b1100 (
b1011 &
0$
#17549000
b1101 #
b1101 '
b1101 (
b1100 &
0$
#17550000
b1110 #
b1110 '
b1110 (
b1101 &
0$
#17551000
b1111 #
b1111 '
b1111 (
b1110 &
0$
#17552000
b10000 #
b10000 '
b10000 (
b1111 &
0$
#17553000
b10001 #
b10001 '
b10001 (
b10000 &
0$
#17554000
b10010 #
b10010 '
b10010 (
b10001 &
0$
#17555000
b10011 #
b10011 '
b10011 (
b10010 &
0$
#17556000
b10100 #
b10100 '
b10100 (
b10011 &
0$
#17557000
b10101 #
b10101 '
b10101 (
b10100 &
0$
#17558000
b10110 #
b10110 '
b10110 (
b10101 &
0$
#17559000
b10111 #
b10111 '
b10111 (
b10110 &
0$
#17560000
b11000 #
b11000 '
b11000 (
b10111 &
0$
#17561000
b11001 #
b11001 '
b11001 (
b11000 &
0$
#17562000
b11010 #
b11010 '
b11010 (
b11001 &
0$
#17563000
b11011 #
b11011 '
b11011 (
b11010 &
0$
#17564000
b11100 #
b11100 '
b11100 (
b11011 &
0$
#17565000
b11101 #
b11101 '
b11101 (
b11100 &
0$
#17566000
b11110 #
b11110 '
b11110 (
b11101 &
0$
#17567000
b11111 #
b11111 '
b11111 (
b11110 &
0$
#17568000
b0 #
b0 '
b0 (
b11111 &
0$
#17569000
b1 #
b1 '
b1 (
b0 &
0$
#17570000
b10 #
b10 '
b10 (
b1 &
0$
#17571000
b11 #
b11 '
b11 (
b10 &
0$
#17572000
b100 #
b100 '
b100 (
b11 &
0$
#17573000
b101 #
b101 '
b101 (
b100 &
0$
#17574000
b110 #
b110 '
b110 (
b101 &
0$
#17575000
b111 #
b111 '
b111 (
b110 &
0$
#17576000
b1000 #
b1000 '
b1000 (
b111 &
0$
#17577000
b1001 #
b1001 '
b1001 (
b1000 &
0$
#17578000
b1010 #
b1010 '
b1010 (
b1001 &
0$
#17579000
b1011 #
b1011 '
b1011 (
b1010 &
0$
#17580000
b1100 #
b1100 '
b1100 (
b1011 &
0$
#17581000
b1101 #
b1101 '
b1101 (
b1100 &
0$
#17582000
b1110 #
b1110 '
b1110 (
b1101 &
0$
#17583000
b1111 #
b1111 '
b1111 (
b1110 &
0$
#17584000
b10000 #
b10000 '
b10000 (
b1111 &
0$
#17585000
b10001 #
b10001 '
b10001 (
b10000 &
0$
#17586000
b10010 #
b10010 '
b10010 (
b10001 &
0$
#17587000
b10011 #
b10011 '
b10011 (
b10010 &
0$
#17588000
b10100 #
b10100 '
b10100 (
b10011 &
0$
#17589000
b10101 #
b10101 '
b10101 (
b10100 &
0$
#17590000
b10110 #
b10110 '
b10110 (
b10101 &
0$
#17591000
b10111 #
b10111 '
b10111 (
b10110 &
0$
#17592000
b11000 #
b11000 '
b11000 (
b10111 &
0$
#17593000
b11001 #
b11001 '
b11001 (
b11000 &
0$
#17594000
b11010 #
b11010 '
b11010 (
b11001 &
0$
#17595000
b11011 #
b11011 '
b11011 (
b11010 &
0$
#17596000
b11100 #
b11100 '
b11100 (
b11011 &
0$
#17597000
b11101 #
b11101 '
b11101 (
b11100 &
0$
#17598000
b11110 #
b11110 '
b11110 (
b11101 &
0$
#17599000
b11111 #
b11111 '
b11111 (
b11110 &
0$
#17600000
b0 #
b0 '
b0 (
b11111 &
0$
#17601000
b1 #
b1 '
b1 (
b0 &
0$
#17602000
b10 #
b10 '
b10 (
b1 &
0$
#17603000
b11 #
b11 '
b11 (
b10 &
0$
#17604000
b100 #
b100 '
b100 (
b11 &
0$
#17605000
b101 #
b101 '
b101 (
b100 &
0$
#17606000
b110 #
b110 '
b110 (
b101 &
0$
#17607000
b111 #
b111 '
b111 (
b110 &
0$
#17608000
b1000 #
b1000 '
b1000 (
b111 &
0$
#17609000
b1001 #
b1001 '
b1001 (
b1000 &
0$
#17610000
b1010 #
b1010 '
b1010 (
b1001 &
0$
#17611000
b1011 #
b1011 '
b1011 (
b1010 &
0$
#17612000
b1100 #
b1100 '
b1100 (
b1011 &
0$
#17613000
b1101 #
b1101 '
b1101 (
b1100 &
0$
#17614000
b1110 #
b1110 '
b1110 (
b1101 &
0$
#17615000
b1111 #
b1111 '
b1111 (
b1110 &
0$
#17616000
b10000 #
b10000 '
b10000 (
b1111 &
0$
#17617000
b10001 #
b10001 '
b10001 (
b10000 &
0$
#17618000
b10010 #
b10010 '
b10010 (
b10001 &
0$
#17619000
b10011 #
b10011 '
b10011 (
b10010 &
0$
#17620000
b10100 #
b10100 '
b10100 (
b10011 &
0$
#17621000
b10101 #
b10101 '
b10101 (
b10100 &
0$
#17622000
b10110 #
b10110 '
b10110 (
b10101 &
0$
#17623000
b10111 #
b10111 '
b10111 (
b10110 &
0$
#17624000
b11000 #
b11000 '
b11000 (
b10111 &
0$
#17625000
b11001 #
b11001 '
b11001 (
b11000 &
0$
#17626000
b11010 #
b11010 '
b11010 (
b11001 &
0$
#17627000
b11011 #
b11011 '
b11011 (
b11010 &
0$
#17628000
b11100 #
b11100 '
b11100 (
b11011 &
0$
#17629000
b11101 #
b11101 '
b11101 (
b11100 &
0$
#17630000
b11110 #
b11110 '
b11110 (
b11101 &
0$
#17631000
b11111 #
b11111 '
b11111 (
b11110 &
0$
#17632000
b0 #
b0 '
b0 (
b11111 &
0$
#17633000
b1 #
b1 '
b1 (
b0 &
0$
#17634000
b10 #
b10 '
b10 (
b1 &
0$
#17635000
b11 #
b11 '
b11 (
b10 &
0$
#17636000
b100 #
b100 '
b100 (
b11 &
0$
#17637000
b101 #
b101 '
b101 (
b100 &
0$
#17638000
b110 #
b110 '
b110 (
b101 &
0$
#17639000
b111 #
b111 '
b111 (
b110 &
0$
#17640000
b1000 #
b1000 '
b1000 (
b111 &
0$
#17641000
b1001 #
b1001 '
b1001 (
b1000 &
0$
#17642000
b1010 #
b1010 '
b1010 (
b1001 &
0$
#17643000
b1011 #
b1011 '
b1011 (
b1010 &
0$
#17644000
b1100 #
b1100 '
b1100 (
b1011 &
0$
#17645000
b1101 #
b1101 '
b1101 (
b1100 &
0$
#17646000
b1110 #
b1110 '
b1110 (
b1101 &
0$
#17647000
b1111 #
b1111 '
b1111 (
b1110 &
0$
#17648000
b10000 #
b10000 '
b10000 (
b1111 &
0$
#17649000
b10001 #
b10001 '
b10001 (
b10000 &
0$
#17650000
b10010 #
b10010 '
b10010 (
b10001 &
0$
#17651000
b10011 #
b10011 '
b10011 (
b10010 &
0$
#17652000
b10100 #
b10100 '
b10100 (
b10011 &
0$
#17653000
b10101 #
b10101 '
b10101 (
b10100 &
0$
#17654000
b10110 #
b10110 '
b10110 (
b10101 &
0$
#17655000
b10111 #
b10111 '
b10111 (
b10110 &
0$
#17656000
b11000 #
b11000 '
b11000 (
b10111 &
0$
#17657000
b11001 #
b11001 '
b11001 (
b11000 &
0$
#17658000
b11010 #
b11010 '
b11010 (
b11001 &
0$
#17659000
b11011 #
b11011 '
b11011 (
b11010 &
0$
#17660000
b11100 #
b11100 '
b11100 (
b11011 &
0$
#17661000
b11101 #
b11101 '
b11101 (
b11100 &
0$
#17662000
b11110 #
b11110 '
b11110 (
b11101 &
0$
#17663000
b11111 #
b11111 '
b11111 (
b11110 &
0$
#17664000
b0 #
b0 '
b0 (
b11111 &
0$
#17665000
b1 #
b1 '
b1 (
b0 &
0$
#17666000
b10 #
b10 '
b10 (
b1 &
0$
#17667000
b11 #
b11 '
b11 (
b10 &
0$
#17668000
b100 #
b100 '
b100 (
b11 &
0$
#17669000
b101 #
b101 '
b101 (
b100 &
0$
#17670000
b110 #
b110 '
b110 (
b101 &
0$
#17671000
b111 #
b111 '
b111 (
b110 &
0$
#17672000
b1000 #
b1000 '
b1000 (
b111 &
0$
#17673000
b1001 #
b1001 '
b1001 (
b1000 &
0$
#17674000
b1010 #
b1010 '
b1010 (
b1001 &
0$
#17675000
b1011 #
b1011 '
b1011 (
b1010 &
0$
#17676000
b1100 #
b1100 '
b1100 (
b1011 &
0$
#17677000
b1101 #
b1101 '
b1101 (
b1100 &
0$
#17678000
b1110 #
b1110 '
b1110 (
b1101 &
0$
#17679000
b1111 #
b1111 '
b1111 (
b1110 &
0$
#17680000
b10000 #
b10000 '
b10000 (
b1111 &
0$
#17681000
b10001 #
b10001 '
b10001 (
b10000 &
0$
#17682000
b10010 #
b10010 '
b10010 (
b10001 &
0$
#17683000
b10011 #
b10011 '
b10011 (
b10010 &
0$
#17684000
b10100 #
b10100 '
b10100 (
b10011 &
0$
#17685000
b10101 #
b10101 '
b10101 (
b10100 &
0$
#17686000
b10110 #
b10110 '
b10110 (
b10101 &
0$
#17687000
b10111 #
b10111 '
b10111 (
b10110 &
0$
#17688000
b11000 #
b11000 '
b11000 (
b10111 &
0$
#17689000
b11001 #
b11001 '
b11001 (
b11000 &
0$
#17690000
b11010 #
b11010 '
b11010 (
b11001 &
0$
#17691000
b11011 #
b11011 '
b11011 (
b11010 &
0$
#17692000
b11100 #
b11100 '
b11100 (
b11011 &
0$
#17693000
b11101 #
b11101 '
b11101 (
b11100 &
0$
#17694000
b11110 #
b11110 '
b11110 (
b11101 &
0$
#17695000
b11111 #
b11111 '
b11111 (
b11110 &
0$
#17696000
b0 #
b0 '
b0 (
b11111 &
0$
#17697000
b1 #
b1 '
b1 (
b0 &
0$
#17698000
b10 #
b10 '
b10 (
b1 &
0$
#17699000
b11 #
b11 '
b11 (
b10 &
0$
#17700000
b100 #
b100 '
b100 (
b11 &
0$
#17701000
b101 #
b101 '
b101 (
b100 &
0$
#17702000
b110 #
b110 '
b110 (
b101 &
0$
#17703000
b111 #
b111 '
b111 (
b110 &
0$
#17704000
b1000 #
b1000 '
b1000 (
b111 &
0$
#17705000
b1001 #
b1001 '
b1001 (
b1000 &
0$
#17706000
b1010 #
b1010 '
b1010 (
b1001 &
0$
#17707000
b1011 #
b1011 '
b1011 (
b1010 &
0$
#17708000
b1100 #
b1100 '
b1100 (
b1011 &
0$
#17709000
b1101 #
b1101 '
b1101 (
b1100 &
0$
#17710000
b1110 #
b1110 '
b1110 (
b1101 &
0$
#17711000
b1111 #
b1111 '
b1111 (
b1110 &
0$
#17712000
b10000 #
b10000 '
b10000 (
b1111 &
0$
#17713000
b10001 #
b10001 '
b10001 (
b10000 &
0$
#17714000
b10010 #
b10010 '
b10010 (
b10001 &
0$
#17715000
b10011 #
b10011 '
b10011 (
b10010 &
0$
#17716000
b10100 #
b10100 '
b10100 (
b10011 &
0$
#17717000
b10101 #
b10101 '
b10101 (
b10100 &
0$
#17718000
b10110 #
b10110 '
b10110 (
b10101 &
0$
#17719000
b10111 #
b10111 '
b10111 (
b10110 &
0$
#17720000
b11000 #
b11000 '
b11000 (
b10111 &
0$
#17721000
b11001 #
b11001 '
b11001 (
b11000 &
0$
#17722000
b11010 #
b11010 '
b11010 (
b11001 &
0$
#17723000
b11011 #
b11011 '
b11011 (
b11010 &
0$
#17724000
b11100 #
b11100 '
b11100 (
b11011 &
0$
#17725000
b11101 #
b11101 '
b11101 (
b11100 &
0$
#17726000
b11110 #
b11110 '
b11110 (
b11101 &
0$
#17727000
b11111 #
b11111 '
b11111 (
b11110 &
0$
#17728000
b0 #
b0 '
b0 (
b11111 &
0$
#17729000
b1 #
b1 '
b1 (
b0 &
0$
#17730000
b10 #
b10 '
b10 (
b1 &
0$
#17731000
b11 #
b11 '
b11 (
b10 &
0$
#17732000
b100 #
b100 '
b100 (
b11 &
0$
#17733000
b101 #
b101 '
b101 (
b100 &
0$
#17734000
b110 #
b110 '
b110 (
b101 &
0$
#17735000
b111 #
b111 '
b111 (
b110 &
0$
#17736000
b1000 #
b1000 '
b1000 (
b111 &
0$
#17737000
b1001 #
b1001 '
b1001 (
b1000 &
0$
#17738000
b1010 #
b1010 '
b1010 (
b1001 &
0$
#17739000
b1011 #
b1011 '
b1011 (
b1010 &
0$
#17740000
b1100 #
b1100 '
b1100 (
b1011 &
0$
#17741000
b1101 #
b1101 '
b1101 (
b1100 &
0$
#17742000
b1110 #
b1110 '
b1110 (
b1101 &
0$
#17743000
b1111 #
b1111 '
b1111 (
b1110 &
0$
#17744000
b10000 #
b10000 '
b10000 (
b1111 &
0$
#17745000
b10001 #
b10001 '
b10001 (
b10000 &
0$
#17746000
b10010 #
b10010 '
b10010 (
b10001 &
0$
#17747000
b10011 #
b10011 '
b10011 (
b10010 &
0$
#17748000
b10100 #
b10100 '
b10100 (
b10011 &
0$
#17749000
b10101 #
b10101 '
b10101 (
b10100 &
0$
#17750000
b10110 #
b10110 '
b10110 (
b10101 &
0$
#17751000
b10111 #
b10111 '
b10111 (
b10110 &
0$
#17752000
b11000 #
b11000 '
b11000 (
b10111 &
0$
#17753000
b11001 #
b11001 '
b11001 (
b11000 &
0$
#17754000
b11010 #
b11010 '
b11010 (
b11001 &
0$
#17755000
b11011 #
b11011 '
b11011 (
b11010 &
0$
#17756000
b11100 #
b11100 '
b11100 (
b11011 &
0$
#17757000
b11101 #
b11101 '
b11101 (
b11100 &
0$
#17758000
b11110 #
b11110 '
b11110 (
b11101 &
0$
#17759000
b11111 #
b11111 '
b11111 (
b11110 &
0$
#17760000
b0 #
b0 '
b0 (
b11111 &
0$
#17761000
b1 #
b1 '
b1 (
b0 &
0$
#17762000
b10 #
b10 '
b10 (
b1 &
0$
#17763000
b11 #
b11 '
b11 (
b10 &
0$
#17764000
b100 #
b100 '
b100 (
b11 &
0$
#17765000
b101 #
b101 '
b101 (
b100 &
0$
#17766000
b110 #
b110 '
b110 (
b101 &
0$
#17767000
b111 #
b111 '
b111 (
b110 &
0$
#17768000
b1000 #
b1000 '
b1000 (
b111 &
0$
#17769000
b1001 #
b1001 '
b1001 (
b1000 &
0$
#17770000
b1010 #
b1010 '
b1010 (
b1001 &
0$
#17771000
b1011 #
b1011 '
b1011 (
b1010 &
0$
#17772000
b1100 #
b1100 '
b1100 (
b1011 &
0$
#17773000
b1101 #
b1101 '
b1101 (
b1100 &
0$
#17774000
b1110 #
b1110 '
b1110 (
b1101 &
0$
#17775000
b1111 #
b1111 '
b1111 (
b1110 &
0$
#17776000
b10000 #
b10000 '
b10000 (
b1111 &
0$
#17777000
b10001 #
b10001 '
b10001 (
b10000 &
0$
#17778000
b10010 #
b10010 '
b10010 (
b10001 &
0$
#17779000
b10011 #
b10011 '
b10011 (
b10010 &
0$
#17780000
b10100 #
b10100 '
b10100 (
b10011 &
0$
#17781000
b10101 #
b10101 '
b10101 (
b10100 &
0$
#17782000
b10110 #
b10110 '
b10110 (
b10101 &
0$
#17783000
b10111 #
b10111 '
b10111 (
b10110 &
0$
#17784000
b11000 #
b11000 '
b11000 (
b10111 &
0$
#17785000
b11001 #
b11001 '
b11001 (
b11000 &
0$
#17786000
b11010 #
b11010 '
b11010 (
b11001 &
0$
#17787000
b11011 #
b11011 '
b11011 (
b11010 &
0$
#17788000
b11100 #
b11100 '
b11100 (
b11011 &
0$
#17789000
b11101 #
b11101 '
b11101 (
b11100 &
0$
#17790000
b11110 #
b11110 '
b11110 (
b11101 &
0$
#17791000
b11111 #
b11111 '
b11111 (
b11110 &
0$
#17792000
b0 #
b0 '
b0 (
b11111 &
0$
#17793000
b1 #
b1 '
b1 (
b0 &
0$
#17794000
b10 #
b10 '
b10 (
b1 &
0$
#17795000
b11 #
b11 '
b11 (
b10 &
0$
#17796000
b100 #
b100 '
b100 (
b11 &
0$
#17797000
b101 #
b101 '
b101 (
b100 &
0$
#17798000
b110 #
b110 '
b110 (
b101 &
0$
#17799000
b111 #
b111 '
b111 (
b110 &
0$
#17800000
b1000 #
b1000 '
b1000 (
b111 &
0$
#17801000
b1001 #
b1001 '
b1001 (
b1000 &
0$
#17802000
b1010 #
b1010 '
b1010 (
b1001 &
0$
#17803000
b1011 #
b1011 '
b1011 (
b1010 &
0$
#17804000
b1100 #
b1100 '
b1100 (
b1011 &
0$
#17805000
b1101 #
b1101 '
b1101 (
b1100 &
0$
#17806000
b1110 #
b1110 '
b1110 (
b1101 &
0$
#17807000
b1111 #
b1111 '
b1111 (
b1110 &
0$
#17808000
b10000 #
b10000 '
b10000 (
b1111 &
0$
#17809000
b10001 #
b10001 '
b10001 (
b10000 &
0$
#17810000
b10010 #
b10010 '
b10010 (
b10001 &
0$
#17811000
b10011 #
b10011 '
b10011 (
b10010 &
0$
#17812000
b10100 #
b10100 '
b10100 (
b10011 &
0$
#17813000
b10101 #
b10101 '
b10101 (
b10100 &
0$
#17814000
b10110 #
b10110 '
b10110 (
b10101 &
0$
#17815000
b10111 #
b10111 '
b10111 (
b10110 &
0$
#17816000
b11000 #
b11000 '
b11000 (
b10111 &
0$
#17817000
b11001 #
b11001 '
b11001 (
b11000 &
0$
#17818000
b11010 #
b11010 '
b11010 (
b11001 &
0$
#17819000
b11011 #
b11011 '
b11011 (
b11010 &
0$
#17820000
b11100 #
b11100 '
b11100 (
b11011 &
0$
#17821000
b11101 #
b11101 '
b11101 (
b11100 &
0$
#17822000
b11110 #
b11110 '
b11110 (
b11101 &
0$
#17823000
b11111 #
b11111 '
b11111 (
b11110 &
0$
#17824000
b0 #
b0 '
b0 (
b11111 &
0$
#17825000
b1 #
b1 '
b1 (
b0 &
0$
#17826000
b10 #
b10 '
b10 (
b1 &
0$
#17827000
b11 #
b11 '
b11 (
b10 &
0$
#17828000
b100 #
b100 '
b100 (
b11 &
0$
#17829000
b101 #
b101 '
b101 (
b100 &
0$
#17830000
b110 #
b110 '
b110 (
b101 &
0$
#17831000
b111 #
b111 '
b111 (
b110 &
0$
#17832000
b1000 #
b1000 '
b1000 (
b111 &
0$
#17833000
b1001 #
b1001 '
b1001 (
b1000 &
0$
#17834000
b1010 #
b1010 '
b1010 (
b1001 &
0$
#17835000
b1011 #
b1011 '
b1011 (
b1010 &
0$
#17836000
b1100 #
b1100 '
b1100 (
b1011 &
0$
#17837000
b1101 #
b1101 '
b1101 (
b1100 &
0$
#17838000
b1110 #
b1110 '
b1110 (
b1101 &
0$
#17839000
b1111 #
b1111 '
b1111 (
b1110 &
0$
#17840000
b10000 #
b10000 '
b10000 (
b1111 &
0$
#17841000
b10001 #
b10001 '
b10001 (
b10000 &
0$
#17842000
b10010 #
b10010 '
b10010 (
b10001 &
0$
#17843000
b10011 #
b10011 '
b10011 (
b10010 &
0$
#17844000
b10100 #
b10100 '
b10100 (
b10011 &
0$
#17845000
b10101 #
b10101 '
b10101 (
b10100 &
0$
#17846000
b10110 #
b10110 '
b10110 (
b10101 &
0$
#17847000
b10111 #
b10111 '
b10111 (
b10110 &
0$
#17848000
b11000 #
b11000 '
b11000 (
b10111 &
0$
#17849000
b11001 #
b11001 '
b11001 (
b11000 &
0$
#17850000
b11010 #
b11010 '
b11010 (
b11001 &
0$
#17851000
b11011 #
b11011 '
b11011 (
b11010 &
0$
#17852000
b11100 #
b11100 '
b11100 (
b11011 &
0$
#17853000
b11101 #
b11101 '
b11101 (
b11100 &
0$
#17854000
b11110 #
b11110 '
b11110 (
b11101 &
0$
#17855000
b11111 #
b11111 '
b11111 (
b11110 &
0$
#17856000
b0 #
b0 '
b0 (
b11111 &
0$
#17857000
b1 #
b1 '
b1 (
b0 &
0$
#17858000
b10 #
b10 '
b10 (
b1 &
0$
#17859000
b11 #
b11 '
b11 (
b10 &
0$
#17860000
b100 #
b100 '
b100 (
b11 &
0$
#17861000
b101 #
b101 '
b101 (
b100 &
0$
#17862000
b110 #
b110 '
b110 (
b101 &
0$
#17863000
b111 #
b111 '
b111 (
b110 &
0$
#17864000
b1000 #
b1000 '
b1000 (
b111 &
0$
#17865000
b1001 #
b1001 '
b1001 (
b1000 &
0$
#17866000
b1010 #
b1010 '
b1010 (
b1001 &
0$
#17867000
b1011 #
b1011 '
b1011 (
b1010 &
0$
#17868000
b1100 #
b1100 '
b1100 (
b1011 &
0$
#17869000
b1101 #
b1101 '
b1101 (
b1100 &
0$
#17870000
b1110 #
b1110 '
b1110 (
b1101 &
0$
#17871000
b1111 #
b1111 '
b1111 (
b1110 &
0$
#17872000
b10000 #
b10000 '
b10000 (
b1111 &
0$
#17873000
b10001 #
b10001 '
b10001 (
b10000 &
0$
#17874000
b10010 #
b10010 '
b10010 (
b10001 &
0$
#17875000
b10011 #
b10011 '
b10011 (
b10010 &
0$
#17876000
b10100 #
b10100 '
b10100 (
b10011 &
0$
#17877000
b10101 #
b10101 '
b10101 (
b10100 &
0$
#17878000
b10110 #
b10110 '
b10110 (
b10101 &
0$
#17879000
b10111 #
b10111 '
b10111 (
b10110 &
0$
#17880000
b11000 #
b11000 '
b11000 (
b10111 &
0$
#17881000
b11001 #
b11001 '
b11001 (
b11000 &
0$
#17882000
b11010 #
b11010 '
b11010 (
b11001 &
0$
#17883000
b11011 #
b11011 '
b11011 (
b11010 &
0$
#17884000
b11100 #
b11100 '
b11100 (
b11011 &
0$
#17885000
b11101 #
b11101 '
b11101 (
b11100 &
0$
#17886000
b11110 #
b11110 '
b11110 (
b11101 &
0$
#17887000
b11111 #
b11111 '
b11111 (
b11110 &
0$
#17888000
b0 #
b0 '
b0 (
b11111 &
0$
#17889000
b1 #
b1 '
b1 (
b0 &
0$
#17890000
b10 #
b10 '
b10 (
b1 &
0$
#17891000
b11 #
b11 '
b11 (
b10 &
0$
#17892000
b100 #
b100 '
b100 (
b11 &
0$
#17893000
b101 #
b101 '
b101 (
b100 &
0$
#17894000
b110 #
b110 '
b110 (
b101 &
0$
#17895000
b111 #
b111 '
b111 (
b110 &
0$
#17896000
b1000 #
b1000 '
b1000 (
b111 &
0$
#17897000
b1001 #
b1001 '
b1001 (
b1000 &
0$
#17898000
b1010 #
b1010 '
b1010 (
b1001 &
0$
#17899000
b1011 #
b1011 '
b1011 (
b1010 &
0$
#17900000
b1100 #
b1100 '
b1100 (
b1011 &
0$
#17901000
b1101 #
b1101 '
b1101 (
b1100 &
0$
#17902000
b1110 #
b1110 '
b1110 (
b1101 &
0$
#17903000
b1111 #
b1111 '
b1111 (
b1110 &
0$
#17904000
b10000 #
b10000 '
b10000 (
b1111 &
0$
#17905000
b10001 #
b10001 '
b10001 (
b10000 &
0$
#17906000
b10010 #
b10010 '
b10010 (
b10001 &
0$
#17907000
b10011 #
b10011 '
b10011 (
b10010 &
0$
#17908000
b10100 #
b10100 '
b10100 (
b10011 &
0$
#17909000
b10101 #
b10101 '
b10101 (
b10100 &
0$
#17910000
b10110 #
b10110 '
b10110 (
b10101 &
0$
#17911000
b10111 #
b10111 '
b10111 (
b10110 &
0$
#17912000
b11000 #
b11000 '
b11000 (
b10111 &
0$
#17913000
b11001 #
b11001 '
b11001 (
b11000 &
0$
#17914000
b11010 #
b11010 '
b11010 (
b11001 &
0$
#17915000
b11011 #
b11011 '
b11011 (
b11010 &
0$
#17916000
b11100 #
b11100 '
b11100 (
b11011 &
0$
#17917000
b11101 #
b11101 '
b11101 (
b11100 &
0$
#17918000
b11110 #
b11110 '
b11110 (
b11101 &
0$
#17919000
b11111 #
b11111 '
b11111 (
b11110 &
0$
#17920000
b0 #
b0 '
b0 (
b11111 &
0$
#17921000
b1 #
b1 '
b1 (
b0 &
0$
#17922000
b10 #
b10 '
b10 (
b1 &
0$
#17923000
b11 #
b11 '
b11 (
b10 &
0$
#17924000
b100 #
b100 '
b100 (
b11 &
0$
#17925000
b101 #
b101 '
b101 (
b100 &
0$
#17926000
b110 #
b110 '
b110 (
b101 &
0$
#17927000
b111 #
b111 '
b111 (
b110 &
0$
#17928000
b1000 #
b1000 '
b1000 (
b111 &
0$
#17929000
b1001 #
b1001 '
b1001 (
b1000 &
0$
#17930000
b1010 #
b1010 '
b1010 (
b1001 &
0$
#17931000
b1011 #
b1011 '
b1011 (
b1010 &
0$
#17932000
b1100 #
b1100 '
b1100 (
b1011 &
0$
#17933000
b1101 #
b1101 '
b1101 (
b1100 &
0$
#17934000
b1110 #
b1110 '
b1110 (
b1101 &
0$
#17935000
b1111 #
b1111 '
b1111 (
b1110 &
0$
#17936000
b10000 #
b10000 '
b10000 (
b1111 &
0$
#17937000
b10001 #
b10001 '
b10001 (
b10000 &
0$
#17938000
b10010 #
b10010 '
b10010 (
b10001 &
0$
#17939000
b10011 #
b10011 '
b10011 (
b10010 &
0$
#17940000
b10100 #
b10100 '
b10100 (
b10011 &
0$
#17941000
b10101 #
b10101 '
b10101 (
b10100 &
0$
#17942000
b10110 #
b10110 '
b10110 (
b10101 &
0$
#17943000
b10111 #
b10111 '
b10111 (
b10110 &
0$
#17944000
b11000 #
b11000 '
b11000 (
b10111 &
0$
#17945000
b11001 #
b11001 '
b11001 (
b11000 &
0$
#17946000
b11010 #
b11010 '
b11010 (
b11001 &
0$
#17947000
b11011 #
b11011 '
b11011 (
b11010 &
0$
#17948000
b11100 #
b11100 '
b11100 (
b11011 &
0$
#17949000
b11101 #
b11101 '
b11101 (
b11100 &
0$
#17950000
b11110 #
b11110 '
b11110 (
b11101 &
0$
#17951000
b11111 #
b11111 '
b11111 (
b11110 &
0$
#17952000
b0 #
b0 '
b0 (
b11111 &
0$
#17953000
b1 #
b1 '
b1 (
b0 &
0$
#17954000
b10 #
b10 '
b10 (
b1 &
0$
#17955000
b11 #
b11 '
b11 (
b10 &
0$
#17956000
b100 #
b100 '
b100 (
b11 &
0$
#17957000
b101 #
b101 '
b101 (
b100 &
0$
#17958000
b110 #
b110 '
b110 (
b101 &
0$
#17959000
b111 #
b111 '
b111 (
b110 &
0$
#17960000
b1000 #
b1000 '
b1000 (
b111 &
0$
#17961000
b1001 #
b1001 '
b1001 (
b1000 &
0$
#17962000
b1010 #
b1010 '
b1010 (
b1001 &
0$
#17963000
b1011 #
b1011 '
b1011 (
b1010 &
0$
#17964000
b1100 #
b1100 '
b1100 (
b1011 &
0$
#17965000
b1101 #
b1101 '
b1101 (
b1100 &
0$
#17966000
b1110 #
b1110 '
b1110 (
b1101 &
0$
#17967000
b1111 #
b1111 '
b1111 (
b1110 &
0$
#17968000
b10000 #
b10000 '
b10000 (
b1111 &
0$
#17969000
b10001 #
b10001 '
b10001 (
b10000 &
0$
#17970000
b10010 #
b10010 '
b10010 (
b10001 &
0$
#17971000
b10011 #
b10011 '
b10011 (
b10010 &
0$
#17972000
b10100 #
b10100 '
b10100 (
b10011 &
0$
#17973000
b10101 #
b10101 '
b10101 (
b10100 &
0$
#17974000
b10110 #
b10110 '
b10110 (
b10101 &
0$
#17975000
b10111 #
b10111 '
b10111 (
b10110 &
0$
#17976000
b11000 #
b11000 '
b11000 (
b10111 &
0$
#17977000
b11001 #
b11001 '
b11001 (
b11000 &
0$
#17978000
b11010 #
b11010 '
b11010 (
b11001 &
0$
#17979000
b11011 #
b11011 '
b11011 (
b11010 &
0$
#17980000
b11100 #
b11100 '
b11100 (
b11011 &
0$
#17981000
b11101 #
b11101 '
b11101 (
b11100 &
0$
#17982000
b11110 #
b11110 '
b11110 (
b11101 &
0$
#17983000
b11111 #
b11111 '
b11111 (
b11110 &
0$
#17984000
b0 #
b0 '
b0 (
b11111 &
0$
#17985000
b1 #
b1 '
b1 (
b0 &
0$
#17986000
b10 #
b10 '
b10 (
b1 &
0$
#17987000
b11 #
b11 '
b11 (
b10 &
0$
#17988000
b100 #
b100 '
b100 (
b11 &
0$
#17989000
b101 #
b101 '
b101 (
b100 &
0$
#17990000
b110 #
b110 '
b110 (
b101 &
0$
#17991000
b111 #
b111 '
b111 (
b110 &
0$
#17992000
b1000 #
b1000 '
b1000 (
b111 &
0$
#17993000
b1001 #
b1001 '
b1001 (
b1000 &
0$
#17994000
b1010 #
b1010 '
b1010 (
b1001 &
0$
#17995000
b1011 #
b1011 '
b1011 (
b1010 &
0$
#17996000
b1100 #
b1100 '
b1100 (
b1011 &
0$
#17997000
b1101 #
b1101 '
b1101 (
b1100 &
0$
#17998000
b1110 #
b1110 '
b1110 (
b1101 &
0$
#17999000
b1111 #
b1111 '
b1111 (
b1110 &
0$
#18000000
b10000 #
b10000 '
b10000 (
b1111 &
0$
#18001000
b10001 #
b10001 '
b10001 (
b10000 &
0$
#18002000
b10010 #
b10010 '
b10010 (
b10001 &
0$
#18003000
b10011 #
b10011 '
b10011 (
b10010 &
0$
#18004000
b10100 #
b10100 '
b10100 (
b10011 &
0$
#18005000
b10101 #
b10101 '
b10101 (
b10100 &
0$
#18006000
b10110 #
b10110 '
b10110 (
b10101 &
0$
#18007000
b10111 #
b10111 '
b10111 (
b10110 &
0$
#18008000
b11000 #
b11000 '
b11000 (
b10111 &
0$
#18009000
b11001 #
b11001 '
b11001 (
b11000 &
0$
#18010000
b11010 #
b11010 '
b11010 (
b11001 &
0$
#18011000
b11011 #
b11011 '
b11011 (
b11010 &
0$
#18012000
b11100 #
b11100 '
b11100 (
b11011 &
0$
#18013000
b11101 #
b11101 '
b11101 (
b11100 &
0$
#18014000
b11110 #
b11110 '
b11110 (
b11101 &
0$
#18015000
b11111 #
b11111 '
b11111 (
b11110 &
0$
#18016000
b0 #
b0 '
b0 (
b11111 &
0$
#18017000
b1 #
b1 '
b1 (
b0 &
0$
#18018000
b10 #
b10 '
b10 (
b1 &
0$
#18019000
b11 #
b11 '
b11 (
b10 &
0$
#18020000
b100 #
b100 '
b100 (
b11 &
0$
#18021000
b101 #
b101 '
b101 (
b100 &
0$
#18022000
b110 #
b110 '
b110 (
b101 &
0$
#18023000
b111 #
b111 '
b111 (
b110 &
0$
#18024000
b1000 #
b1000 '
b1000 (
b111 &
0$
#18025000
b1001 #
b1001 '
b1001 (
b1000 &
0$
#18026000
b1010 #
b1010 '
b1010 (
b1001 &
0$
#18027000
b1011 #
b1011 '
b1011 (
b1010 &
0$
#18028000
b1100 #
b1100 '
b1100 (
b1011 &
0$
#18029000
b1101 #
b1101 '
b1101 (
b1100 &
0$
#18030000
b1110 #
b1110 '
b1110 (
b1101 &
0$
#18031000
b1111 #
b1111 '
b1111 (
b1110 &
0$
#18032000
b10000 #
b10000 '
b10000 (
b1111 &
0$
#18033000
b10001 #
b10001 '
b10001 (
b10000 &
0$
#18034000
b10010 #
b10010 '
b10010 (
b10001 &
0$
#18035000
b10011 #
b10011 '
b10011 (
b10010 &
0$
#18036000
b10100 #
b10100 '
b10100 (
b10011 &
0$
#18037000
b10101 #
b10101 '
b10101 (
b10100 &
0$
#18038000
b10110 #
b10110 '
b10110 (
b10101 &
0$
#18039000
b10111 #
b10111 '
b10111 (
b10110 &
0$
#18040000
b11000 #
b11000 '
b11000 (
b10111 &
0$
#18041000
b11001 #
b11001 '
b11001 (
b11000 &
0$
#18042000
b11010 #
b11010 '
b11010 (
b11001 &
0$
#18043000
b11011 #
b11011 '
b11011 (
b11010 &
0$
#18044000
b11100 #
b11100 '
b11100 (
b11011 &
0$
#18045000
b11101 #
b11101 '
b11101 (
b11100 &
0$
#18046000
b11110 #
b11110 '
b11110 (
b11101 &
0$
#18047000
b11111 #
b11111 '
b11111 (
b11110 &
0$
#18048000
b0 #
b0 '
b0 (
b11111 &
0$
#18049000
b1 #
b1 '
b1 (
b0 &
0$
#18050000
b10 #
b10 '
b10 (
b1 &
0$
#18051000
b11 #
b11 '
b11 (
b10 &
0$
#18052000
b100 #
b100 '
b100 (
b11 &
0$
#18053000
b101 #
b101 '
b101 (
b100 &
0$
#18054000
b110 #
b110 '
b110 (
b101 &
0$
#18055000
b111 #
b111 '
b111 (
b110 &
0$
#18056000
b1000 #
b1000 '
b1000 (
b111 &
0$
#18057000
b1001 #
b1001 '
b1001 (
b1000 &
0$
#18058000
b1010 #
b1010 '
b1010 (
b1001 &
0$
#18059000
b1011 #
b1011 '
b1011 (
b1010 &
0$
#18060000
b1100 #
b1100 '
b1100 (
b1011 &
0$
#18061000
b1101 #
b1101 '
b1101 (
b1100 &
0$
#18062000
b1110 #
b1110 '
b1110 (
b1101 &
0$
#18063000
b1111 #
b1111 '
b1111 (
b1110 &
0$
#18064000
b10000 #
b10000 '
b10000 (
b1111 &
0$
#18065000
b10001 #
b10001 '
b10001 (
b10000 &
0$
#18066000
b10010 #
b10010 '
b10010 (
b10001 &
0$
#18067000
b10011 #
b10011 '
b10011 (
b10010 &
0$
#18068000
b10100 #
b10100 '
b10100 (
b10011 &
0$
#18069000
b10101 #
b10101 '
b10101 (
b10100 &
0$
#18070000
b10110 #
b10110 '
b10110 (
b10101 &
0$
#18071000
b10111 #
b10111 '
b10111 (
b10110 &
0$
#18072000
b11000 #
b11000 '
b11000 (
b10111 &
0$
#18073000
b11001 #
b11001 '
b11001 (
b11000 &
0$
#18074000
b11010 #
b11010 '
b11010 (
b11001 &
0$
#18075000
b11011 #
b11011 '
b11011 (
b11010 &
0$
#18076000
b11100 #
b11100 '
b11100 (
b11011 &
0$
#18077000
b11101 #
b11101 '
b11101 (
b11100 &
0$
#18078000
b11110 #
b11110 '
b11110 (
b11101 &
0$
#18079000
b11111 #
b11111 '
b11111 (
b11110 &
0$
#18080000
b0 #
b0 '
b0 (
b11111 &
0$
#18081000
b1 #
b1 '
b1 (
b0 &
0$
#18082000
b10 #
b10 '
b10 (
b1 &
0$
#18083000
b11 #
b11 '
b11 (
b10 &
0$
#18084000
b100 #
b100 '
b100 (
b11 &
0$
#18085000
b101 #
b101 '
b101 (
b100 &
0$
#18086000
b110 #
b110 '
b110 (
b101 &
0$
#18087000
b111 #
b111 '
b111 (
b110 &
0$
#18088000
b1000 #
b1000 '
b1000 (
b111 &
0$
#18089000
b1001 #
b1001 '
b1001 (
b1000 &
0$
#18090000
b1010 #
b1010 '
b1010 (
b1001 &
0$
#18091000
b1011 #
b1011 '
b1011 (
b1010 &
0$
#18092000
b1100 #
b1100 '
b1100 (
b1011 &
0$
#18093000
b1101 #
b1101 '
b1101 (
b1100 &
0$
#18094000
b1110 #
b1110 '
b1110 (
b1101 &
0$
#18095000
b1111 #
b1111 '
b1111 (
b1110 &
0$
#18096000
b10000 #
b10000 '
b10000 (
b1111 &
0$
#18097000
b10001 #
b10001 '
b10001 (
b10000 &
0$
#18098000
b10010 #
b10010 '
b10010 (
b10001 &
0$
#18099000
b10011 #
b10011 '
b10011 (
b10010 &
0$
#18100000
b10100 #
b10100 '
b10100 (
b10011 &
0$
#18101000
b10101 #
b10101 '
b10101 (
b10100 &
0$
#18102000
b10110 #
b10110 '
b10110 (
b10101 &
0$
#18103000
b10111 #
b10111 '
b10111 (
b10110 &
0$
#18104000
b11000 #
b11000 '
b11000 (
b10111 &
0$
#18105000
b11001 #
b11001 '
b11001 (
b11000 &
0$
#18106000
b11010 #
b11010 '
b11010 (
b11001 &
0$
#18107000
b11011 #
b11011 '
b11011 (
b11010 &
0$
#18108000
b11100 #
b11100 '
b11100 (
b11011 &
0$
#18109000
b11101 #
b11101 '
b11101 (
b11100 &
0$
#18110000
b11110 #
b11110 '
b11110 (
b11101 &
0$
#18111000
b11111 #
b11111 '
b11111 (
b11110 &
0$
#18112000
b0 #
b0 '
b0 (
b11111 &
0$
#18113000
b1 #
b1 '
b1 (
b0 &
0$
#18114000
b10 #
b10 '
b10 (
b1 &
0$
#18115000
b11 #
b11 '
b11 (
b10 &
0$
#18116000
b100 #
b100 '
b100 (
b11 &
0$
#18117000
b101 #
b101 '
b101 (
b100 &
0$
#18118000
b110 #
b110 '
b110 (
b101 &
0$
#18119000
b111 #
b111 '
b111 (
b110 &
0$
#18120000
b1000 #
b1000 '
b1000 (
b111 &
0$
#18121000
b1001 #
b1001 '
b1001 (
b1000 &
0$
#18122000
b1010 #
b1010 '
b1010 (
b1001 &
0$
#18123000
b1011 #
b1011 '
b1011 (
b1010 &
0$
#18124000
b1100 #
b1100 '
b1100 (
b1011 &
0$
#18125000
b1101 #
b1101 '
b1101 (
b1100 &
0$
#18126000
b1110 #
b1110 '
b1110 (
b1101 &
0$
#18127000
b1111 #
b1111 '
b1111 (
b1110 &
0$
#18128000
b10000 #
b10000 '
b10000 (
b1111 &
0$
#18129000
b10001 #
b10001 '
b10001 (
b10000 &
0$
#18130000
b10010 #
b10010 '
b10010 (
b10001 &
0$
#18131000
b10011 #
b10011 '
b10011 (
b10010 &
0$
#18132000
b10100 #
b10100 '
b10100 (
b10011 &
0$
#18133000
b10101 #
b10101 '
b10101 (
b10100 &
0$
#18134000
b10110 #
b10110 '
b10110 (
b10101 &
0$
#18135000
b10111 #
b10111 '
b10111 (
b10110 &
0$
#18136000
b11000 #
b11000 '
b11000 (
b10111 &
0$
#18137000
b11001 #
b11001 '
b11001 (
b11000 &
0$
#18138000
b11010 #
b11010 '
b11010 (
b11001 &
0$
#18139000
b11011 #
b11011 '
b11011 (
b11010 &
0$
#18140000
b11100 #
b11100 '
b11100 (
b11011 &
0$
#18141000
b11101 #
b11101 '
b11101 (
b11100 &
0$
#18142000
b11110 #
b11110 '
b11110 (
b11101 &
0$
#18143000
b11111 #
b11111 '
b11111 (
b11110 &
0$
#18144000
b0 #
b0 '
b0 (
b11111 &
0$
#18145000
b1 #
b1 '
b1 (
b0 &
0$
#18146000
b10 #
b10 '
b10 (
b1 &
0$
#18147000
b11 #
b11 '
b11 (
b10 &
0$
#18148000
b100 #
b100 '
b100 (
b11 &
0$
#18149000
b101 #
b101 '
b101 (
b100 &
0$
#18150000
b110 #
b110 '
b110 (
b101 &
0$
#18151000
b111 #
b111 '
b111 (
b110 &
0$
#18152000
b1000 #
b1000 '
b1000 (
b111 &
0$
#18153000
b1001 #
b1001 '
b1001 (
b1000 &
0$
#18154000
b1010 #
b1010 '
b1010 (
b1001 &
0$
#18155000
b1011 #
b1011 '
b1011 (
b1010 &
0$
#18156000
b1100 #
b1100 '
b1100 (
b1011 &
0$
#18157000
b1101 #
b1101 '
b1101 (
b1100 &
0$
#18158000
b1110 #
b1110 '
b1110 (
b1101 &
0$
#18159000
b1111 #
b1111 '
b1111 (
b1110 &
0$
#18160000
b10000 #
b10000 '
b10000 (
b1111 &
0$
#18161000
b10001 #
b10001 '
b10001 (
b10000 &
0$
#18162000
b10010 #
b10010 '
b10010 (
b10001 &
0$
#18163000
b10011 #
b10011 '
b10011 (
b10010 &
0$
#18164000
b10100 #
b10100 '
b10100 (
b10011 &
0$
#18165000
b10101 #
b10101 '
b10101 (
b10100 &
0$
#18166000
b10110 #
b10110 '
b10110 (
b10101 &
0$
#18167000
b10111 #
b10111 '
b10111 (
b10110 &
0$
#18168000
b11000 #
b11000 '
b11000 (
b10111 &
0$
#18169000
b11001 #
b11001 '
b11001 (
b11000 &
0$
#18170000
b11010 #
b11010 '
b11010 (
b11001 &
0$
#18171000
b11011 #
b11011 '
b11011 (
b11010 &
0$
#18172000
b11100 #
b11100 '
b11100 (
b11011 &
0$
#18173000
b11101 #
b11101 '
b11101 (
b11100 &
0$
#18174000
b11110 #
b11110 '
b11110 (
b11101 &
0$
#18175000
b11111 #
b11111 '
b11111 (
b11110 &
0$
#18176000
b0 #
b0 '
b0 (
b11111 &
0$
#18177000
b1 #
b1 '
b1 (
b0 &
0$
#18178000
b10 #
b10 '
b10 (
b1 &
0$
#18179000
b11 #
b11 '
b11 (
b10 &
0$
#18180000
b100 #
b100 '
b100 (
b11 &
0$
#18181000
b101 #
b101 '
b101 (
b100 &
0$
#18182000
b110 #
b110 '
b110 (
b101 &
0$
#18183000
b111 #
b111 '
b111 (
b110 &
0$
#18184000
b1000 #
b1000 '
b1000 (
b111 &
0$
#18185000
b1001 #
b1001 '
b1001 (
b1000 &
0$
#18186000
b1010 #
b1010 '
b1010 (
b1001 &
0$
#18187000
b1011 #
b1011 '
b1011 (
b1010 &
0$
#18188000
b1100 #
b1100 '
b1100 (
b1011 &
0$
#18189000
b1101 #
b1101 '
b1101 (
b1100 &
0$
#18190000
b1110 #
b1110 '
b1110 (
b1101 &
0$
#18191000
b1111 #
b1111 '
b1111 (
b1110 &
0$
#18192000
b10000 #
b10000 '
b10000 (
b1111 &
0$
#18193000
b10001 #
b10001 '
b10001 (
b10000 &
0$
#18194000
b10010 #
b10010 '
b10010 (
b10001 &
0$
#18195000
b10011 #
b10011 '
b10011 (
b10010 &
0$
#18196000
b10100 #
b10100 '
b10100 (
b10011 &
0$
#18197000
b10101 #
b10101 '
b10101 (
b10100 &
0$
#18198000
b10110 #
b10110 '
b10110 (
b10101 &
0$
#18199000
b10111 #
b10111 '
b10111 (
b10110 &
0$
#18200000
b11000 #
b11000 '
b11000 (
b10111 &
0$
#18201000
b11001 #
b11001 '
b11001 (
b11000 &
0$
#18202000
b11010 #
b11010 '
b11010 (
b11001 &
0$
#18203000
b11011 #
b11011 '
b11011 (
b11010 &
0$
#18204000
b11100 #
b11100 '
b11100 (
b11011 &
0$
#18205000
b11101 #
b11101 '
b11101 (
b11100 &
0$
#18206000
b11110 #
b11110 '
b11110 (
b11101 &
0$
#18207000
b11111 #
b11111 '
b11111 (
b11110 &
0$
#18208000
b0 #
b0 '
b0 (
b11111 &
0$
#18209000
b1 #
b1 '
b1 (
b0 &
0$
#18210000
b10 #
b10 '
b10 (
b1 &
0$
#18211000
b11 #
b11 '
b11 (
b10 &
0$
#18212000
b100 #
b100 '
b100 (
b11 &
0$
#18213000
b101 #
b101 '
b101 (
b100 &
0$
#18214000
b110 #
b110 '
b110 (
b101 &
0$
#18215000
b111 #
b111 '
b111 (
b110 &
0$
#18216000
b1000 #
b1000 '
b1000 (
b111 &
0$
#18217000
b1001 #
b1001 '
b1001 (
b1000 &
0$
#18218000
b1010 #
b1010 '
b1010 (
b1001 &
0$
#18219000
b1011 #
b1011 '
b1011 (
b1010 &
0$
#18220000
b1100 #
b1100 '
b1100 (
b1011 &
0$
#18221000
b1101 #
b1101 '
b1101 (
b1100 &
0$
#18222000
b1110 #
b1110 '
b1110 (
b1101 &
0$
#18223000
b1111 #
b1111 '
b1111 (
b1110 &
0$
#18224000
b10000 #
b10000 '
b10000 (
b1111 &
0$
#18225000
b10001 #
b10001 '
b10001 (
b10000 &
0$
#18226000
b10010 #
b10010 '
b10010 (
b10001 &
0$
#18227000
b10011 #
b10011 '
b10011 (
b10010 &
0$
#18228000
b10100 #
b10100 '
b10100 (
b10011 &
0$
#18229000
b10101 #
b10101 '
b10101 (
b10100 &
0$
#18230000
b10110 #
b10110 '
b10110 (
b10101 &
0$
#18231000
b10111 #
b10111 '
b10111 (
b10110 &
0$
#18232000
b11000 #
b11000 '
b11000 (
b10111 &
0$
#18233000
b11001 #
b11001 '
b11001 (
b11000 &
0$
#18234000
b11010 #
b11010 '
b11010 (
b11001 &
0$
#18235000
b11011 #
b11011 '
b11011 (
b11010 &
0$
#18236000
b11100 #
b11100 '
b11100 (
b11011 &
0$
#18237000
b11101 #
b11101 '
b11101 (
b11100 &
0$
#18238000
b11110 #
b11110 '
b11110 (
b11101 &
0$
#18239000
b11111 #
b11111 '
b11111 (
b11110 &
0$
#18240000
b0 #
b0 '
b0 (
b11111 &
0$
#18241000
b1 #
b1 '
b1 (
b0 &
0$
#18242000
b10 #
b10 '
b10 (
b1 &
0$
#18243000
b11 #
b11 '
b11 (
b10 &
0$
#18244000
b100 #
b100 '
b100 (
b11 &
0$
#18245000
b101 #
b101 '
b101 (
b100 &
0$
#18246000
b110 #
b110 '
b110 (
b101 &
0$
#18247000
b111 #
b111 '
b111 (
b110 &
0$
#18248000
b1000 #
b1000 '
b1000 (
b111 &
0$
#18249000
b1001 #
b1001 '
b1001 (
b1000 &
0$
#18250000
b1010 #
b1010 '
b1010 (
b1001 &
0$
#18251000
b1011 #
b1011 '
b1011 (
b1010 &
0$
#18252000
b1100 #
b1100 '
b1100 (
b1011 &
0$
#18253000
b1101 #
b1101 '
b1101 (
b1100 &
0$
#18254000
b1110 #
b1110 '
b1110 (
b1101 &
0$
#18255000
b1111 #
b1111 '
b1111 (
b1110 &
0$
#18256000
b10000 #
b10000 '
b10000 (
b1111 &
0$
#18257000
b10001 #
b10001 '
b10001 (
b10000 &
0$
#18258000
b10010 #
b10010 '
b10010 (
b10001 &
0$
#18259000
b10011 #
b10011 '
b10011 (
b10010 &
0$
#18260000
b10100 #
b10100 '
b10100 (
b10011 &
0$
#18261000
b10101 #
b10101 '
b10101 (
b10100 &
0$
#18262000
b10110 #
b10110 '
b10110 (
b10101 &
0$
#18263000
b10111 #
b10111 '
b10111 (
b10110 &
0$
#18264000
b11000 #
b11000 '
b11000 (
b10111 &
0$
#18265000
b11001 #
b11001 '
b11001 (
b11000 &
0$
#18266000
b11010 #
b11010 '
b11010 (
b11001 &
0$
#18267000
b11011 #
b11011 '
b11011 (
b11010 &
0$
#18268000
b11100 #
b11100 '
b11100 (
b11011 &
0$
#18269000
b11101 #
b11101 '
b11101 (
b11100 &
0$
#18270000
b11110 #
b11110 '
b11110 (
b11101 &
0$
#18271000
b11111 #
b11111 '
b11111 (
b11110 &
0$
#18272000
b0 #
b0 '
b0 (
b11111 &
0$
#18273000
b1 #
b1 '
b1 (
b0 &
0$
#18274000
b10 #
b10 '
b10 (
b1 &
0$
#18275000
b11 #
b11 '
b11 (
b10 &
0$
#18276000
b100 #
b100 '
b100 (
b11 &
0$
#18277000
b101 #
b101 '
b101 (
b100 &
0$
#18278000
b110 #
b110 '
b110 (
b101 &
0$
#18279000
b111 #
b111 '
b111 (
b110 &
0$
#18280000
b1000 #
b1000 '
b1000 (
b111 &
0$
#18281000
b1001 #
b1001 '
b1001 (
b1000 &
0$
#18282000
b1010 #
b1010 '
b1010 (
b1001 &
0$
#18283000
b1011 #
b1011 '
b1011 (
b1010 &
0$
#18284000
b1100 #
b1100 '
b1100 (
b1011 &
0$
#18285000
b1101 #
b1101 '
b1101 (
b1100 &
0$
#18286000
b1110 #
b1110 '
b1110 (
b1101 &
0$
#18287000
b1111 #
b1111 '
b1111 (
b1110 &
0$
#18288000
b10000 #
b10000 '
b10000 (
b1111 &
0$
#18289000
b10001 #
b10001 '
b10001 (
b10000 &
0$
#18290000
b10010 #
b10010 '
b10010 (
b10001 &
0$
#18291000
b10011 #
b10011 '
b10011 (
b10010 &
0$
#18292000
b10100 #
b10100 '
b10100 (
b10011 &
0$
#18293000
b10101 #
b10101 '
b10101 (
b10100 &
0$
#18294000
b10110 #
b10110 '
b10110 (
b10101 &
0$
#18295000
b10111 #
b10111 '
b10111 (
b10110 &
0$
#18296000
b11000 #
b11000 '
b11000 (
b10111 &
0$
#18297000
b11001 #
b11001 '
b11001 (
b11000 &
0$
#18298000
b11010 #
b11010 '
b11010 (
b11001 &
0$
#18299000
b11011 #
b11011 '
b11011 (
b11010 &
0$
#18300000
b11100 #
b11100 '
b11100 (
b11011 &
0$
#18301000
b11101 #
b11101 '
b11101 (
b11100 &
0$
#18302000
b11110 #
b11110 '
b11110 (
b11101 &
0$
#18303000
b11111 #
b11111 '
b11111 (
b11110 &
0$
#18304000
b0 #
b0 '
b0 (
b11111 &
0$
#18305000
b1 #
b1 '
b1 (
b0 &
0$
#18306000
b10 #
b10 '
b10 (
b1 &
0$
#18307000
b11 #
b11 '
b11 (
b10 &
0$
#18308000
b100 #
b100 '
b100 (
b11 &
0$
#18309000
b101 #
b101 '
b101 (
b100 &
0$
#18310000
b110 #
b110 '
b110 (
b101 &
0$
#18311000
b111 #
b111 '
b111 (
b110 &
0$
#18312000
b1000 #
b1000 '
b1000 (
b111 &
0$
#18313000
b1001 #
b1001 '
b1001 (
b1000 &
0$
#18314000
b1010 #
b1010 '
b1010 (
b1001 &
0$
#18315000
b1011 #
b1011 '
b1011 (
b1010 &
0$
#18316000
b1100 #
b1100 '
b1100 (
b1011 &
0$
#18317000
b1101 #
b1101 '
b1101 (
b1100 &
0$
#18318000
b1110 #
b1110 '
b1110 (
b1101 &
0$
#18319000
b1111 #
b1111 '
b1111 (
b1110 &
0$
#18320000
b10000 #
b10000 '
b10000 (
b1111 &
0$
#18321000
b10001 #
b10001 '
b10001 (
b10000 &
0$
#18322000
b10010 #
b10010 '
b10010 (
b10001 &
0$
#18323000
b10011 #
b10011 '
b10011 (
b10010 &
0$
#18324000
b10100 #
b10100 '
b10100 (
b10011 &
0$
#18325000
b10101 #
b10101 '
b10101 (
b10100 &
0$
#18326000
b10110 #
b10110 '
b10110 (
b10101 &
0$
#18327000
b10111 #
b10111 '
b10111 (
b10110 &
0$
#18328000
b11000 #
b11000 '
b11000 (
b10111 &
0$
#18329000
b11001 #
b11001 '
b11001 (
b11000 &
0$
#18330000
b11010 #
b11010 '
b11010 (
b11001 &
0$
#18331000
b11011 #
b11011 '
b11011 (
b11010 &
0$
#18332000
b11100 #
b11100 '
b11100 (
b11011 &
0$
#18333000
b11101 #
b11101 '
b11101 (
b11100 &
0$
#18334000
b11110 #
b11110 '
b11110 (
b11101 &
0$
#18335000
b11111 #
b11111 '
b11111 (
b11110 &
0$
#18336000
b0 #
b0 '
b0 (
b11111 &
0$
#18337000
b1 #
b1 '
b1 (
b0 &
0$
#18338000
b10 #
b10 '
b10 (
b1 &
0$
#18339000
b11 #
b11 '
b11 (
b10 &
0$
#18340000
b100 #
b100 '
b100 (
b11 &
0$
#18341000
b101 #
b101 '
b101 (
b100 &
0$
#18342000
b110 #
b110 '
b110 (
b101 &
0$
#18343000
b111 #
b111 '
b111 (
b110 &
0$
#18344000
b1000 #
b1000 '
b1000 (
b111 &
0$
#18345000
b1001 #
b1001 '
b1001 (
b1000 &
0$
#18346000
b1010 #
b1010 '
b1010 (
b1001 &
0$
#18347000
b1011 #
b1011 '
b1011 (
b1010 &
0$
#18348000
b1100 #
b1100 '
b1100 (
b1011 &
0$
#18349000
b1101 #
b1101 '
b1101 (
b1100 &
0$
#18350000
b1110 #
b1110 '
b1110 (
b1101 &
0$
#18351000
b1111 #
b1111 '
b1111 (
b1110 &
0$
#18352000
b10000 #
b10000 '
b10000 (
b1111 &
0$
#18353000
b10001 #
b10001 '
b10001 (
b10000 &
0$
#18354000
b10010 #
b10010 '
b10010 (
b10001 &
0$
#18355000
b10011 #
b10011 '
b10011 (
b10010 &
0$
#18356000
b10100 #
b10100 '
b10100 (
b10011 &
0$
#18357000
b10101 #
b10101 '
b10101 (
b10100 &
0$
#18358000
b10110 #
b10110 '
b10110 (
b10101 &
0$
#18359000
b10111 #
b10111 '
b10111 (
b10110 &
0$
#18360000
b11000 #
b11000 '
b11000 (
b10111 &
0$
#18361000
b11001 #
b11001 '
b11001 (
b11000 &
0$
#18362000
b11010 #
b11010 '
b11010 (
b11001 &
0$
#18363000
b11011 #
b11011 '
b11011 (
b11010 &
0$
#18364000
b11100 #
b11100 '
b11100 (
b11011 &
0$
#18365000
b11101 #
b11101 '
b11101 (
b11100 &
0$
#18366000
b11110 #
b11110 '
b11110 (
b11101 &
0$
#18367000
b11111 #
b11111 '
b11111 (
b11110 &
0$
#18368000
b0 #
b0 '
b0 (
b11111 &
0$
#18369000
b1 #
b1 '
b1 (
b0 &
0$
#18370000
b10 #
b10 '
b10 (
b1 &
0$
#18371000
b11 #
b11 '
b11 (
b10 &
0$
#18372000
b100 #
b100 '
b100 (
b11 &
0$
#18373000
b101 #
b101 '
b101 (
b100 &
0$
#18374000
b110 #
b110 '
b110 (
b101 &
0$
#18375000
b111 #
b111 '
b111 (
b110 &
0$
#18376000
b1000 #
b1000 '
b1000 (
b111 &
0$
#18377000
b1001 #
b1001 '
b1001 (
b1000 &
0$
#18378000
b1010 #
b1010 '
b1010 (
b1001 &
0$
#18379000
b1011 #
b1011 '
b1011 (
b1010 &
0$
#18380000
b1100 #
b1100 '
b1100 (
b1011 &
0$
#18381000
b1101 #
b1101 '
b1101 (
b1100 &
0$
#18382000
b1110 #
b1110 '
b1110 (
b1101 &
0$
#18383000
b1111 #
b1111 '
b1111 (
b1110 &
0$
#18384000
b10000 #
b10000 '
b10000 (
b1111 &
0$
#18385000
b10001 #
b10001 '
b10001 (
b10000 &
0$
#18386000
b10010 #
b10010 '
b10010 (
b10001 &
0$
#18387000
b10011 #
b10011 '
b10011 (
b10010 &
0$
#18388000
b10100 #
b10100 '
b10100 (
b10011 &
0$
#18389000
b10101 #
b10101 '
b10101 (
b10100 &
0$
#18390000
b10110 #
b10110 '
b10110 (
b10101 &
0$
#18391000
b10111 #
b10111 '
b10111 (
b10110 &
0$
#18392000
b11000 #
b11000 '
b11000 (
b10111 &
0$
#18393000
b11001 #
b11001 '
b11001 (
b11000 &
0$
#18394000
b11010 #
b11010 '
b11010 (
b11001 &
0$
#18395000
b11011 #
b11011 '
b11011 (
b11010 &
0$
#18396000
b11100 #
b11100 '
b11100 (
b11011 &
0$
#18397000
b11101 #
b11101 '
b11101 (
b11100 &
0$
#18398000
b11110 #
b11110 '
b11110 (
b11101 &
0$
#18399000
b11111 #
b11111 '
b11111 (
b11110 &
0$
#18400000
b0 #
b0 '
b0 (
b11111 &
0$
#18401000
b1 #
b1 '
b1 (
b0 &
0$
#18402000
b10 #
b10 '
b10 (
b1 &
0$
#18403000
b11 #
b11 '
b11 (
b10 &
0$
#18404000
b100 #
b100 '
b100 (
b11 &
0$
#18405000
b101 #
b101 '
b101 (
b100 &
0$
#18406000
b110 #
b110 '
b110 (
b101 &
0$
#18407000
b111 #
b111 '
b111 (
b110 &
0$
#18408000
b1000 #
b1000 '
b1000 (
b111 &
0$
#18409000
b1001 #
b1001 '
b1001 (
b1000 &
0$
#18410000
b1010 #
b1010 '
b1010 (
b1001 &
0$
#18411000
b1011 #
b1011 '
b1011 (
b1010 &
0$
#18412000
b1100 #
b1100 '
b1100 (
b1011 &
0$
#18413000
b1101 #
b1101 '
b1101 (
b1100 &
0$
#18414000
b1110 #
b1110 '
b1110 (
b1101 &
0$
#18415000
b1111 #
b1111 '
b1111 (
b1110 &
0$
#18416000
b10000 #
b10000 '
b10000 (
b1111 &
0$
#18417000
b10001 #
b10001 '
b10001 (
b10000 &
0$
#18418000
b10010 #
b10010 '
b10010 (
b10001 &
0$
#18419000
b10011 #
b10011 '
b10011 (
b10010 &
0$
#18420000
b10100 #
b10100 '
b10100 (
b10011 &
0$
#18421000
b10101 #
b10101 '
b10101 (
b10100 &
0$
#18422000
b10110 #
b10110 '
b10110 (
b10101 &
0$
#18423000
b10111 #
b10111 '
b10111 (
b10110 &
0$
#18424000
b11000 #
b11000 '
b11000 (
b10111 &
0$
#18425000
b11001 #
b11001 '
b11001 (
b11000 &
0$
#18426000
b11010 #
b11010 '
b11010 (
b11001 &
0$
#18427000
b11011 #
b11011 '
b11011 (
b11010 &
0$
#18428000
b11100 #
b11100 '
b11100 (
b11011 &
0$
#18429000
b11101 #
b11101 '
b11101 (
b11100 &
0$
#18430000
b11110 #
b11110 '
b11110 (
b11101 &
0$
#18431000
b11111 #
b11111 '
b11111 (
b11110 &
0$
#18432000
b0 #
b0 '
b0 (
b11111 &
0$
#18433000
b1 #
b1 '
b1 (
b0 &
0$
#18434000
b10 #
b10 '
b10 (
b1 &
0$
#18435000
b11 #
b11 '
b11 (
b10 &
0$
#18436000
b100 #
b100 '
b100 (
b11 &
0$
#18437000
b101 #
b101 '
b101 (
b100 &
0$
#18438000
b110 #
b110 '
b110 (
b101 &
0$
#18439000
b111 #
b111 '
b111 (
b110 &
0$
#18440000
b1000 #
b1000 '
b1000 (
b111 &
0$
#18441000
b1001 #
b1001 '
b1001 (
b1000 &
0$
#18442000
b1010 #
b1010 '
b1010 (
b1001 &
0$
#18443000
b1011 #
b1011 '
b1011 (
b1010 &
0$
#18444000
b1100 #
b1100 '
b1100 (
b1011 &
0$
#18445000
b1101 #
b1101 '
b1101 (
b1100 &
0$
#18446000
b1110 #
b1110 '
b1110 (
b1101 &
0$
#18447000
b1111 #
b1111 '
b1111 (
b1110 &
0$
#18448000
b10000 #
b10000 '
b10000 (
b1111 &
0$
#18449000
b10001 #
b10001 '
b10001 (
b10000 &
0$
#18450000
b10010 #
b10010 '
b10010 (
b10001 &
0$
#18451000
b10011 #
b10011 '
b10011 (
b10010 &
0$
#18452000
b10100 #
b10100 '
b10100 (
b10011 &
0$
#18453000
b10101 #
b10101 '
b10101 (
b10100 &
0$
#18454000
b10110 #
b10110 '
b10110 (
b10101 &
0$
#18455000
b10111 #
b10111 '
b10111 (
b10110 &
0$
#18456000
b11000 #
b11000 '
b11000 (
b10111 &
0$
#18457000
b11001 #
b11001 '
b11001 (
b11000 &
0$
#18458000
b11010 #
b11010 '
b11010 (
b11001 &
0$
#18459000
b11011 #
b11011 '
b11011 (
b11010 &
0$
#18460000
b11100 #
b11100 '
b11100 (
b11011 &
0$
#18461000
b11101 #
b11101 '
b11101 (
b11100 &
0$
#18462000
b11110 #
b11110 '
b11110 (
b11101 &
0$
#18463000
b11111 #
b11111 '
b11111 (
b11110 &
0$
#18464000
b0 #
b0 '
b0 (
b11111 &
0$
#18465000
b1 #
b1 '
b1 (
b0 &
0$
#18466000
b10 #
b10 '
b10 (
b1 &
0$
#18467000
b11 #
b11 '
b11 (
b10 &
0$
#18468000
b100 #
b100 '
b100 (
b11 &
0$
#18469000
b101 #
b101 '
b101 (
b100 &
0$
#18470000
b110 #
b110 '
b110 (
b101 &
0$
#18471000
b111 #
b111 '
b111 (
b110 &
0$
#18472000
b1000 #
b1000 '
b1000 (
b111 &
0$
#18473000
b1001 #
b1001 '
b1001 (
b1000 &
0$
#18474000
b1010 #
b1010 '
b1010 (
b1001 &
0$
#18475000
b1011 #
b1011 '
b1011 (
b1010 &
0$
#18476000
b1100 #
b1100 '
b1100 (
b1011 &
0$
#18477000
b1101 #
b1101 '
b1101 (
b1100 &
0$
#18478000
b1110 #
b1110 '
b1110 (
b1101 &
0$
#18479000
b1111 #
b1111 '
b1111 (
b1110 &
0$
#18480000
b10000 #
b10000 '
b10000 (
b1111 &
0$
#18481000
b10001 #
b10001 '
b10001 (
b10000 &
0$
#18482000
b10010 #
b10010 '
b10010 (
b10001 &
0$
#18483000
b10011 #
b10011 '
b10011 (
b10010 &
0$
#18484000
b10100 #
b10100 '
b10100 (
b10011 &
0$
#18485000
b10101 #
b10101 '
b10101 (
b10100 &
0$
#18486000
b10110 #
b10110 '
b10110 (
b10101 &
0$
#18487000
b10111 #
b10111 '
b10111 (
b10110 &
0$
#18488000
b11000 #
b11000 '
b11000 (
b10111 &
0$
#18489000
b11001 #
b11001 '
b11001 (
b11000 &
0$
#18490000
b11010 #
b11010 '
b11010 (
b11001 &
0$
#18491000
b11011 #
b11011 '
b11011 (
b11010 &
0$
#18492000
b11100 #
b11100 '
b11100 (
b11011 &
0$
#18493000
b11101 #
b11101 '
b11101 (
b11100 &
0$
#18494000
b11110 #
b11110 '
b11110 (
b11101 &
0$
#18495000
b11111 #
b11111 '
b11111 (
b11110 &
0$
#18496000
b0 #
b0 '
b0 (
b11111 &
0$
#18497000
b1 #
b1 '
b1 (
b0 &
0$
#18498000
b10 #
b10 '
b10 (
b1 &
0$
#18499000
